Accreditation code,Power station name,State,Installed capacity,Postcode,Fuel source(s),Accreditation start date,Suspension status,Baseline (MWh),Comment,_query,latitude,longitude,geocode_status,formatted_address
SRPXQLG5,Varsity Views - Solar w SGU - QLD,QLD,0.2109,4227,Solar,18/12/2024,Unsuspended,0,,"Varsity Views - Solar w SGU - QLD, QLD, 4227, Australia",-28.0761361,153.4134383,OK,"12 Lake St, Varsity Lakes QLD 4227, Australia"
SRPYNS51,NNSWLHD-Byron Central Hospital - Solar - NSW,NSW,0.7203,2481,Solar,12/12/2024,Unsuspended,0,,"NNSWLHD-Byron Central Hospital - Solar - NSW, NSW, 2481, Australia",-28.6373653,153.5558978,OK,"54 Ewingsdale Rd, Ewingsdale NSW 2481, Australia"
SRPXQLG2,Springwood Terrace Care Community - Solar w SGU - QLD,QLD,0.189,4127,Solar,10/12/2024,Unsuspended,0,,"Springwood Terrace Care Community - Solar w SGU - QLD, QLD, 4127, Australia",-27.6096216,153.1337625,OK,"266 Parfrey Rd, Springwood QLD 4127, Australia"
SRPYNS45,Bunnings Bennetts Green - Solar - NSW,NSW,0.28,2290,Solar,3/12/2024,Unsuspended,0,,"Bunnings Bennetts Green - Solar - NSW, NSW, 2290, Australia",-32.9971536,151.6849801,OK,"20 Pacific Hwy, Bennetts Green NSW 2290, Australia"
SRPYNS46,Tuggerah Home MSB1 254kW - Solar - NSW,NSW,0.254,2259,Solar,2/12/2024,Unsuspended,0,,"Tuggerah Home MSB1 254kW - Solar - NSW, NSW, 2259, Australia",-33.3095544,151.4211499,OK,"Bryant Drive & Wyong Road, Tuggerah NSW 2259, Australia"
SRPYNS47,Tuggerah Home MSB2 245.5kW - Solar - NSW,NSW,0.2455,2259,Solar,2/12/2024,Unsuspended,0,,"Tuggerah Home MSB2 245.5kW - Solar - NSW, NSW, 2259, Australia",-33.3095544,151.4211499,OK,"Bryant Drive & Wyong Road, Tuggerah NSW 2259, Australia"
SRPYNS48,Tuggerah Home MSB3 372 kW - Solar - NSW,NSW,0.372,2259,Solar,2/12/2024,Unsuspended,0,,"Tuggerah Home MSB3 372 kW - Solar - NSW, NSW, 2259, Australia",-33.3095544,151.4211499,OK,"Bryant Drive & Wyong Road, Tuggerah NSW 2259, Australia"
SRPYNS43,Bunnings Dubbo - Solar - NSW,NSW,0.36,2830,Solar,29/11/2024,Unsuspended,0,,"Bunnings Dubbo - Solar - NSW, NSW, 2830, Australia",-32.2614785,148.6472272,OK,"Sheraton Rd, Dubbo NSW 2830, Australia"
SRPXVCF1,Haymes Paint - Solar w SGU - VIC,VIC,0.494,3355,Solar,29/11/2024,Unsuspended,0,,"Haymes Paint - Solar w SGU - VIC, VIC, 3355, Australia",-37.5149485,143.807815,OK,"1 Waringa Dr, Mitchell Park VIC 3355, Australia"
SRPXQLA0,Lagoons@Port CTS35761 Port Douglas - SOLAR - QLD,QLD,0.234,4877,Solar,29/11/2024,Unsuspended,0,,"Lagoons@Port CTS35761 Port Douglas - SOLAR - QLD, QLD, 4877, Australia",-16.5015646,145.465476,OK,"Davidson St, Port Douglas QLD 4877, Australia"
SRPVSAY2,Southern Steel Pty - Brice Metal - Solar w SGU - SA,SA,0.1999,5094,Solar,28/11/2024,Unsuspended,0,,"Southern Steel Pty - Brice Metal - Solar w SGU - SA, SA, 5094, Australia",-34.8211661,138.6066481,OK,"522 Cross Keys Rd, Cavan SA 5094, Australia"
SRPXVCE3,Tasman Foods International - Solar  wSGU - VIC,VIC,0.1489,3171,Solar,27/11/2024,Unsuspended,0,,"Tasman Foods International - Solar  wSGU - VIC, VIC, 3171, Australia",-37.9319921,145.1480123,OK,"1663 Centre Rd, Springvale VIC 3171, Australia"
SRPYNS42,Tweed Valley Care Community - Solar w SGU - NSW,NSW,0.1595,2485,Solar,27/11/2024,Unsuspended,0,,"Tweed Valley Care Community - Solar w SGU - NSW, NSW, 2485, Australia",-28.19326,153.5017171,OK,"Carramar Dr, Tweed Heads West NSW 2485, Australia"
SRPVWAM9,Singleton Community Aged Care - Solar w SGU - WA,WA,0.1998,6175,Solar,26/11/2024,Unsuspended,0,,"Singleton Community Aged Care - Solar w SGU - WA, WA, 6175, Australia",-32.4383539,115.754812,OK,"190 Foreshore Dr, Singleton WA 6175, Australia"
SRPYNS40,Inglis (4311292321) - Solar w SGU - NSW,NSW,0.2227,2170,Solar,26/11/2024,Unsuspended,0,,"Inglis (4311292321) - Solar w SGU - NSW, NSW, 2170, Australia",-33.9477825,150.9190988,OK,"Prestons NSW 2170, Australia"
SRPYNS38,Inglis (4311292319) - Solar w SGU - NSW,NSW,0.2227,2170,Solar,22/11/2024,Unsuspended,0,,"Inglis (4311292319) - Solar w SGU - NSW, NSW, 2170, Australia",-33.9477825,150.9190988,OK,"Prestons NSW 2170, Australia"
SRPVSAY0,Redmud Green Energy 188 - Solar - SA,SA,6.8425,5700,Solar,20/11/2024,Unsuspended,0,,"Redmud Green Energy 188 - Solar - SA, SA, 5700, Australia",-25.274398,133.775136,OK,Australia
SRPXNSW8,Coca-Cola Northmead 102 Briens - Solar - NSW,NSW,0.7342,2152,Solar,18/11/2024,Unsuspended,0,,"Coca-Cola Northmead 102 Briens - Solar - NSW, NSW, 2152, Australia",-33.7984722,150.9856258,OK,"128 Briens Rd, Northmead NSW 2152, Australia"
SRPVSAX8,MF Gallipoli Dr - Solar - SA,SA,1.0001,5010,Solar,18/11/2024,Unsuspended,0,,"MF Gallipoli Dr - Solar - SA, SA, 5010, Australia",-34.8512932,138.5740667,OK,"Gallipoli Dr, Ferryden Park SA 5010, Australia"
SRPYNS30,ISPT - Greystanes Industrial Park WH3 - Solar - NSW,NSW,0.2997,2145,Solar,18/11/2024,Unsuspended,0,,"ISPT - Greystanes Industrial Park WH3 - Solar - NSW, NSW, 2145, Australia",-33.8244561,150.9488196,OK,"Greystanes NSW 2145, Australia"
SRPYNS36,Woolworths Mt Annan 1388 - Solar - NSW,NSW,0.3321,2567,Solar,18/11/2024,Unsuspended,0,,"Woolworths Mt Annan 1388 - Solar - NSW, NSW, 2567, Australia",-34.0598824,150.7607157,OK,"Mount Annan NSW 2567, Australia"
SRPYNS27,Woolworths Schofields 1941 - Solar - NSW,NSW,0.3802,2762,Solar,18/11/2024,Unsuspended,0,,"Woolworths Schofields 1941 - Solar - NSW, NSW, 2762, Australia",-33.7015989,150.8734889,OK,"Schofields NSW 2762, Australia"
SRPVWAD6,Woolworths Southern River 4357 - Solar - WA,WA,0.1578,6155,Solar,18/11/2024,Unsuspended,0,,"Woolworths Southern River 4357 - Solar - WA, WA, 6155, Australia",-32.0900442,115.9425683,OK,"393 Warton Rd, Southern River WA 6110, Australia"
SRPYNS35,Big W DC Hoxton Park 190 - Solar - NSW,NSW,1.3276,2171,Solar,18/11/2024,Unsuspended,0,,"Big W DC Hoxton Park 190 - Solar - NSW, NSW, 2171, Australia",-33.9104574,150.8511729,OK,"40 Blackbird Cl, Hoxton Park NSW 2171, Australia"
SRPYNS29,ISPT - Greystanes Industrial Park WH1 - Solar - NSW,NSW,1.0001,2145,Solar,18/11/2024,Unsuspended,0,,"ISPT - Greystanes Industrial Park WH1 - Solar - NSW, NSW, 2145, Australia",-33.8244561,150.9488196,OK,"Greystanes NSW 2145, Australia"
SRPXQL46,MF Millaroo Dr - Solar - QLD,QLD,0.3,4212,Solar,18/11/2024,Unsuspended,0,,"MF Millaroo Dr - Solar - QLD, QLD, 4212, Australia",-27.933094,153.3370473,OK,"Millaroo Dr, Helensvale QLD 4212, Australia"
SRPXVC99,Bunnings Hawthorn - Solar - VIC,VIC,0.2541,3122,Solar,15/11/2024,Unsuspended,0,,"Bunnings Hawthorn - Solar - VIC, VIC, 3122, Australia",-37.8226911,145.0313672,OK,"230 Burwood Rd, Hawthorn VIC 3122, Australia"
SRPVWAM8,Woolworths Midvale 4686 - Solar - WA,WA,0.2245,6056,Solar,14/11/2024,Unsuspended,0,,"Woolworths Midvale 4686 - Solar - WA, WA, 6056, Australia",-31.8860118,116.0334804,OK,"Midvale WA 6056, Australia"
SRPYNS31,Coca-Cola Northmead 128 Briens - Solar - NSW,NSW,3.4413,2152,Solar,14/11/2024,Unsuspended,0,,"Coca-Cola Northmead 128 Briens - Solar - NSW, NSW, 2152, Australia",-33.7984722,150.9856258,OK,"128 Briens Rd, Northmead NSW 2152, Australia"
SRPXVC81,BPW Transpec Pty Ltd - Solar W SGU - VIC,VIC,0.4489,3026,Solar,13/11/2024,Unsuspended,0,,"BPW Transpec Pty Ltd - Solar W SGU - VIC, VIC, 3026, Australia",-37.83120419999999,144.8086939,OK,"1 Cherry Ln, Laverton North VIC 3026, Australia"
SRPXVC33,Minter Magic Iraak - Solar w SGU - VIC,VIC,0.1998,3494,Solar,12/11/2024,Unsuspended,0,,"Minter Magic Iraak - Solar w SGU - VIC, VIC, 3494, Australia",-34.4119394,142.3077203,OK,"45 Hards Ln, Iraak VIC 3494, Australia"
SRPVSAQ6,REDARC Electronics Solar w SGU- SA,SA,0.4293,5160,Solar,8/11/2024,Unsuspended,0,,"REDARC Electronics Solar w SGU- SA, SA, 5160, Australia",-35.1030585,138.508345,OK,"23 Brodie Rd, Lonsdale SA 5160, Australia"
SRPXNSU7,Woolworths CFC Auburn - Solar - NSW,NSW,1.5001,2144,Solar,7/11/2024,Unsuspended,0,,"Woolworths CFC Auburn - Solar - NSW, NSW, 2144, Australia",-33.8499992,151.0406417,OK,"11-13 Percy St, Auburn NSW 2144, Australia"
SRPXNSQ6,Woolworths Yass 1325 - Solar - NSW,NSW,0.2098,2582,Solar,6/11/2024,Unsuspended,0,,"Woolworths Yass 1325 - Solar - NSW, NSW, 2582, Australia",-34.8277755,148.9083038,OK,"Yass NSW 2582, Australia"
SRPXNSE1,HNELHD Armidale - Solar - NSW,NSW,0.4191,2350,Solar,6/11/2024,Unsuspended,0,,"HNELHD Armidale - Solar - NSW, NSW, 2350, Australia",-30.5477245,151.6739926,OK,"347 Dangarsleigh Rd, Armidale NSW 2350, Australia"
SRPXNSO3,PPC Moulding Services - Solar - NSW,NSW,0.8867,2163,Solar,6/11/2024,Unsuspended,0,,"PPC Moulding Services - Solar - NSW, NSW, 2163, Australia",-33.8751345,150.9842211,OK,"25 Miowera Rd, Villawood NSW 2163, Australia"
SRPVQLO4,Toyota Mackay - Solar - QLD,QLD,0.2,4740,Solar,6/11/2024,Unsuspended,0,,"Toyota Mackay - Solar - QLD, QLD, 4740, Australia",-21.146848,149.1742077,OK,"3 Hyne St, Mackay QLD 4740, Australia"
SRPXNSE0,AU875 Moorebank 5 Secombe Pl - Solar w SGU - NSW,NSW,0.2255,2170,Solar,6/11/2024,Unsuspended,0,,"AU875 Moorebank 5 Secombe Pl - Solar w SGU - NSW, NSW, 2170, Australia",-33.9432773,150.9282064,OK,"5 Secombe Pl, Moorebank NSW 2170, Australia"
SRPXNS60,HNELHD Belmont - Solar - NSW,NSW,0.3758,2280,Solar,5/11/2024,Unsuspended,0,,"HNELHD Belmont - Solar - NSW, NSW, 2280, Australia",-32.9212772,151.6913022,OK,"Lookout Rd, New Lambton NSW 2305, Australia"
SRPXNS59,Wynstan - Solar w SGU - NSW,NSW,0.5,2161,Solar,5/11/2024,Unsuspended,0,,"Wynstan - Solar w SGU - NSW, NSW, 2161, Australia",-33.8570185,150.9831038,OK,"Old Guildford NSW 2161, Australia"
SRPXQLE6,SEALY OF AUSTRALIA (BRIS) - SOLAR W SGU -QLD,QLD,0.1997,4076,Solar,1/11/2024,Unsuspended,0,,"SEALY OF AUSTRALIA (BRIS) - SOLAR W SGU -QLD, QLD, 4076, Australia",-27.6001127,152.9320965,OK,"1299 Boundary Rd, Wacol QLD 4076, Australia"
SRPYNS26,AU870 Interchange Pk 27 Interchange - Solar - NSW,NSW,0.572,2766,Solar,31/10/2024,Unsuspended,0,,"AU870 Interchange Pk 27 Interchange - Solar - NSW, NSW, 2766, Australia",-33.8017052,150.8479748,OK,"27 Interchange Dr, Eastern Creek NSW 2766, Australia"
SRPVSAX7,Big W Renmark 564 - Solar - SA,SA,0.1858,5341,Solar,31/10/2024,Unsuspended,0,,"Big W Renmark 564 - Solar - SA, SA, 5341, Australia",-34.178215,140.7444305,OK,"Corner Of Nineteenth and, Twentieth St, Renmark South SA 5341, Australia"
SRPYNS25,Woolworths Kiama 1163 - Solar - NSW,NSW,0.2429,2533,Solar,31/10/2024,Unsuspended,0,,"Woolworths Kiama 1163 - Solar - NSW, NSW, 2533, Australia",-34.6675102,150.8509507,OK,"143 Terralong St, Kiama NSW 2533, Australia"
SRPVSAY4,Lineage Edinburgh Park - Solar - SA,SA,0.864,5111,Solar,31/10/2024,Unsuspended,0,,"Lineage Edinburgh Park - Solar - SA, SA, 5111, Australia",-34.7347471,138.6377006,OK,"134-138 & 140/144 Purling Ave, Edinburgh SA 5111, Australia"
SRPYNS24,Scalabrini Allambie Height - Solar w SGU - NSW,NSW,0.16,2100,Solar,30/10/2024,Unsuspended,0,,"Scalabrini Allambie Height - Solar w SGU - NSW, NSW, 2100, Australia",-33.764899,151.247455,OK,"167 Allambie Rd, Allambie Heights NSW 2100, Australia"
SRPVSAX5,MF Grand Jct Rd - Solar - SA,SA,0.2,5010,Solar,30/10/2024,Unsuspended,0,,"MF Grand Jct Rd - Solar - SA, SA, 5010, Australia",-34.8497227,138.5677811,OK,"Grand Jct Rd, Ferryden Park SA 5010, Australia"
SRPVSAX6,Big W Gawler 558 - Solar - SA,SA,0.1996,5118,Solar,29/10/2024,Unsuspended,0,,"Big W Gawler 558 - Solar - SA, SA, 5118, Australia",-34.5977654,138.7476512,OK,"2 Commercial Ln, Gawler SA 5118, Australia"
SRPXQLF7,Rheinmetall Defence Australia - Solar - QLD,QLD,1.2001,4301,Solar,29/10/2024,Unsuspended,0,,"Rheinmetall Defence Australia - Solar - QLD, QLD, 4301, Australia",-27.5836468,152.8759288,OK,"Gate 4/111 Robert Smith St, Redbank QLD 4301, Australia"
SRPXQLF8,Retail First Fairfield-Solar-QLD,QLD,0.4002,4103,Solar,29/10/2024,Unsuspended,0,,"Retail First Fairfield-Solar-QLD, QLD, 4103, Australia",-27.5090543,153.0260317,OK,"Shop 33/180 Fairfield Rd, Fairfield QLD 4103, Australia"
SRPXQLG0,Woolworths Eli Waters 2725 - Solar - QLD,QLD,0.2093,4655,Solar,29/10/2024,Unsuspended,0,,"Woolworths Eli Waters 2725 - Solar - QLD, QLD, 4655, Australia",-25.2865872,152.8156249,OK,"2 Ibis Blvd, Eli Waters QLD 4655, Australia"
SRPXVCP1,Coles Ocado - Solar - VIC,VIC,2.0007,3029,Solar,28/10/2024,Unsuspended,0,,"Coles Ocado - Solar - VIC, VIC, 3029, Australia",-37.8238752,144.7530048,OK,"442-540 Dohertys Rd, Truganina VIC 3029, Australia"
SRPXQLF5,HomeCo Jindalee - Solar - QLD,QLD,0.186,4074,Solar,28/10/2024,Unsuspended,0,,"HomeCo Jindalee - Solar - QLD, QLD, 4074, Australia",-27.533493,152.948267,OK,"34 Goggs Road &, 168 Sinnamon Rd, Jindalee QLD 4074, Australia"
SRPVWAM7,APA Port Hedland Power Station - Solar Farm - WA,WA,65.5707,6722,Solar,24/10/2024,Unsuspended,0,,"APA Port Hedland Power Station - Solar Farm - WA, WA, 6722, Australia",-20.4280016,118.5502998,OK,"LOT 255 Boodarie Station Access Rd, Boodarie WA 6722, Australia"
SRPXQLF4,HomeCo Marsden Park QLD - Solar - QLD,QLD,0.3984,4132,Solar,23/10/2024,Unsuspended,0,,"HomeCo Marsden Park QLD - Solar - QLD, QLD, 4132, Australia",-27.6790962,153.1162247,OK,"Shop 31/77 Chambers Flat Rd, Marsden QLD 4132, Australia"
SRPXQLF3,Woolworths Burpengary 2655 - Solar - QLD,QLD,0.1858,4505,Solar,23/10/2024,Unsuspended,0,,"Woolworths Burpengary 2655 - Solar - QLD, QLD, 4505, Australia",-27.1615373,152.958072,OK,"Burpengary QLD 4505, Australia"
SRPXQLF2,Woolworths Fernvale 2715 - Solar - QLD,QLD,0.2746,4306,Solar,23/10/2024,Unsuspended,0,,"Woolworths Fernvale 2715 - Solar - QLD, QLD, 4306, Australia",-27.4559347,152.6533617,OK,"Fernvale QLD 4306, Australia"
SRPVSAX4,The Bluff - Solar - SA,SA,0.199,5523,Solar,23/10/2024,Unsuspended,0,,"The Bluff - Solar - SA, SA, 5523, Australia",-35.5915099,138.60386,OK,"Rosetta Head, Encounter Bay SA 5211, Australia"
SRPYNS23,Newton Rd - Solar - NSW,NSW,0.1337,2164,Solar,22/10/2024,Unsuspended,0,,"Newton Rd - Solar - NSW, NSW, 2164, Australia",-33.8383332,150.8869115,OK,"Newton Rd, Wetherill Park NSW 2164, Australia"
SRPYNS22,Goodman DHL Matraville - Solar - NSW,NSW,0.33,2036,Solar,21/10/2024,Unsuspended,0,,"Goodman DHL Matraville - Solar - NSW, NSW, 2036, Australia",-33.9721637,151.232932,OK,"1-3 Millennium Court, Industrial Estate, 33-44 Military Rd, Matraville NSW 2036, Australia"
SRPXNS61,Walla Walla Solar Farm 1 and 2 - Solar - NSW,NSW,353.0186,2659,Solar,21/10/2024,Unsuspended,0,,"Walla Walla Solar Farm 1 and 2 - Solar - NSW, NSW, 2659, Australia",-35.7653718,146.9010824,OK,"Walla Walla NSW 2659, Australia"
SRPYNS21,Bunnings Glendale - Solar - NSW,NSW,0.15,2284,Solar,18/10/2024,Unsuspended,0,,"Bunnings Glendale - Solar - NSW, NSW, 2284, Australia",-32.9438751,151.6252112,OK,"T C Frith Ave, Glendale NSW 2285, Australia"
SRPXVCO9,Bunnings Thomastown - Solar - VIC,VIC,0.17,3074,Solar,18/10/2024,Unsuspended,0,,"Bunnings Thomastown - Solar - VIC, VIC, 3074, Australia",-37.6931834,145.0228046,OK,"11 Dalton Rd, Thomastown VIC 3074, Australia"
SRPXQLF0,AESSEAL 54 Nashos Place 50kW - Solar w SGU - QLD,QLD,0.1496,4076,Solar,17/10/2024,Unsuspended,0,,"AESSEAL 54 Nashos Place 50kW - Solar w SGU - QLD, QLD, 4076, Australia",-27.5820115,152.9419498,OK,"54 Nashos Pl, Wacol QLD 4076, Australia"
SRPXVCO8,Bunnings Craigieburn - Solar - VIC,VIC,0.1965,3064,Solar,16/10/2024,Unsuspended,0,,"Bunnings Craigieburn - Solar - VIC, VIC, 3064, Australia",-37.5821794,144.9419149,OK,"700 Hume Hwy, Craigieburn VIC 3064, Australia"
SRPYNS18,Bunnings Villawood - Solar - NSW,NSW,0.245,2163,Solar,16/10/2024,Unsuspended,0,,"Bunnings Villawood - Solar - NSW, NSW, 2163, Australia",-33.8780852,150.9788106,OK,"Cnr Woodville Rd &, Tangerine St, Villawood NSW 2163, Australia"
SRPVSAX3,Collins Transport Penfield Gardens - Solar w SGU - SA,SA,0.2454,5121,Solar,16/10/2024,Unsuspended,0,,"Collins Transport Penfield Gardens - Solar w SGU - SA, SA, 5121, Australia",-34.6453323,138.6169192,OK,"Penfield Gardens SA 5121, Australia"
SRPYNS19,HomeCo Penrith - Solar - NSW,NSW,0.2604,2750,Solar,16/10/2024,Unsuspended,0,,"HomeCo Penrith - Solar - NSW, NSW, 2750, Australia",-33.765022,150.6815422,OK,"72/82 Mulgoa Rd, Penrith NSW 2750, Australia"
SRPXVCO7,Woolworths Kalkallo 3376 - Solar - VIC,VIC,0.2755,3064,Solar,16/10/2024,Unsuspended,0,,"Woolworths Kalkallo 3376 - Solar - VIC, VIC, 3064, Australia",-37.5294394,144.9595481,OK,"Kalkallo VIC 3064, Australia"
SRPYNS20,Woolworths Kellyville Grove 1659 - Solar - NSW,NSW,0.2116,2155,Solar,16/10/2024,Unsuspended,0,,"Woolworths Kellyville Grove 1659 - Solar - NSW, NSW, 2155, Australia",-33.7189353,150.9538415,OK,"2B Hector Ct, Kellyville NSW 2155, Australia"
SRPXQLE9,Emergent Cold Bidco - Solar - QLD,QLD,2.0534,4170,Solar,16/10/2024,Unsuspended,0,,"Emergent Cold Bidco - Solar - QLD, QLD, 4170, Australia",-27.4620175,153.0750052,OK,"Morningside QLD 4170, Australia"
SRPXVCO6,Origin PPA 88 Sydney Rd Benalla - Solar - VIC,VIC,0.4202,3672,Solar,16/10/2024,Unsuspended,0,,"Origin PPA 88 Sydney Rd Benalla - Solar - VIC, VIC, 3672, Australia",-36.5460061,146.0079295,OK,"88 Sydney Rd, Benalla VIC 3672, Australia"
SRPYNS17,Gate Gourmet - Solar w SGU - NSW,NSW,0.4352,2020,Solar,14/10/2024,Unsuspended,0,,"Gate Gourmet - Solar w SGU - NSW, NSW, 2020, Australia",-31.2532183,146.921099,OK,"New South Wales, Australia"
SRPYNS15,The George Hospital - Solar - NSW,NSW,0.1214,2557,Solar,10/10/2024,Unsuspended,0,,"The George Hospital - Solar - NSW, NSW, 2557, Australia",-34.02365220000001,150.770698,OK,"1A The Hermitage Way, Gregory Hills Dr, Gledswood Hills NSW 2557, Australia"
SRPYNS16,Coles Eastern Creek CDC - Solar - NSW,NSW,3.4495,2766,Solar,10/10/2024,Unsuspended,0,,"Coles Eastern Creek CDC - Solar - NSW, NSW, 2766, Australia",-33.8167419,150.8353271,OK,"10, Roberts Rd, Eastern Creek NSW 2766, Australia"
SRPXQLE3,YOUI - Solar w SGU- QLD,QLD,0.6187,4556,Solar,10/10/2024,Unsuspended,0,,"YOUI - Solar w SGU- QLD, QLD, 4556, Australia",-26.6971583,153.0500809,OK,"Tanawha QLD 4556, Australia"
SRPXQLE7,Mainstream Martyville - Solar - QLD,QLD,0.399,4858,Solar,3/10/2024,Unsuspended,0,,"Mainstream Martyville - Solar - QLD, QLD, 4858, Australia",-17.6208562,146.0368618,OK,"Martyville QLD 4858, Australia"
SRPYNS14,Woolworths Fairy Meadow 1293 - Solar w SGU - NSW,NSW,0.2656,2519,Solar,2/10/2024,Unsuspended,0,,"Woolworths Fairy Meadow 1293 - Solar w SGU - NSW, NSW, 2519, Australia",-34.39403120000001,150.8929307,OK,"Fairy Meadow NSW 2519, Australia"
SRPXQLE2,Albany Creek Shopping Centre - Solar w SGU - QLD,QLD,0.3534,4035,Solar,2/10/2024,Unsuspended,0,,"Albany Creek Shopping Centre - Solar w SGU - QLD, QLD, 4035, Australia",-27.3455088,152.9684103,OK,"Albany Creek QLD 4035, Australia"
WD00QL08,MacIntyre Wind Farm - Wind - QLD,QLD,923.4,4352,Wind,1/10/2024,Unsuspended,0,,"MacIntyre Wind Farm - Wind - QLD, QLD, 4352, Australia",-28.317164,151.537746,OK,"MGMQ+43, Cement Mills QLD 4352, Australia"
SRPXQLD5,IONA-SOLAR w SGU-QLD,QLD,0.5201,4178,Solar,1/10/2024,Unsuspended,0,,"IONA-SOLAR w SGU-QLD, QLD, 4178, Australia",-27.4541841,153.1648091,OK,"W, 232 Preston Rd, Wynnum QLD 4178, Australia"
SRPYNS09,Spring Farm MRF - Solar - NSW,NSW,0.1188,2570,Solar,1/10/2024,Unsuspended,0,,"Spring Farm MRF - Solar - NSW, NSW, 2570, Australia",-34.0703836,150.729412,OK,"Spring Farm NSW 2570, Australia"
SRPYNS12,CHARTER HALL-PC2004-MINTO-SOLAR-W SGU-NSW,NSW,0.2304,2566,Solar,30/09/2024,Unsuspended,0,,"CHARTER HALL-PC2004-MINTO-SOLAR-W SGU-NSW, NSW, 2566, Australia",-34.031726,150.8474521,OK,"Minto NSW 2566, Australia"
SRPYNS11,Singleton Diggers Club - Solar w SGU - NSW,NSW,0.1867,2330,Solar,30/09/2024,Unsuspended,0,,"Singleton Diggers Club - Solar w SGU - NSW, NSW, 2330, Australia",-32.5668175,151.172686,OK,"49 Castlereagh St, Singleton NSW 2330, Australia"
SRPVWAM5,Bunnings Baldivis - Solar -WA,WA,0.4125,6171,Solar,24/09/2024,Unsuspended,0,,"Bunnings Baldivis - Solar -WA, WA, 6171, Australia",-32.3310919,115.8191395,OK,"Corner Baldivis Rd &, Safety Bay Rd, Baldivis WA 6171, Australia"
SRPXVCO4,Mondelez Truganina DC - Solar - VIC,VIC,1.0,3029,Solar,24/09/2024,Unsuspended,0,,"Mondelez Truganina DC - Solar - VIC, VIC, 3029, Australia",-37.8470042,144.7508376,OK,"83 Amherst Dr, Truganina VIC 3029, Australia"
SRPXVCO3,Apex Electricity 2 SCHOLAR DRIVE - Solar w SGU - VIC,VIC,0.406,3083,Solar,23/09/2024,Unsuspended,0,,"Apex Electricity 2 SCHOLAR DRIVE - Solar w SGU - VIC, VIC, 3083, Australia",-37.6853989,145.0729559,OK,"2 Scholar Dr, Bundoora VIC 3083, Australia"
SRPVSAW9,Nicol Carrots Penfield - Solar - SA,SA,0.501,5121,Solar,23/09/2024,Unsuspended,0,,"Nicol Carrots Penfield - Solar - SA, SA, 5121, Australia",-34.6580088,138.6091355,OK,"Taylors Rd, Penfield Gardens SA 5121, Australia"
SRPYNS10,Mandole Orchard - Solar - NSW,NSW,0.1955,2680,Solar,20/09/2024,Unsuspended,0,,"Mandole Orchard - Solar - NSW, NSW, 2680, Australia",-34.394413,145.9358581,OK,"Griffith East NSW 2680, Australia"
SRPXVCO2,CHARTER HALL-MIDWEST 6 FOUNDERS -SOLAR-VIC,VIC,0.3753,3029,Solar,19/09/2024,Unsuspended,0,,"CHARTER HALL-MIDWEST 6 FOUNDERS -SOLAR-VIC, VIC, 3029, Australia",-37.8227348,144.75865,OK,"Truganina VIC 3029, Australia"
WD00VC51,Golden Plains Wind Farm East - Wind - VIC,VIC,756.4,3330,Wind,18/09/2024,Unsuspended,0,,"Golden Plains Wind Farm East - Wind - VIC, VIC, 3330, Australia",-37.9472059,143.7506694,OK,"3Q32+WP, Rokewood VIC 3330, Australia"
SRPXVCF8,Redmud Green Energy 184 Pty Ltd - Solar - VIC,VIC,6.6953,3688,Solar,18/09/2024,Unsuspended,0,,"Redmud Green Energy 184 Pty Ltd - Solar - VIC, VIC, 3688, Australia",-36.9847807,143.3906074,OK,"Victoria, Australia"
SRPYNS07,Overall Forge - Solar -NSW,NSW,0.471,2640,Solar,17/09/2024,Unsuspended,0,,"Overall Forge - Solar -NSW, NSW, 2640, Australia",-36.002135,146.985915,OK,"70 RW Henry Dr, Ettamogah NSW 2640, Australia"
SRPVWAM2,Tropicana-Solar and Wind-WA,WA,48.1348,6431,Solar,16/09/2024,Unsuspended,0,,"Tropicana-Solar and Wind-WA, WA, 6431, Australia",-29.5392065,125.5657862,OK,"Western Australia 6431, Australia"
SRPVSAW8,Woodcroft Town Centre - Solar w SGU - SA,SA,0.5625,5162,Solar,16/09/2024,Unsuspended,0,,"Woodcroft Town Centre - Solar w SGU - SA, SA, 5162, Australia",-35.1036707,138.5546926,OK,"Woodcroft SA 5162, Australia"
SRPXQLD6,Kilcoy Cuisine - Solar - QLD,QLD,1.1554,4551,Solar,13/09/2024,Unsuspended,0,,"Kilcoy Cuisine - Solar - QLD, QLD, 4551, Australia",-26.7914773,153.0633242,OK,"6/14 Fred Chaplin Cct, Corbould Park QLD 4551, Australia"
SRPXQLD7,Mackay South Water Recycling Facility - Solar - QLD,QLD,0.1993,4740,Solar,13/09/2024,Unsuspended,0,,"Mackay South Water Recycling Facility - Solar - QLD, QLD, 4740, Australia",-21.1572567,149.1841875,OK,"South Mackay QLD 4740, Australia"
SRPXVCO1,DHL Mt Atkinson WHB - Solar w SGU -VIC,VIC,0.2001,3029,Solar,13/09/2024,Unsuspended,0,,"DHL Mt Atkinson WHB - Solar w SGU -VIC, VIC, 3029, Australia",-37.7504491,144.7042216,OK,"Mount Atkinson, Truganina VIC 3029, Australia"
SRPXVCO0,DHL Mt Atkinson WHA - Solar w SGU -VIC,VIC,0.2001,3029,Solar,13/09/2024,Unsuspended,0,,"DHL Mt Atkinson WHA - Solar w SGU -VIC, VIC, 3029, Australia",-37.7504491,144.7042216,OK,"Mount Atkinson, Truganina VIC 3029, Australia"
SRPXQLD8,Mackay North Water Recycling Facility - Solar - QLD,QLD,0.1993,4750,Solar,13/09/2024,Unsuspended,0,,"Mackay North Water Recycling Facility - Solar - QLD, QLD, 4750, Australia",-21.0306595,149.1443634,OK,"Bucasia QLD 4750, Australia"
SRPXQLD9,Nebo Road Water Treatment Plant 1 - Solar - QLD,QLD,0.2198,4740,Solar,13/09/2024,Unsuspended,0,,"Nebo Road Water Treatment Plant 1 - Solar - QLD, QLD, 4740, Australia",-21.1554478,149.1649103,OK,"Nebo Rd, Mackay QLD 4740, Australia"
SRPYNS03,Bunnings Minchinbury - Solar - NSW,NSW,0.1628,2770,Solar,11/09/2024,Unsuspended,0,,"Bunnings Minchinbury - Solar - NSW, NSW, 2770, Australia",-33.779441,150.8104188,OK,"Cnr Great Western Hwy &, John Hines Ave, Minchinbury NSW 2770, Australia"
SRPXVCN9,Bunnings Bayswater - Solar - VIC,VIC,0.24,3153,Solar,11/09/2024,Unsuspended,0,,"Bunnings Bayswater - Solar - VIC, VIC, 3153, Australia",-37.8303464,145.2797525,OK,"183/225 Canterbury Rd, Bayswater VIC 3153, Australia"
SRPYNS06,Charter Hall Cospak - Solar w SGU - NSW,NSW,0.5,2566,Solar,11/09/2024,Unsuspended,0,,"Charter Hall Cospak - Solar w SGU - NSW, NSW, 2566, Australia",-34.0317453,150.8493059,OK,"St Andrews NSW 2566, Australia"
SRPYNS04,Hunter Parking and Storage - Solar - NSW,NSW,0.2992,2300,Solar,11/09/2024,Unsuspended,0,,"Hunter Parking and Storage - Solar - NSW, NSW, 2300, Australia",-32.9289018,151.7680038,OK,"291 King St, Newcastle NSW 2300, Australia"
SRPXNSZ9,Bunnings Mittagong - Solar - NSW,NSW,0.27,2575,Solar,9/09/2024,Unsuspended,0,,"Bunnings Mittagong - Solar - NSW, NSW, 2575, Australia",-34.4285864,150.4882176,OK,"Corner Old Hume Highway &, Tyree Pl, Mittagong NSW 2575, Australia"
SRPXNSZ8,Clean Peak Energy - Cessnock - Solar - NSW,NSW,0.4593,2325,Solar,9/09/2024,Unsuspended,0,,"Clean Peak Energy - Cessnock - Solar - NSW, NSW, 2325, Australia",-32.8321587,151.3558797,OK,"Cessnock NSW 2325, Australia"
SRPXVCN7,BB Truss - Solar - VIC,VIC,0.2002,3550,Solar,9/09/2024,Unsuspended,0,,"BB Truss - Solar - VIC, VIC, 3550, Australia",-36.7489929,144.3220214,OK,"Piper Road, East Bendigo VIC 3550, Australia"
SRPXNSZ7,Grong Grong Solar Farm - Solar - NSW,NSW,1.7545,2652,Solar,9/09/2024,Unsuspended,0,,"Grong Grong Solar Farm - Solar - NSW, NSW, 2652, Australia",-34.7229291,146.7459965,OK,"Grong Grong NSW 2652, Australia"
SRPXQLD4,Pimpama Sports Hub - Solar - QLD,QLD,0.8081,4209,Solar,9/09/2024,Unsuspended,0,,"Pimpama Sports Hub - Solar - QLD, QLD, 4209, Australia",-27.8252833,153.2920419,OK,"139 Rifle Range Rd, Pimpama QLD 4209, Australia"
SRPYNS01,Goodman AU183 Oakdale West 2C+2D - Solar - NSW,NSW,0.42,2178,Solar,8/09/2024,Unsuspended,0,,"Goodman AU183 Oakdale West 2C+2D - Solar - NSW, NSW, 2178, Australia",-33.8769426,150.8027952,OK,"Kemps Creek NSW 2178, Australia"
SRPXVCN8,Goodman Port Melbourne Store A1 & A2 - Solar - VIC,VIC,0.4,3207,Solar,8/09/2024,Unsuspended,0,,"Goodman Port Melbourne Store A1 & A2 - Solar - VIC, VIC, 3207, Australia",-37.8244672,144.907711,OK,"310 Lorimer St, Port Melbourne VIC 3207, Australia"
SRPYNS05,AU186 Oakdale West 5A - Solar w SGU- NSW,NSW,0.6505,2178,Solar,8/09/2024,Unsuspended,0,,"AU186 Oakdale West 5A - Solar w SGU- NSW, NSW, 2178, Australia",-33.8769426,150.8027952,OK,"Kemps Creek NSW 2178, Australia"
SRPYNS02,AU723 Goodman Amazon Centennary DC - Solar  w SGU - NSW,NSW,0.41,2170,Solar,8/09/2024,Unsuspended,0,,"AU723 Goodman Amazon Centennary DC - Solar  w SGU - NSW, NSW, 2170, Australia",-33.9477825,150.9190988,OK,"Prestons NSW 2170, Australia"
SRPVWAM3,Jundee - Solar - WA,WA,17.0829,6646,Solar,6/09/2024,Unsuspended,0,,"Jundee - Solar - WA, WA, 6646, Australia",-26.354031,120.632401,OK,"Jundee, Wiluna WA 6646, Australia"
SRPVWAM4,Bellevue Gold - Solar - WA,WA,26.4624,6437,Solar,6/09/2024,Unsuspended,0,,"Bellevue Gold - Solar - WA, WA, 6437, Australia",-27.646838,120.5514399,OK,"Sir Samuel WA 6437, Australia"
SRPXQLA1,Kingaroy Solar Farm - Solar PV - QLD,QLD,53.6894,4610,Solar,4/09/2024,Unsuspended,0,,"Kingaroy Solar Farm - Solar PV - QLD, QLD, 4610, Australia",-26.5370868,151.8903979,OK,"FV7R+55, Kingaroy QLD 4610, Australia"
SRPXNSZ6,Pet Care Kitchen - Solar - NSW,NSW,0.5015,2870,Solar,4/09/2024,Unsuspended,0,,"Pet Care Kitchen - Solar - NSW, NSW, 2870, Australia",-33.1360481,148.1156446,OK,"339 Brolgan Rd, Parkes NSW 2870, Australia"
SRPVSAW0,Redmud Green Energy 192 Pty Ltd - Solar - SA,SA,6.3261,5254,Solar,4/09/2024,Unsuspended,0,,"Redmud Green Energy 192 Pty Ltd - Solar - SA, SA, 5254, Australia",-34.1812186,140.7840005,OK,"Lot 41 Sturt Hwy, Paringa SA 5340, Australia"
SRPXQLD3,Frenchville Sports Club - Solar - QLD,QLD,0.3732,4701,Solar,29/08/2024,Unsuspended,0,,"Frenchville Sports Club - Solar - QLD, QLD, 4701, Australia",-23.3572135,150.5294378,OK,"105 Clifton St, Berserker QLD 4701, Australia"
SRPXNSZ5,ISPT Fletcher Village - Solar w SGU - NSW,NSW,0.1496,2287,Solar,28/08/2024,Unsuspended,0,,"ISPT Fletcher Village - Solar w SGU - NSW, NSW, 2287, Australia",-32.8778054,151.6466235,OK,"Fletcher NSW 2287, Australia"
SRPXNSZ4,ROCKMAN-SOLAR-NSW,NSW,0.249,2164,Solar,27/08/2024,Unsuspended,0,,"ROCKMAN-SOLAR-NSW, NSW, 2164, Australia",-33.840959,150.883208,OK,"8/10 Potter Cl, Wetherill Park NSW 2164, Australia"
SRPXNSZ2,Space Urban 110 Somersby Falls Rd - Solar - NSW,NSW,0.1991,2250,Solar,26/08/2024,Unsuspended,0,,"Space Urban 110 Somersby Falls Rd - Solar - NSW, NSW, 2250, Australia",-33.4095117,151.2801574,OK,"110 Somersby Falls Rd, Somersby NSW 2250, Australia"
SRPXVCN5,Bright Brewery - Solar - VIC,VIC,0.1711,3741,Solar,23/08/2024,Unsuspended,0,,"Bright Brewery - Solar - VIC, VIC, 3741, Australia",-36.726437,146.9618432,OK,"121 Great Alpine Rd, Bright VIC 3741, Australia"
SRPXVCN6,Bunnings Port Melbourne - Solar - VIC,VIC,0.34,3207,Solar,23/08/2024,Unsuspended,0,,"Bunnings Port Melbourne - Solar - VIC, VIC, 3207, Australia",-37.8311324,144.9389338,OK,"501 Williamstown Rd, Port Melbourne VIC 3207, Australia"
SRPXNSZ0,Oran Park EN1 - Solar w SGU - NSW,NSW,0.5465,2570,Solar,22/08/2024,Unsuspended,0,,"Oran Park EN1 - Solar w SGU - NSW, NSW, 2570, Australia",-34.001245,150.739511,OK,"Oran Park NSW 2570, Australia"
SRPXNSZ1,Oran Park EN2 - Solar w SGU - NSW,NSW,0.2754,2570,Solar,22/08/2024,Unsuspended,0,,"Oran Park EN2 - Solar w SGU - NSW, NSW, 2570, Australia",-34.001245,150.739511,OK,"Oran Park NSW 2570, Australia"
SRPXVCN3,Bunnings Pakenham - Solar - VIC,VIC,0.29,3810,Solar,21/08/2024,Unsuspended,0,,"Bunnings Pakenham - Solar - VIC, VIC, 3810, Australia",-38.061174,145.4575346,OK,"855 Princes Hwy, Pakenham VIC 3810, Australia"
SRPXQLD2,DHLS33 Global Forwarding Project Lawson - Solar w SGU - QLD,QLD,0.1701,4008,Solar,21/08/2024,Unsuspended,0,,"DHLS33 Global Forwarding Project Lawson - Solar w SGU - QLD, QLD, 4008, Australia",-27.3858666,153.1207447,OK,"Brisbane Airport QLD 4008, Australia"
SRPXNSG9,Frenchs Forest - Solar w SGU - NSW,NSW,0.2574,2086,Solar,20/08/2024,Unsuspended,0,,"Frenchs Forest - Solar w SGU - NSW, NSW, 2086, Australia",-33.7473073,151.2248157,OK,"Frenchs Forest NSW 2086, Australia"
SRPVAC45,Belconnen Market - Solar w SGU - ACT,ACT,0.5396,2617,Solar,20/08/2024,Unsuspended,0,,"Belconnen Market - Solar w SGU - ACT, ACT, 2617, Australia",-35.2458415,149.0653649,OK,"10 Lathlain St, Belconnen ACT 2617, Australia"
SRPVSAW6,Mannum Solar and BESS - Solar - SA,SA,5.08,5238,Solar,20/08/2024,Unsuspended,0,,"Mannum Solar and BESS - Solar - SA, SA, 5238, Australia",-34.91091230000001,139.3067877,OK,"Mannum SA 5238, Australia"
SRPXNSY5,Redmud Green Energy 149 Pty Ltd - Solar- NSW,NSW,6.357,2341,Solar,19/08/2024,Unsuspended,0,,"Redmud Green Energy 149 Pty Ltd - Solar- NSW, NSW, 2341, Australia",-31.2532183,146.921099,OK,"New South Wales, Australia"
SRPVWAL8,Cunderdin Hybrid PV Solar and BESS - Solar - WA,WA,127.932,6407,Solar,19/08/2024,Unsuspended,0,,"Cunderdin Hybrid PV Solar and BESS - Solar - WA, WA, 6407, Australia",-31.6274639,117.2328498,OK,"Cunderdin WA 6407, Australia"
SRPVWAM1,NSR Porphyry Mine 1 - Solar - WA,WA,4.455,6431,Solar,19/08/2024,Unsuspended,0,,"NSR Porphyry Mine 1 - Solar - WA, WA, 6431, Australia",-29.5392065,125.5657862,OK,"Western Australia 6431, Australia"
SRPVWAM0,Eagle Bay Brewing - Solar WSGU - WA,WA,0.1429,6281,Solar,19/08/2024,Unsuspended,0,,"Eagle Bay Brewing - Solar WSGU - WA, WA, 6281, Australia",-33.5631344,115.0632331,OK,"Eagle Bay WA 6281, Australia"
SRPXQLD1,CSIRO - Pullenvale - Solar - QLD,QLD,0.7608,4069,Solar,15/08/2024,Unsuspended,0,,"CSIRO - Pullenvale - Solar - QLD, QLD, 4069, Australia",-27.5282541,152.9107853,OK,"1 Technology Ct, Pullenvale QLD 4069, Australia"
SRPXQLD0,LOREAL - SOLAR w SGU - QLD,QLD,0.3476,4301,Solar,15/08/2024,Unsuspended,0,,"LOREAL - SOLAR w SGU - QLD, QLD, 4301, Australia",-27.628802,152.8558773,OK,"Collingwood Park QLD 4301, Australia"
SRPXQL36,AU918 Redbank Bapcor - Solar - QLD,QLD,1.7995,4301,Solar,14/08/2024,Unsuspended,0,,"AU918 Redbank Bapcor - Solar - QLD, QLD, 4301, Australia",-27.592329,152.8677969,OK,"15 Northcott Pl, Redbank QLD 4301, Australia"
SRPXNSK2,Coffs Central - Solar w SGU - NSW,NSW,0.3031,2450,Solar,13/08/2024,Unsuspended,0,,"Coffs Central - Solar w SGU - NSW, NSW, 2450, Australia",-30.2936707,153.1075919,OK,"Coffs Central, 61 W High St, Coffs Harbour NSW 2450, Australia"
SRPXNSZ3,Bunnings Tuggerah - Solar - NSW,NSW,0.24,2259,Solar,13/08/2024,Unsuspended,0,,"Bunnings Tuggerah - Solar - NSW, NSW, 2259, Australia",-33.311136,151.4212783,OK,"Corner Bryant Drive &, Wyong Rd, Tuggerah NSW 2259, Australia"
SRPXVCN1,"Taylors Road, Dandenong South - Solar - VIC",VIC,1.5,3175,Solar,9/08/2024,Unsuspended,0,,"Taylors Road, Dandenong South - Solar - VIC, VIC, 3175, Australia",-38.0575209,145.2248661,OK,"Taylors Rd, Dandenong South VIC 3175, Australia"
SRPXVCN2,Frasers IVE - Solar w SGU - VIC,VIC,0.5004,3195,Solar,9/08/2024,Unsuspended,0,,"Frasers IVE - Solar w SGU - VIC, VIC, 3195, Australia",-38.0005492,145.1044805,OK,"Aspendale VIC 3195, Australia"
SRPVWAL9,Region Group Stirlings Central - Solar - WA,WA,0.7588,6530,Solar,8/08/2024,Unsuspended,0,,"Region Group Stirlings Central - Solar - WA, WA, 6530, Australia",-28.7751038,114.6121177,OK,"54 Sanford St, Geraldton WA 6530, Australia"
SRPXVCN0,"Eumemmerring  (Unit 3, 4A, 4B) - Solar w SGU - VIC",VIC,0.9004,3175,Solar,7/08/2024,Unsuspended,0,,"Eumemmerring  (Unit 3, 4A, 4B) - Solar w SGU - VIC, VIC, 3175, Australia",-37.9963814,145.2504506,OK,"Eumemmerring VIC 3177, Australia"
SRPXVCM9,Woolworths Ararat 3164 - Solar - VIC,VIC,0.2374,3377,Solar,6/08/2024,Unsuspended,0,,"Woolworths Ararat 3164 - Solar - VIC, VIC, 3377, Australia",-37.2823768,142.9271515,OK,"3 Ingor St, Ararat VIC 3377, Australia"
WD00NS23,Crookwell 3 Wind Farm - Wind - NSW,NSW,57.6,2580,Wind,5/08/2024,Unsuspended,0,,"Crookwell 3 Wind Farm - Wind - NSW, NSW, 2580, Australia",-34.4579714,149.4702764,OK,"Crookwell NSW 2583, Australia"
SRPXNSY8,Warrawong-Solar-NSW,NSW,0.528,2502,Solar,5/08/2024,Unsuspended,0,,"Warrawong-Solar-NSW, NSW, 2502, Australia",-34.4846129,150.8804891,OK,"Warrawong NSW 2502, Australia"
SRPVSAW1,Agile Energy - CenturiaF&W - 200kW - Solar w SGU - SA,SA,0.1996,5000,Solar,5/08/2024,Unsuspended,0,,"Agile Energy - CenturiaF&W - 200kW - Solar w SGU - SA, SA, 5000, Australia",-34.9328294,138.6038129,OK,"Adelaide SA 5000, Australia"
SRPXQLC5,Agile Energy - Robina35TCD - 157kW - Solar w SGU - QLD,QLD,0.1569,4226,Solar,5/08/2024,Unsuspended,0,,"Agile Energy - Robina35TCD - 157kW - Solar w SGU - QLD, QLD, 4226, Australia",-28.0648601,153.3859379,OK,"Robina QLD 4226, Australia"
SRPXVCM8,Walpole Dairy - Solar wSGU - VIC,VIC,0.1996,3638,Solar,2/08/2024,Unsuspended,0,,"Walpole Dairy - Solar wSGU - VIC, VIC, 3638, Australia",-36.0388917,145.2038278,OK,"Yielima VIC 3638, Australia"
SRPVAC43,BF HUME - SOLAR - ACT,ACT,0.2521,2620,Solar,31/07/2024,Unsuspended,0,,"BF HUME - SOLAR - ACT, ACT, 2620, Australia",-35.3937568,149.1631726,OK,"Hume ACT 2620, Australia"
SRPXNSY9,Rosebery Engine Yards - Solar - NSW,NSW,0.25,2018,Solar,30/07/2024,Unsuspended,0,,"Rosebery Engine Yards - Solar - NSW, NSW, 2018, Australia",-33.9183522,151.2021172,OK,"115/151 Dunning Ave, Rosebery NSW 2018, Australia"
SRPXNSY7,Bunnings Seven Hills - Solar - NSW,NSW,0.37,2147,Solar,29/07/2024,Unsuspended,0,,"Bunnings Seven Hills - Solar - NSW, NSW, 2147, Australia",-33.7666615,150.9569554,OK,"Old Windsor Rd, Seven Hills NSW 2147, Australia"
SRPXVCM7,Caron Labs - Solar W SGU - VIC,VIC,0.1403,3215,Solar,29/07/2024,Unsuspended,0,,"Caron Labs - Solar W SGU - VIC, VIC, 3215, Australia",-38.1227598,144.3449861,OK,"148/150 Victoria St, North Geelong VIC 3215, Australia"
SRPXQLC9,Duckworth St Garbutt - Solar - QLD,QLD,0.424,4814,Solar,29/07/2024,Unsuspended,0,,"Duckworth St Garbutt - Solar - QLD, QLD, 4814, Australia",-19.2716417,146.7599434,OK,"Duckworth St, Garbutt QLD 4814, Australia"
SRPXQLC8,Cronos Steel - Solar w SGU - QLD,QLD,0.174,4131,Solar,26/07/2024,Unsuspended,0,,"Cronos Steel - Solar w SGU - QLD, QLD, 4131, Australia",-27.6620014,153.1278417,OK,"56 Badu Ct, Meadowbrook QLD 4131, Australia"
SRPXNSY6,AGRIGHT GRIFFITH - Solar - NSW,NSW,3.9798,2652,Solar,25/07/2024,Unsuspended,0,,"AGRIGHT GRIFFITH - Solar - NSW, NSW, 2652, Australia",-34.2372992,145.9358581,OK,"Griffith, NSW, Australia"
SRPXNSY4,Al Noori Muslim School - Solar - NSW,NSW,0.7023,2190,Solar,24/07/2024,Unsuspended,0,,"Al Noori Muslim School - Solar - NSW, NSW, 2190, Australia",-33.9117518,151.0504678,OK,"75 Greenacre Rd, Greenacre NSW 2190, Australia"
SRPVWAL6,Yiramalay Studio School-Solar-WA,WA,0.363,6728,Solar,23/07/2024,Unsuspended,0,,"Yiramalay Studio School-Solar-WA, WA, 6728, Australia",-17.7377305,125.3677425,OK,"Fairfield-Leopold Downs Rd, Wunaamin Miliwundi Ranges WA 6728, Australia"
SRPXVC62,Bostocks Creek - Solar - VIC,VIC,6.4116,3260,Solar,23/07/2024,Unsuspended,0,,"Bostocks Creek - Solar - VIC, VIC, 3260, Australia",-38.2959375,143.1154234,OK,"Bostocks Creek VIC 3260, Australia"
SRPXNSY3,Greenhill Mushrooms - Solar w SGU - NSW,NSW,0.2994,2178,Solar,23/07/2024,Unsuspended,0,,"Greenhill Mushrooms - Solar w SGU - NSW, NSW, 2178, Australia",-33.9079971,150.7657318,OK,"290 Ramsay Rd, Kemps Creek NSW 2178, Australia"
SRPXNSY2,AU870 Interchange Park 8 Interchange Dr - Solar w SGU - NSW,NSW,0.4853,2766,Solar,22/07/2024,Unsuspended,0,,"AU870 Interchange Park 8 Interchange Dr - Solar w SGU - NSW, NSW, 2766, Australia",-33.8018006,150.8436994,OK,"Interchange Park, Interchange Dr, Eastern Creek NSW 2766, Australia"
SRPVSAW2,Prince Alfred College - Solar w SGU - SA,SA,0.2,5067,Solar,22/07/2024,Unsuspended,0,,"Prince Alfred College - Solar w SGU - SA, SA, 5067, Australia",-34.9225385,138.61884,OK,"23 Dequetteville Terrace, Kent Town SA 5067, Australia"
SRPXQLC7,CHARTER HALL-WACOL-SOLAR-W SGU-QLD,QLD,0.2335,4076,Solar,21/07/2024,Unsuspended,0,,"CHARTER HALL-WACOL-SOLAR-W SGU-QLD, QLD, 4076, Australia",-27.5786368,152.9264759,OK,"Darra QLD 4076, Australia"
SRPXNSF0,Rapid Plus - Solar w SGU - NSW,NSW,0.8775,2340,Solar,19/07/2024,Unsuspended,0,,"Rapid Plus - Solar w SGU - NSW, NSW, 2340, Australia",-31.2814691,151.0471355,OK,"New South Wales 2340, Australia"
SRPXVC97,Newstead Solar Farm - Solar - VIC,VIC,2.841,3462,Solar,19/07/2024,Unsuspended,0,,"Newstead Solar Farm - Solar - VIC, VIC, 3462, Australia",-37.1094702,144.0188131,OK,"71 Captains Gully Rd, Newstead VIC 3462, Australia"
SRPXVC98,Brooklyn Depot - Solar - VIC,VIC,1.2495,3012,Solar,17/07/2024,Unsuspended,0,,"Brooklyn Depot - Solar - VIC, VIC, 3012, Australia",-37.8147832,144.8533552,OK,"Shed 11/556 Geelong Rd, Brooklyn VIC 3012, Australia"
SRPVWAL7,FREDERICK IRWIN ANGLICAN SCHOOL - Solar - WA,WA,0.2566,6210,Solar,16/07/2024,Unsuspended,0,,"FREDERICK IRWIN ANGLICAN SCHOOL - Solar - WA, WA, 6210, Australia",-32.5461633,115.7220148,OK,"Falcon WA 6210, Australia"
SRPXQLC6,Wongaburra Society - Solar  - QLD,QLD,0.3581,4285,Solar,16/07/2024,Unsuspended,0,,"Wongaburra Society - Solar  - QLD, QLD, 4285, Australia",-27.9697124,152.9946861,OK,"210-218 Brisbane St, Beaudesert QLD 4285, Australia"
SRPVSAJ4,NIPPYS 400kW- SOLAR W SGU - SA,SA,0.4998,5332,Solar,16/07/2024,Unsuspended,0,,"NIPPYS 400kW- SOLAR W SGU - SA, SA, 5332, Australia",-34.35170069999999,140.2862819,OK,"Yinkanie SA 5332, Australia"
SRPXQLC2,"Endeavour Blvd, North Lakes - Solar - QLD",QLD,0.2705,4509,Solar,12/07/2024,Unsuspended,0,,"Endeavour Blvd, North Lakes - Solar - QLD, QLD, 4509, Australia",-27.2321771,153.0097661,OK,"Endeavour Blvd, North Lakes QLD 4509, Australia"
SRPXQLC3,Morayfield Super Centre - Solar w SGU - QLD,QLD,0.1991,4506,Solar,12/07/2024,Unsuspended,0,,"Morayfield Super Centre - Solar w SGU - QLD, QLD, 4506, Australia",-27.117362,152.9516749,OK,"312 Morayfield Rd, Morayfield QLD 4506, Australia"
SRPVWAJ9,Lakelands Shopping Centre - Solar - WA,WA,0.2994,6180,Solar,11/07/2024,Unsuspended,0,,"Lakelands Shopping Centre - Solar - WA, WA, 6180, Australia",-32.4707219,115.7604282,OK,"49 Mandurah Rd, Lakelands WA 6180, Australia"
SRPXNSA5,Barooga Sports Club - Solar w SGU - NSW,NSW,0.3021,3644,Solar,10/07/2024,Unsuspended,0,,"Barooga Sports Club - Solar w SGU - NSW, NSW, 3644, Australia",-35.9075675,145.6951142,OK,"Barooga NSW 3644, Australia"
SRPVWAB5,Karratha Depot - Solar PV - WA,WA,0.189,6714,Solar,10/07/2024,Unsuspended,0,,"Karratha Depot - Solar PV - WA, WA, 6714, Australia",-20.7336955,116.8447057,OK,"Karratha WA 6714, Australia"
SRPXVC49,METCASH - SOLAR - VIC,VIC,2.7007,3024,Solar,10/07/2024,Unsuspended,0,,"METCASH - SOLAR - VIC, VIC, 3024, Australia",-37.8706337,144.5875645,OK,"Mambourin VIC 3024, Australia"
SRPXNS85,Narromine Renewable Energy Project - Solar - NSW,NSW,6.7399,2821,Solar,10/07/2024,Unsuspended,0,,"Narromine Renewable Energy Project - Solar - NSW, NSW, 2821, Australia",-32.2328429,148.2394429,OK,"Narromine NSW 2821, Australia"
SRPVSAJ5,Agile Energy RFSA - 250kW Solar - SA,SA,0.251,5084,Solar,10/07/2024,Unsuspended,0,,"Agile Energy RFSA - 250kW Solar - SA, SA, 5084, Australia",-25.274398,133.775136,OK,Australia
SRPXQLB9,Capestone Blvd & Napier - Solar w SGU - QLD,QLD,0.5203,4509,Solar,8/07/2024,Unsuspended,0,,"Capestone Blvd & Napier - Solar w SGU - QLD, QLD, 4509, Australia",-27.2314585,153.0360174,OK,"Capestone Blvd, Mango Hill QLD 4509, Australia"
SRPXQLC1,Collinsville Water Treatment Plant - Solar - QLD,QLD,0.2527,4804,Solar,8/07/2024,Unsuspended,0,,"Collinsville Water Treatment Plant - Solar - QLD, QLD, 4804, Australia",-20.5530632,147.8442539,OK,"Collinsville QLD 4804, Australia"
SRPXQLC0,Harbourside Woree - Solar w SGU - QLD,QLD,0.1461,4868,Solar,8/07/2024,Unsuspended,0,,"Harbourside Woree - Solar w SGU - QLD, QLD, 4868, Australia",-16.9501191,145.7521961,OK,"1 Ponzo St, Woree QLD 4868, Australia"
SRPVNSZ9,Sydney Lambs Pty Ltd - Solar w SGU - NSW,NSW,0.1596,2140,Solar,4/07/2024,Unsuspended,0,,"Sydney Lambs Pty Ltd - Solar w SGU - NSW, NSW, 2140, Australia",-33.851676,151.053481,OK,"128 Bombay St, Lidcombe NSW 2141, Australia"
SRPXNS43,Schwartz Family Solar farm No 2 - Solar - NSW,NSW,6.552,2325,Solar,3/07/2024,Unsuspended,0,,"Schwartz Family Solar farm No 2 - Solar - NSW, NSW, 2325, Australia",-32.9380528,151.1869325,OK,"Aberdare NSW 2325, Australia"
SRPXNS05,Opal Cove Korora - Solar w SGU - NSW,NSW,0.2387,2450,Solar,2/07/2024,Unsuspended,0,,"Opal Cove Korora - Solar w SGU - NSW, NSW, 2450, Australia",-30.252445,153.1392322,OK,"Opal Blvd, Korora NSW 2450, Australia"
WD00VC49,Ryan Corner Wind Farm - Wind - Vic,VIC,218.4,3284,Wind,1/07/2024,Unsuspended,0,,"Ryan Corner Wind Farm - Wind - Vic, VIC, 3284, Australia",-38.2711563,142.1400299,OK,"Hamilton-Port Fairy Rd, Orford VIC 3284, Australia"
SRPVQLY4,Macgregor Home Centre - Solar _ PV w/SGU - QLD,QLD,0.5374,4109,Solar,28/06/2024,Unsuspended,0,,"Macgregor Home Centre - Solar _ PV w/SGU - QLD, QLD, 4109, Australia",-27.5627517,153.0701751,OK,"555 Kessels Rd, MacGregor QLD 4109, Australia"
SRPXNSY0,CHARTER HALL-ROOTYHILL 1-SOLAR-W SGU-NSW,NSW,0.2497,2766,Solar,26/06/2024,Unsuspended,0,,"CHARTER HALL-ROOTYHILL 1-SOLAR-W SGU-NSW, NSW, 2766, Australia",-33.7715246,150.843841,OK,"Rooty Hill NSW 2766, Australia"
SRPXNSY1,CHARTER HALL-ROOTYHILL 2-SOLAR-W SGU-NSW,NSW,0.2502,2766,Solar,26/06/2024,Unsuspended,0,,"CHARTER HALL-ROOTYHILL 2-SOLAR-W SGU-NSW, NSW, 2766, Australia",-33.7715246,150.843841,OK,"Rooty Hill NSW 2766, Australia"
SRPXVC48,Glass Expansion - Solar - VIC,VIC,0.3001,3207,Solar,26/06/2024,Unsuspended,0,,"Glass Expansion - Solar - VIC, VIC, 3207, Australia",-37.82235319999999,144.9190808,OK,"6 Central Blvd, Port Melbourne VIC 3207, Australia"
SRPVNSY2,Gosford Hospital - Solar -  NSW,NSW,1.2006,2250,Solar,25/06/2024,Unsuspended,0,,"Gosford Hospital - Solar -  NSW, NSW, 2250, Australia",-33.4201791,151.339506,OK,"75 Holden St, Gosford NSW 2250, Australia"
SRPXVCM4,Girgarre Solar Farm - Solar - VIC,VIC,93.4853,3624,Solar,25/06/2024,Unsuspended,0,,"Girgarre Solar Farm - Solar - VIC, VIC, 3624, Australia",-36.426125,144.922155,OK,"Morrissey Rd, Stanhope VIC 3623, Australia"
SRPVNST2,CSR Gyprock Wetherill Park - Solar - NSW,NSW,2.0017,2164,Solar,24/06/2024,Unsuspended,0,,"CSR Gyprock Wetherill Park - Solar - NSW, NSW, 2164, Australia",-33.844945,150.9025145,OK,"376 Victoria St, Wetherill Park NSW 2164, Australia"
SRPXQLB8,Ashmore Shopping Centre - Solar w SGU - QLD,QLD,0.3998,4214,Solar,21/06/2024,Unsuspended,0,,"Ashmore Shopping Centre - Solar w SGU - QLD, QLD, 4214, Australia",-27.9786528,153.3804098,OK,"Ashmore Shopping Centre, 206 Currumburra Rd, Ashmore QLD 4214, Australia"
SRPVWAB6,Woolworths Clarkson 4431 - Solar - WA,WA,0.4122,6030,Solar,20/06/2024,Unsuspended,0,,"Woolworths Clarkson 4431 - Solar - WA, WA, 6030, Australia",-31.6897363,115.7193865,OK,"Clarkson WA 6030, Australia"
SRPVVCU7,7 CALLISTER - SOLAR w SGU - VIC,VIC,0.1525,3064,Solar,20/06/2024,Unsuspended,0,,"7 CALLISTER - SOLAR w SGU - VIC, VIC, 3064, Australia",-37.58332230000001,144.9489841,OK,"7 Callister Place, Craigieburn VIC 3064, Australia"
SRPXVC47,7A CALLISTER - SOLAR w SGU - VIC,VIC,0.4171,3064,Solar,20/06/2024,Unsuspended,0,,"7A CALLISTER - SOLAR w SGU - VIC, VIC, 3064, Australia",-37.58332230000001,144.9489841,OK,"7A Callister Place, Craigieburn VIC 3064, Australia"
SRPVVCU5,Lenne's Orchards Coolstore Armona - Solar w SGU - VIC,VIC,0.1892,3629,Solar,20/06/2024,Unsuspended,0,,"Lenne's Orchards Coolstore Armona - Solar w SGU - VIC, VIC, 3629, Australia",-36.29767470000001,145.2922335,OK,"Mooroopna VIC 3629, Australia"
SRPVVCS9,Bunnings Vermont South - Solar - VIC,VIC,0.185,3133,Solar,19/06/2024,Unsuspended,0,,"Bunnings Vermont South - Solar - VIC, VIC, 3133, Australia",-37.8601364,145.1970184,OK,"606-634 Burwood Hwy, Vermont South VIC 3133, Australia"
SRPVQLV3,Strathpine Shopping Square - Solar - QLD,QLD,0.4221,4500,Solar,18/06/2024,Unsuspended,0,,"Strathpine Shopping Square - Solar - QLD, QLD, 4500, Australia",-27.3016114,152.988406,OK,"Strathpine QLD 4500, Australia"
SRPXNSX9,SANDVIK ORANGE - SOLAR - NSW,NSW,0.1496,2800,Solar,14/06/2024,Unsuspended,0,,"SANDVIK ORANGE - SOLAR - NSW, NSW, 2800, Australia",-33.2491357,149.1111922,OK,"28 Strathgrove Way, Orange NSW 2800, Australia"
WD00VC50,Hawkesdale Wind Farm - Wind - Vic,VIC,96.6,3287,Wind,13/06/2024,Unsuspended,0,,"Hawkesdale Wind Farm - Wind - Vic, VIC, 3287, Australia",-38.148008,142.360925,OK,"780 Woolsthorpe-Heywood Rd, Warrong VIC 3283, Australia"
SRPXQLB6,Maryborough Community Aged Care - Solar w SGU - QLD,QLD,0.1998,4650,Solar,12/06/2024,Unsuspended,0,,"Maryborough Community Aged Care - Solar w SGU - QLD, QLD, 4650, Australia",-25.5593929,152.6695556,OK,"15 Iindah Rd, Tinana QLD 4650, Australia"
SRPXNSX8,Dural Baptist Church - Solar - NSW,NSW,0.2416,2158,Solar,12/06/2024,Unsuspended,0,,"Dural Baptist Church - Solar - NSW, NSW, 2158, Australia",-33.695986,151.030291,OK,"Dural NSW 2158, Australia"
SRPXNSX1,Clean Peak Energy - Huntingwood- Solar - NSW,NSW,4.0104,2148,Solar,11/06/2024,Unsuspended,0,,"Clean Peak Energy - Huntingwood- Solar - NSW, NSW, 2148, Australia",-33.7973065,150.8767386,OK,"Huntingwood NSW 2148, Australia"
SRPVWAL3,Waikiki - Solar - WA,WA,0.1996,6169,Solar,11/06/2024,Unsuspended,0,,"Waikiki - Solar - WA, WA, 6169, Australia",-32.3155133,115.7530128,OK,"Waikiki WA 6169, Australia"
SRPVWAL4,PAMS Newman - Solar - WA,WA,0.1508,6753,Solar,10/06/2024,Unsuspended,0,,"PAMS Newman - Solar - WA, WA, 6753, Australia",-23.3554675,119.7354992,OK,"Puntukurnu Aboriginal Medical Service, PAMS Newman Clinic, 65 Mindarra Dr, Newman WA 6753, Australia"
SRPXVCM5,Manningham Civic Centre - Solar wSGU - VIC,VIC,0.205,3108,Solar,7/06/2024,Unsuspended,0,,"Manningham Civic Centre - Solar wSGU - VIC, VIC, 3108, Australia",-37.7863119,145.1326091,OK,"1/699 Doncaster Rd, Doncaster VIC 3108, Australia"
SRPXVCM6,Melbourne Gateway Facility - Solar - VIC,VIC,0.1996,3045,Solar,7/06/2024,Unsuspended,0,,"Melbourne Gateway Facility - Solar - VIC, VIC, 3045, Australia",-37.6792647,144.8537086,OK,"13/25 Apac Dr, Melbourne Airport VIC 3045, Australia"
SRPXNSX7,Goodman AU184 Oakdale West EBOS 3C2 - Solar w SGU - NSW,NSW,0.5,2178,Solar,6/06/2024,Unsuspended,0,,"Goodman AU184 Oakdale West EBOS 3C2 - Solar w SGU - NSW, NSW, 2178, Australia",-33.8769426,150.8027952,OK,"Kemps Creek NSW 2178, Australia"
SRPXQLB5,Southport Sharks - Solar w SGU - QLD,QLD,0.3319,4215,Solar,5/06/2024,Unsuspended,0,,"Southport Sharks - Solar w SGU - QLD, QLD, 4215, Australia",-27.9556399,153.384824,OK,"Corner Olsen and, Musgrave Ave, Southport QLD 4215, Australia"
SRPVTA24,Foreshore Hotel - 195.8kW - Solar w SGU - TAS,TAS,0.1958,7021,Solar,4/06/2024,Unsuspended,0,,"Foreshore Hotel - 195.8kW - Solar w SGU - TAS, TAS, 7021, Australia",-42.9077936,147.4826042,OK,"464 S Arm Rd, Lauderdale TAS 7021, Australia"
SRPXNSX5,NSW Ports Enfield H2 Rooftop - Solar - NSW,NSW,0.3387,2136,Solar,4/06/2024,Unsuspended,0,,"NSW Ports Enfield H2 Rooftop - Solar - NSW, NSW, 2136, Australia",-33.889399,151.0953174,OK,"Enfield NSW 2136, Australia"
SRPXNSX4,Collins Transport Eastern Creek - Solar - NSW,NSW,0.4388,2766,Solar,3/06/2024,Unsuspended,0,,"Collins Transport Eastern Creek - Solar - NSW, NSW, 2766, Australia",-33.8058804,150.8375662,OK,"31 Honeycomb Dr, Eastern Creek NSW 2766, Australia"
SRPXQLB4,National Cricket Centre - Solar wSGU - Qld,QLD,0.2851,4010,Solar,3/06/2024,Unsuspended,0,,"National Cricket Centre - Solar wSGU - Qld, QLD, 4010, Australia",-27.4355417,153.0446917,OK,"20 Greg Chappell St, Albion QLD 4010, Australia"
SRPVSAV0,DiMauro Group Parabanks Shopping Centre - Solar- SA,SA,0.85,5108,Solar,3/06/2024,Unsuspended,0,,"DiMauro Group Parabanks Shopping Centre - Solar- SA, SA, 5108, Australia",-34.7608311,138.6464905,OK,"68-84 John St, Salisbury SA 5108, Australia"
SRPXNSX3,Bishop Druitt College - Solar W/SGU - NSW,NSW,0.2108,2450,Solar,3/06/2024,Unsuspended,0,,"Bishop Druitt College - Solar W/SGU - NSW, NSW, 2450, Australia",-30.3075875,153.0856416,OK,"111 N Boambee Rd, North Boambee Valley NSW 2450, Australia"
SRPXQLB3,CCA Richlands 2 - Solar w SGU- QLD,QLD,0.2332,4077,Solar,31/05/2024,Unsuspended,0,,"CCA Richlands 2 - Solar w SGU- QLD, QLD, 4077, Australia",-27.5873137,152.9504558,OK,"260 Orchard Rd, Richlands QLD 4077, Australia"
SRPXNSX2,200B-Solar-NSW,NSW,0.251,2200,Solar,31/05/2024,Unsuspended,0,,"200B-Solar-NSW, NSW, 2200, Australia",-33.9200458,151.0296696,OK,"Mount Lewis NSW 2200, Australia"
SRPXQLA9,HERTZ AIRPORT (BRIS) - SOLAR - QLD,QLD,0.293,4008,Solar,29/05/2024,Unsuspended,0,,"HERTZ AIRPORT (BRIS) - SOLAR - QLD, QLD, 4008, Australia",-27.3861886,153.1192254,OK,"Airport Dr, Brisbane Airport QLD 4007, Australia"
SRPXQL31,Minnippi Quarter - Solar w SGU - QLD,QLD,0.199,4152,Solar,29/05/2024,Unsuspended,0,,"Minnippi Quarter - Solar w SGU - QLD, QLD, 4152, Australia",-27.4883248,153.1103588,OK,"193 Fursden Rd, Carina QLD 4152, Australia"
SRPXVCK0,Sun Spot 3 Pty Ltd - Solar - Vic,VIC,90.099,3635,Solar,28/05/2024,Unsuspended,0,,"Sun Spot 3 Pty Ltd - Solar - Vic, VIC, 3635, Australia",-36.1592629,145.3364703,OK,"Mundoona VIC 3635, Australia"
SRPXNSX0,Woolworths Glendale 1172 - Solar - NSW,NSW,0.4784,2285,Solar,27/05/2024,Unsuspended,0,,"Woolworths Glendale 1172 - Solar - NSW, NSW, 2285, Australia",-32.9262651,151.6508142,OK,"Glendale NSW 2285, Australia"
SRPVSAV9,Taminga Phase 1- Solar - SA,SA,0.5454,5010,Solar,24/05/2024,Unsuspended,0,,"Taminga Phase 1- Solar - SA, SA, 5010, Australia",-34.8601354,138.5710437,OK,"Taminga St, Regency Park SA 5010, Australia"
SRPXNSW9,Menangle Race Club - Solar w SGU - NSW,NSW,0.1908,2563,Solar,23/05/2024,Unsuspended,0,,"Menangle Race Club - Solar w SGU - NSW, NSW, 2563, Australia",-34.1028697,150.7504879,OK,"Menangle Park NSW 2563, Australia"
SRPXVCM3,BEVCHAIN - SOLAR w SGU - VIC,VIC,0.934,3026,Solar,22/05/2024,Unsuspended,0,,"BEVCHAIN - SOLAR w SGU - VIC, VIC, 3026, Australia",-37.8472003,144.7600319,OK,"Banfield Ct, Laverton North VIC 3026, Australia"
SRPXNSW6,Uniting Alroy House - Solar w SGU - NSW,NSW,0.1997,2330,Solar,20/05/2024,Unsuspended,0,,"Uniting Alroy House - Solar w SGU - NSW, NSW, 2330, Australia",-32.5479137,151.1673116,OK,"128 Blaxland Ave, Singleton NSW 2330, Australia"
SRPXVCM2,RK & JR GORDON - Solar - VIC,VIC,0.102,3568,Solar,20/05/2024,Unsuspended,0,,"RK & JR GORDON - Solar - VIC, VIC, 3568, Australia",-37.5807368,144.1039794,OK,"Gordon VIC 3345, Australia"
SRPXVCM1,Dexus Nike - Solar W SGU - VIC,VIC,1.0,3023,Solar,19/05/2024,Unsuspended,0,,"Dexus Nike - Solar W SGU - VIC, VIC, 3023, Australia",-37.7687064,144.7521888,OK,"Burnside VIC 3023, Australia"
SRPXQLB2,Murrumba Downs - Solar wSGU - QLD,QLD,0.35,4503,Solar,18/05/2024,Unsuspended,0,,"Murrumba Downs - Solar wSGU - QLD, QLD, 4503, Australia",-27.267116,153.009033,OK,"Murrumba Downs QLD 4503, Australia"
SRPVWAL2,Region Group Kalamunda - Solar - WA,WA,0.6902,6076,Solar,17/05/2024,Unsuspended,0,,"Region Group Kalamunda - Solar - WA, WA, 6076, Australia",-31.9890697,115.9801466,OK,"7 Wharton Rd, Kewdale WA 6105, Australia"
SRPXNSA4,Agile Energy - Calvary Muswellbrook - 180kW Solar w SGU- NSW,NSW,0.18,2333,Solar,17/05/2024,Unsuspended,0,,"Agile Energy - Calvary Muswellbrook - 180kW Solar w SGU- NSW, NSW, 2333, Australia",-32.2633254,150.8888405,OK,"Muswellbrook NSW 2333, Australia"
SRPVWAL1,Kathleen Valley Power Station - Solar - WA,WA,17.0829,6437,Solar,17/05/2024,Unsuspended,0,,"Kathleen Valley Power Station - Solar - WA, WA, 6437, Australia",-27.4847149,120.5451601,OK,"Sir Samuel WA 6437, Australia"
WD00WA28,Kathleen Valley Power Station - Wind - WA,WA,30.0,6437,Wind,17/05/2024,Unsuspended,0,,"Kathleen Valley Power Station - Wind - WA, WA, 6437, Australia",-27.4847149,120.5451601,OK,"Sir Samuel WA 6437, Australia"
SRPXNSW4,EAST CESSNOCK BOWLING CLUB - Solar w SGU - NSW,NSW,0.1997,2325,Solar,15/05/2024,Unsuspended,0,,"EAST CESSNOCK BOWLING CLUB - Solar w SGU - NSW, NSW, 2325, Australia",-32.8309367,151.3613677,OK,"Neath St, Cessnock NSW 2325, Australia"
SRPXNSW5,Woolworths Ashfield North 1813 - Solar - NSW,NSW,0.3514,2131,Solar,14/05/2024,Unsuspended,0,,"Woolworths Ashfield North 1813 - Solar - NSW, NSW, 2131, Australia",-33.8811992,151.1314678,OK,"202 Parramatta Rd, Ashfield NSW 2131, Australia"
SRPXNSW2,Signature Care Tamworth Community Aged Care - Solar W SGU - NSW,NSW,0.2,2340,Solar,13/05/2024,Unsuspended,0,,"Signature Care Tamworth Community Aged Care - Solar W SGU - NSW, NSW, 2340, Australia",-31.1284622,150.9218603,OK,"30-40 The Ringers Rd, Hillvue NSW 2340, Australia"
SRPXNSW3,FWLHD Broken Hill Hospital - Solar - NSW,NSW,0.7497,2880,Solar,13/05/2024,Unsuspended,0,,"FWLHD Broken Hill Hospital - Solar - NSW, NSW, 2880, Australia",-31.9475641,141.4556064,OK,"176 Thomas St, Broken Hill NSW 2880, Australia"
SRPXVCL9,MEL8 - SOLAR - VIC,VIC,1.1384,3064,Solar,9/05/2024,Unsuspended,0,,"MEL8 - SOLAR - VIC, VIC, 3064, Australia",-37.5845253,144.9478067,OK,"Amaroo Rd, Craigieburn VIC 3064, Australia"
SRPXQLB0,Thunderbox - Solar - QLD,QLD,0.2106,4132,Solar,9/05/2024,Unsuspended,0,,"Thunderbox - Solar - QLD, QLD, 4132, Australia",-27.6748447,153.0755157,OK,"17 Calcium Ct, Crestmead QLD 4132, Australia"
SRPXQL92,St Andrews Ipswich Private Hospital-Solar-QLD,QLD,0.2448,4305,Solar,8/05/2024,Unsuspended,0,,"St Andrews Ipswich Private Hospital-Solar-QLD, QLD, 4305, Australia",-27.6188827,152.7633083,OK,"12 Roderick St, Ipswich QLD 4305, Australia"
SRPXNSW1,BOX HILL SHOPPING CENTRER - 624.68 kW Solar w SGU - NSW,NSW,0.6247,2765,Solar,8/05/2024,Unsuspended,0,,"BOX HILL SHOPPING CENTRER - 624.68 kW Solar w SGU - NSW, NSW, 2765, Australia",-33.646267,150.9006313,OK,"Box Hill NSW 2765, Australia"
SRPXNSW0,Newington College - Solar w SGU - NSW,NSW,0.2508,2048,Solar,7/05/2024,Unsuspended,0,,"Newington College - Solar w SGU - NSW, NSW, 2048, Australia",-33.8980016,151.1631472,OK,"200 Stanmore Rd, Stanmore NSW 2048, Australia"
SRPVSAV8,Wingfield Asphalt Plant - Solar w SGU - SA,SA,0.1398,5013,Solar,2/05/2024,Unsuspended,0,,"Wingfield Asphalt Plant - Solar w SGU - SA, SA, 5013, Australia",-34.8413535,138.54613,OK,"Wingfield SA 5013, Australia"
SRPXVCL8,Bunnings Traralgon - Solar - VIC,VIC,0.17,3844,Solar,1/05/2024,Unsuspended,0,,"Bunnings Traralgon - Solar - VIC, VIC, 3844, Australia",-38.1919142,146.5606711,OK,"191-193 Argyle St, Traralgon VIC 3844, Australia"
SRPXNSV7,Bunnings Campbelltown - Solar - NSW,NSW,0.46,2560,Solar,1/05/2024,Unsuspended,0,,"Bunnings Campbelltown - Solar - NSW, NSW, 2560, Australia",-34.0638462,150.8088243,OK,"Cnr Blaxland Rd &, Farrow Rd, Blair Athol NSW 2560, Australia"
SRPXNSV9,Bunnings North Penrith - Solar - NSW,NSW,0.28,2750,Solar,1/05/2024,Unsuspended,0,,"Bunnings North Penrith - Solar - NSW, NSW, 2750, Australia",-33.7439249,150.6899808,OK,"2166 Castlereagh Rd, Penrith NSW 2750, Australia"
SRPXNSV8,Bunnings Kembla Grange - Solar - NSW,NSW,0.48,2526,Solar,1/05/2024,Unsuspended,0,,"Bunnings Kembla Grange - Solar - NSW, NSW, 2526, Australia",-34.4699859,150.8284454,OK,"640 Northcliffe Dr, Kembla Grange NSW 2526, Australia"
SRPXVCL6,Mt Zero WTP 96021 - Solar w SGU - VIC,VIC,0.2897,3401,Solar,24/04/2024,Unsuspended,0,,"Mt Zero WTP 96021 - Solar w SGU - VIC, VIC, 3401, Australia",-36.8852778,142.3694444,OK,"Mount Zero, Laharum VIC 3401, Australia"
SRPXVCL5,Ouyen Rural WPS 96018 - Solar w SGU - VIC,VIC,0.1997,3490,Solar,24/04/2024,Unsuspended,0,,"Ouyen Rural WPS 96018 - Solar w SGU - VIC, VIC, 3490, Australia",-35.0725808,142.3187749,OK,"Ouyen VIC 3490, Australia"
SRPXVCL7,Jalna Feedlot - Solar w SGU - VIC,VIC,0.243,3213,Solar,24/04/2024,Unsuspended,0,,"Jalna Feedlot - Solar w SGU - VIC, VIC, 3213, Australia",-37.9862665,144.2762436,OK,"Anakie VIC 3213, Australia"
SRPVWAK8,North Star Junction - Solar - WA,WA,117.2701,6721,Solar,24/04/2024,Unsuspended,0,,"North Star Junction - Solar - WA, WA, 6721, Australia",-20.8780141,118.5797981,OK,"Port Hedland WA 6721, Australia"
SRPVWAK1,Alsco - Solar - WA,WA,0.2145,6155,Solar,24/04/2024,Unsuspended,0,,"Alsco - Solar - WA, WA, 6155, Australia",-32.0658477,115.9228242,OK,"33-37 Canvale Rd, Canning Vale WA 6155, Australia"
SRPXNSV6,Borthistle Rd Gunnedah - Solar w SGU - NSW,NSW,0.2001,2380,Solar,23/04/2024,Unsuspended,0,,"Borthistle Rd Gunnedah - Solar w SGU - NSW, NSW, 2380, Australia",-30.9767293,150.2310357,OK,"Borthistle Rd, Gunnedah NSW 2380, Australia"
SRPXQLA8,Linfox Willawong - Solar - QLD,QLD,0.7515,4110,Solar,22/04/2024,Unsuspended,0,,"Linfox Willawong - Solar - QLD, QLD, 4110, Australia",-27.594427,153.0047886,OK,"Willawong QLD 4110, Australia"
SRPXNSU5,Anderson Dr Beresfield - Solar w SGU - NSW,NSW,0.166,2322,Solar,22/04/2024,Unsuspended,0,,"Anderson Dr Beresfield - Solar w SGU - NSW, NSW, 2322, Australia",-32.8004694,151.6464208,OK,"Anderson Dr, Beresfield NSW 2322, Australia"
SRPXNSV4,Woolworths Kellyville 1347 - Solar - NSW,NSW,0.3997,2155,Solar,18/04/2024,Unsuspended,0,,"Woolworths Kellyville 1347 - Solar - NSW, NSW, 2155, Australia",-33.7111451,150.9550731,OK,"Kellyville NSW 2155, Australia"
SRPXNSV5,Homart Pharmaceuticals - Rydalmere - Solar w SGU - NSW,NSW,0.3916,2116,Solar,17/04/2024,Unsuspended,0,,"Homart Pharmaceuticals - Rydalmere - Solar w SGU - NSW, NSW, 2116, Australia",-33.8089543,151.0512533,OK,"59 Kirby St, Rydalmere NSW 2116, Australia"
SRPXNSV3,GME Winston Hills - Solar w SGU - NSW,NSW,0.6001,2153,Solar,17/04/2024,Unsuspended,0,,"GME Winston Hills - Solar w SGU - NSW, NSW, 2153, Australia",-33.7679061,150.9604492,OK,"17 Gibbon Rd, Winston Hills NSW 2153, Australia"
SRPXNSV2,Uniplas Wetherill Park - Solar w SGU - NSW,NSW,0.299,2164,Solar,16/04/2024,Unsuspended,0,,"Uniplas Wetherill Park - Solar w SGU - NSW, NSW, 2164, Australia",-33.8392189,150.904076,OK,"3/5 Wenban Pl, Wetherill Park NSW 2164, Australia"
HYMITA12,Cumberland Hydro Project - Mini Hydro - TAS,TAS,1.5787,7469,Hydro,16/04/2024,Unsuspended,0,,"Cumberland Hydro Project - Mini Hydro - TAS, TAS, 7469, Australia",-41.9147711,145.1811766,OK,"Zeehan TAS 7469, Australia"
SRPXNSV0,139 Hughes Street - Solar - NSW,NSW,0.2926,3644,Solar,15/04/2024,Unsuspended,0,,"139 Hughes Street - Solar - NSW, NSW, 3644, Australia",-35.9134018,145.7074404,OK,"139 Hughes St, Barooga NSW 3644, Australia"
SRPXNSV1,Nepean Hospital - Solar - NSW,NSW,0.52,2747,Solar,15/04/2024,Unsuspended,0,,"Nepean Hospital - Solar - NSW, NSW, 2747, Australia",-33.7592973,150.7137103,OK,"Somerset St, Kingswood NSW 2747, Australia"
SRPXNSU9,WARRIGAL CARE SHELL COVE - Solar w/SGU - NSW,NSW,0.1995,2529,Solar,15/04/2024,Unsuspended,0,,"WARRIGAL CARE SHELL COVE - Solar w/SGU - NSW, NSW, 2529, Australia",-34.5852355,150.862725,OK,"50 Harbour Blvd, Shell Cove NSW 2529, Australia"
SRPXQLA7,Woolworths Mossman 2769 - Solar - QLD,QLD,0.3413,4873,Solar,12/04/2024,Unsuspended,0,,"Woolworths Mossman 2769 - Solar - QLD, QLD, 4873, Australia",-16.4592372,145.3737953,OK,"Mossman QLD 4873, Australia"
SRPXNSU8,Woolworths DC Moorebank NDC - Solar - NSW,NSW,1.7802,2170,Solar,12/04/2024,Unsuspended,0,,"Woolworths DC Moorebank NDC - Solar - NSW, NSW, 2170, Australia",-33.9330536,150.9495524,OK,"32-40 Stockton Ave, Moorebank NSW 2170, Australia"
SRPXVCJ8,HOA - Solar w SGU - VIC,VIC,0.2001,3170,Solar,12/04/2024,Unsuspended,0,,"HOA - Solar w SGU - VIC, VIC, 3170, Australia",-37.9267579,145.1762197,OK,"Waverley Gardens VIC 3170, Australia"
SRPXQLA6,Caloundra Village - Solar - QLD,QLD,0.15,4551,Solar,11/04/2024,Unsuspended,0,,"Caloundra Village - Solar - QLD, QLD, 4551, Australia",-26.8043999,153.1254643,OK,"Caloundra QLD 4551, Australia"
SRPXVCL3,Dingley Village Hotel - Solar - VIC,VIC,0.1991,3172,Solar,10/04/2024,Unsuspended,0,,"Dingley Village Hotel - Solar - VIC, VIC, 3172, Australia",-37.9757588,145.1226002,OK,"Dingley Village VIC 3172, Australia"
SRPXVCL4,OLERS - Resource - Solar - VIC,VIC,0.8443,3026,Solar,10/04/2024,Unsuspended,0,,"OLERS - Resource - Solar - VIC, VIC, 3026, Australia",-37.8294185,144.7796581,OK,"Derrimut VIC 3026, Australia"
SRPXQLA5,AU157 - 33 Goodman Pl - Solar - QLD,QLD,0.9731,4172,Solar,9/04/2024,Unsuspended,0,,"AU157 - 33 Goodman Pl - Solar - QLD, QLD, 4172, Australia",-27.4616381,153.1133746,OK,"33 Goodman Pl, Murarrie QLD 4172, Australia"
SRPVWAK9,Advantage - Solar - WA,WA,0.4998,6155,Solar,8/04/2024,Unsuspended,0,,"Advantage - Solar - WA, WA, 6155, Australia",-31.9890697,115.9801466,OK,"7 Wharton Rd, Kewdale WA 6105, Australia"
SRPXVCL1,Rowville Terminal Station - Solar - VIC,VIC,1.1248,3178,Solar,8/04/2024,Unsuspended,0,,"Rowville Terminal Station - Solar - VIC, VIC, 3178, Australia",-37.941119,145.2366052,OK,"Police Rd, Rowville VIC 3178, Australia"
SRPXVCL2,BF PORT MELBOURNE - SOLAR w SGU - VIC,VIC,0.1958,3207,Solar,5/04/2024,Unsuspended,0,,"BF PORT MELBOURNE - SOLAR w SGU - VIC, VIC, 3207, Australia",-37.8315264,144.9226452,OK,"Port Melbourne VIC 3207, Australia"
SRPXQLA2,BF KUNDA PARK - SOLAR w SGU - QLD,QLD,0.2262,4556,Solar,5/04/2024,Unsuspended,0,,"BF KUNDA PARK - SOLAR w SGU - QLD, QLD, 4556, Australia",-26.6622744,153.0351593,OK,"Kunda Park QLD, Australia"
SRPXQLA3,BF YATALA - SOLAR w SGU - QLD,QLD,0.3788,4207,Solar,5/04/2024,Unsuspended,0,,"BF YATALA - SOLAR w SGU - QLD, QLD, 4207, Australia",-27.7508081,153.2174661,OK,"Yatala QLD 4207, Australia"
SRPXQLA4,BF ROCKHAMPTON - SOLAR w SGU - QLD,QLD,0.303,4702,Solar,5/04/2024,Unsuspended,0,,"BF ROCKHAMPTON - SOLAR w SGU - QLD, QLD, 4702, Australia",-23.3786203,150.5088889,OK,"Rockhampton QLD, Australia"
SRPVSAV7,BF GILLMAN - SOLAR w SGU - SA,SA,0.3467,5013,Solar,5/04/2024,Unsuspended,0,,"BF GILLMAN - SOLAR w SGU - SA, SA, 5013, Australia",-34.84037,138.5274611,OK,"Gillman SA 5013, Australia"
SRPVNT79,BF DARWIN - SOLAR - NT,NT,0.252,822,Solar,5/04/2024,Unsuspended,0,,"BF DARWIN - SOLAR - NT, NT, 822, Australia",-12.4637333,130.8444446,OK,"Darwin NT, Australia"
SRPXNSU6,BF WOLLONGONG - SOLAR w SGU - NSW,NSW,0.153,2527,Solar,5/04/2024,Unsuspended,0,,"BF WOLLONGONG - SOLAR w SGU - NSW, NSW, 2527, Australia",-34.5764532,150.7562989,OK,"Calderwood NSW 2527, Australia"
SRPVWAK7,Marketlane Subiaco - Solar  - WA,WA,0.1251,6008,Solar,21/03/2024,Unsuspended,0,,"Marketlane Subiaco - Solar  - WA, WA, 6008, Australia",-31.9470195,115.8240278,OK,"Subiaco WA 6008, Australia"
SRPXVCL0,JCs Quality Foods - Solar wSGU - VIC,VIC,0.1944,3180,Solar,19/03/2024,Unsuspended,0,,"JCs Quality Foods - Solar wSGU - VIC, VIC, 3180, Australia",-36.9847807,143.3906074,OK,"Victoria, Australia"
SRPXNSP7,Wellington North Solar Farm Pty Ltd - Solar - NSW,NSW,425.068,2820,Solar,18/03/2024,Unsuspended,0,,"Wellington North Solar Farm Pty Ltd - Solar - NSW, NSW, 2820, Australia",-32.5510976,148.9409996,OK,"Wellington NSW 2820, Australia"
SRPVWAK6,BF MALAGA - SOLAR w SGU - WA,WA,0.2165,6090,Solar,15/03/2024,Unsuspended,0,,"BF MALAGA - SOLAR w SGU - WA, WA, 6090, Australia",-31.8554761,115.8933973,OK,"Malaga WA 6090, Australia"
SRPXQL97,Ruxdale - Solar w SGU - QLD,QLD,0.2743,4670,Solar,14/03/2024,Unsuspended,0,,"Ruxdale - Solar w SGU - QLD, QLD, 4670, Australia",-24.8822309,152.3593807,OK,"Coonarr QLD 4670, Australia"
SRPXQL98,Blenners Transport TULLY - Solar w SGU - QLD,QLD,0.1995,4854,Solar,14/03/2024,Unsuspended,0,,"Blenners Transport TULLY - Solar w SGU - QLD, QLD, 4854, Australia",-17.9583427,145.9336625,OK,"75 Ann Rd, Tully QLD 4854, Australia"
SRPXQL99,Retail First Sunnybank Plaza-Solar-QLD,QLD,0.7005,4109,Solar,14/03/2024,Unsuspended,0,,"Retail First Sunnybank Plaza-Solar-QLD, QLD, 4109, Australia",-27.5706642,153.0624254,OK,"358 Mains Rd, Sunnybank QLD 4109, Australia"
SRPXNSU3,Rosehill Asphalt Plant - Solar w SGU - NSW,NSW,0.3508,2142,Solar,14/03/2024,Unsuspended,0,,"Rosehill Asphalt Plant - Solar w SGU - NSW, NSW, 2142, Australia",-33.8239653,151.0212029,OK,"Rosehill NSW 2142, Australia"
SRPXNSU2,Galintel Coffs Harbour - Solar w SGU - NSW,NSW,0.4,2450,Solar,13/03/2024,Unsuspended,0,,"Galintel Coffs Harbour - Solar w SGU - NSW, NSW, 2450, Australia",-30.3145904,153.1002571,OK,"45 Wingara Dr, Coffs Harbour NSW 2450, Australia"
SRPVWAK5,Springs SC - Solar - WA,WA,0.2871,6063,Solar,12/03/2024,Unsuspended,0,,"Springs SC - Solar - WA, WA, 6063, Australia",-27.6728168,121.6283098,OK,"Western Australia, Australia"
SRPXVCK7,Goodman Lot 12 Logistics Drive - Solar - VIC,VIC,0.45,3029,Solar,8/03/2024,Unsuspended,0,,"Goodman Lot 12 Logistics Drive - Solar - VIC, VIC, 3029, Australia",-37.8366651,144.7565857,OK,"12 Logistics Dr, Truganina VIC 3029, Australia"
SRPXVCK9,Goodman Nursery Avenue - Solar w SGU - VIC,VIC,0.2,3169,Solar,8/03/2024,Unsuspended,0,,"Goodman Nursery Avenue - Solar w SGU - VIC, VIC, 3169, Australia",-37.9363066,145.1389755,OK,"Nursery Ave, Clayton South VIC 3169, Australia"
SRPXNSU1,Goodman Roberts DC Australia Post - Solar w SGU - NSW,NSW,0.2,2190,Solar,8/03/2024,Unsuspended,0,,"Goodman Roberts DC Australia Post - Solar w SGU - NSW, NSW, 2190, Australia",-33.9030955,151.0653577,OK,"77-79 Roberts Rd, Chullora NSW 2190, Australia"
SRPXVCK6,Goodman IMAG - Solar - VIC,VIC,0.4001,3029,Solar,8/03/2024,Unsuspended,0,,"Goodman IMAG - Solar - VIC, VIC, 3029, Australia",-37.8282806,144.7082568,OK,"Truganina VIC 3029, Australia"
SRPXVCK8,Goodman Port Melbourne Store E - Solar - VIC,VIC,0.25,3207,Solar,8/03/2024,Unsuspended,0,,"Goodman Port Melbourne Store E - Solar - VIC, VIC, 3207, Australia",-37.8244672,144.907711,OK,"310 Lorimer St, Port Melbourne VIC 3207, Australia"
SRPXQL96,Lindsay Australia Mareeba - Solar  - QLD,QLD,0.1478,4880,Solar,6/03/2024,Unsuspended,0,,"Lindsay Australia Mareeba - Solar  - QLD, QLD, 4880, Australia",-16.9973592,145.423065,OK,"Mareeba QLD 4880, Australia"
SRPXNSU0,Lindsay Australia Erskine Park - Solar w SGU - NSW,NSW,0.5351,2759,Solar,6/03/2024,Unsuspended,0,,"Lindsay Australia Erskine Park - Solar w SGU - NSW, NSW, 2759, Australia",-33.8190574,150.8085174,OK,"114 Lockwood Rd, Erskine Park NSW 2059, Australia"
SRPXQL95,Lindsay Australia Acacia Ridge - Solar - QLD,QLD,0.4399,4110,Solar,5/03/2024,Unsuspended,0,,"Lindsay Australia Acacia Ridge - Solar - QLD, QLD, 4110, Australia",-27.5751537,153.0276613,OK,"152 Postle St, Acacia Ridge QLD 4110, Australia"
SRPVWAK4,Australia Post: Perth PDC - Solar - WA,WA,0.8006,6106,Solar,4/03/2024,Unsuspended,0,,"Australia Post: Perth PDC - Solar - WA, WA, 6106, Australia",-31.991505,115.9497562,OK,"Welshpool WA 6106, Australia"
SRPXVCK4,Somerton Pump Station - Solar - VIC,VIC,0.1536,3048,Solar,4/03/2024,Unsuspended,0,,"Somerton Pump Station - Solar - VIC, VIC, 3048, Australia",-37.6539007,144.9226452,OK,"Meadow Heights VIC 3048, Australia"
SRPXNST9,Fresenius Smithfield - Solar w SGU - NSW,NSW,0.2899,2164,Solar,1/03/2024,Unsuspended,0,,"Fresenius Smithfield - Solar w SGU - NSW, NSW, 2164, Australia",-33.8535722,150.9406861,OK,"Smithfield NSW 2164, Australia"
SRPXVCK2,Woolworths Bayswater 3141 - Solar - VIC,VIC,0.2484,3153,Solar,27/02/2024,Unsuspended,0,,"Woolworths Bayswater 3141 - Solar - VIC, VIC, 3153, Australia",-37.8410544,145.2627349,OK,"659 Mountain Hwy, Bayswater VIC 3153, Australia"
SRPXVCK1,Agile Energy CC Docklands 140kW SolarwSGU - VIC,VIC,0.1406,3008,Solar,27/02/2024,Unsuspended,0,,"Agile Energy CC Docklands 140kW SolarwSGU - VIC, VIC, 3008, Australia",-37.82524250000001,144.9436972,OK,"21A/75 Lorimer St, Docklands VIC 3008, Australia"
SRPXQL94,Yeppoon Sewerage Treatment Plant - Solar - QLD,QLD,0.5502,4703,Solar,27/02/2024,Unsuspended,0,,"Yeppoon Sewerage Treatment Plant - Solar - QLD, QLD, 4703, Australia",-23.1335258,150.7374455,OK,"Yeppoon QLD 4703, Australia"
SRPXNST7,Agile Energy - Centuria8Central - 323kW - Solar w SGU - NSW,NSW,0.3232,2015,Solar,27/02/2024,Unsuspended,0,,"Agile Energy - Centuria8Central - 323kW - Solar w SGU - NSW, NSW, 2015, Australia",-31.2532183,146.921099,OK,"New South Wales, Australia"
SRPXNST8,Wideline Newbridge Road - Solar wSGU - NSW,NSW,0.406,2261,Solar,27/02/2024,Unsuspended,0,,"Wideline Newbridge Road - Solar wSGU - NSW, NSW, 2261, Australia",-33.3251556,151.4229243,OK,"Newbridge Rd, Berkeley Vale NSW 2261, Australia"
SRPXQL93,Agile Energy - CromwellWSF158kW Solar wSGU - QLD,QLD,0.1579,4006,Solar,27/02/2024,Unsuspended,0,,"Agile Energy - CromwellWSF158kW Solar wSGU - QLD, QLD, 4006, Australia",-27.4500534,153.0345152,OK,"Bowen Hills QLD 4006, Australia"
SRPXVCJ9,Winneke Water Treatment Plant - Solar - VIC,VIC,9.5395,3775,Solar,26/02/2024,Unsuspended,0,,"Winneke Water Treatment Plant - Solar - VIC, VIC, 3775, Australia",-37.6640663,145.3088684,OK,"585 Ridge Rd, Christmas Hills VIC 3775, Australia"
HYMCVC12,Preston Mini Hydro - VIC,VIC,2.0,3073,Hydro,26/02/2024,Unsuspended,0,,"Preston Mini Hydro - VIC, VIC, 3073, Australia",-37.7118644,145.0107588,OK,"Reservoir VIC 3073, Australia"
SRPXNST5,AMYSON - Solar w SGU - NSW,NSW,0.2001,2164,Solar,24/02/2024,Unsuspended,0,,"AMYSON - Solar w SGU - NSW, NSW, 2164, Australia",-33.8392743,150.9499534,OK,"188 Woodpark Rd, Smithfield NSW 2164, Australia"
SRPXQL89,LAVA BLUE (BRIS) - SOLAR - QLD,QLD,0.1746,4161,Solar,21/02/2024,Unsuspended,0,,"LAVA BLUE (BRIS) - SOLAR - QLD, QLD, 4161, Australia",-27.5266718,153.2456876,OK,"203 MacArthur St, Alexandra Hills QLD 4161, Australia"
SRPVWAK3,Bigbell-Solar-WA,WA,4.2575,6640,Solar,20/02/2024,Unsuspended,0,,"Bigbell-Solar-WA, WA, 6640, Australia",-27.319799,117.644203,OK,"Big Bell, Weld Range WA 6640, Australia"
SRPVTA20,Americold Wivenhoe - Solar w SGU - TAS,TAS,1.1125,7320,Solar,20/02/2024,Unsuspended,0,,"Americold Wivenhoe - Solar w SGU - TAS, TAS, 7320, Australia",-41.0749975,145.9252181,OK,"41-45 River Rd, Wivenhoe TAS 7320, Australia"
SRPXNST6,MUR THAI FOOD CO PTY LTD - Solar w SGU - NSW,NSW,0.1966,2566,Solar,15/02/2024,Unsuspended,0,,"MUR THAI FOOD CO PTY LTD - Solar w SGU - NSW, NSW, 2566, Australia",-34.0280038,150.835769,OK,"3 Holmes Rd, Minto NSW 2566, Australia"
WD00WA27,Moora Energy Windfarm - Wind - WA,WA,3.6,6507,Wind,14/02/2024,Unsuspended,0,,"Moora Energy Windfarm - Wind - WA, WA, 6507, Australia",-30.6410361,116.008009,OK,"Moora WA 6510, Australia"
SRPVSAU1,Xavier College - Solar with SGU - SA,SA,0.2299,5501,Solar,13/02/2024,Unsuspended,0,,"Xavier College - Solar with SGU - SA, SA, 5501, Australia",-30.0002315,136.2091547,OK,"South Australia, Australia"
SRPXVCH0,Greentech 1 Solar Farm & BESS - Solar - VIC,VIC,7.02,3385,Solar,12/02/2024,Unsuspended,0,,"Greentech 1 Solar Farm & BESS - Solar - VIC, VIC, 3385, Australia",-36.9066682,142.6600232,OK,"Deep Lead VIC 3385, Australia"
WD00SA23,Goyder South Wind Farm 1A - Wind - SA,SA,200.982,5417,Wind,11/02/2024,Unsuspended,0,,"Goyder South Wind Farm 1A - Wind - SA, SA, 5417, Australia",-33.6511494,139.1221414,OK,"Goyder, SA, Australia"
SRPXNST1,Cootamundra Solar Farm - Solar - NSW,NSW,5.8386,2590,Solar,8/02/2024,Unsuspended,0,,"Cootamundra Solar Farm - Solar - NSW, NSW, 2590, Australia",-34.6386855,148.0240849,OK,"Cootamundra NSW 2590, Australia"
SRPXNST4,COCHLEAR LANE COVE CARPORT - SOLAR - NSW,NSW,0.4382,2066,Solar,2/02/2024,Unsuspended,0,,"COCHLEAR LANE COVE CARPORT - SOLAR - NSW, NSW, 2066, Australia",-33.8110539,151.1483485,OK,"14 Mars Rd, Lane Cove West NSW 2066, Australia"
SRPXVCH1,Greentech 4 Solar Farm & BESS - Solar - VIC,VIC,7.02,3465,Solar,2/02/2024,Unsuspended,0,,"Greentech 4 Solar Farm & BESS - Solar - VIC, VIC, 3465, Australia",-37.0550295,143.6935405,OK,"Flagstaff VIC 3465, Australia"
SRPXNST2,Bentinck St Bathurst - Solar w SGU- NSW,NSW,0.6011,2795,Solar,30/01/2024,Unsuspended,0,,"Bentinck St Bathurst - Solar w SGU- NSW, NSW, 2795, Australia",-33.423078,149.5774017,OK,"Bentinck St, Bathurst NSW 2795, Australia"
SRPVWAK2,Norseman Renewable Energy Facility - Solar - WA,WA,0.7651,6443,Solar,30/01/2024,Unsuspended,0,,"Norseman Renewable Energy Facility - Solar - WA, WA, 6443, Australia",-32.1976369,121.7789566,OK,"Norseman WA 6443, Australia"
SRPXNSS5,Cooke's Truck Tyre Centre - Solar w SGU - South Nowra - NSW,NSW,0.1795,2541,Solar,29/01/2024,Unsuspended,0,,"Cooke's Truck Tyre Centre - Solar w SGU - South Nowra - NSW, NSW, 2541, Australia",-34.9107894,150.5800628,OK,"18 Norfolk Ave, South Nowra NSW 2541, Australia"
SRPXNST3,"358 Chisholm Rd, Auburn - Solar w SGU - NSW",NSW,0.2042,2144,Solar,29/01/2024,Unsuspended,0,,"358 Chisholm Rd, Auburn - Solar w SGU - NSW, NSW, 2144, Australia",-33.8779197,151.0155291,OK,"358 Chisholm Rd, Auburn NSW 2144, Australia"
SRPXNST0,MWSC Microgrid - Solar - NSW,NSW,0.3514,2647,Solar,25/01/2024,Unsuspended,0,,"MWSC Microgrid - Solar - NSW, NSW, 2647, Australia",-35.9286597,146.0472969,OK,"Mulwala NSW 2647, Australia"
SRPXQL91,Logan Rd Upper Mount Gravatt - Solar - QLD,QLD,0.3461,4122,Solar,24/01/2024,Unsuspended,0,,"Logan Rd Upper Mount Gravatt - Solar - QLD, QLD, 4122, Australia",-27.5571972,153.0802377,OK,"Logan Rd, Upper Mount Gravatt QLD, Australia"
SRPXQL90,Gilston Rd & New St Nerang - Solar - QLD,QLD,0.5041,4211,Solar,24/01/2024,Unsuspended,0,,"Gilston Rd & New St Nerang - Solar - QLD, QLD, 4211, Australia",-28.0002097,153.3371507,OK,"Gilston Rd & New St, Nerang QLD 4211, Australia"
SRPVWAK0,Bluebird-Solar-WA,WA,12.3606,6642,Solar,24/01/2024,Unsuspended,0,,"Bluebird-Solar-WA, WA, 6642, Australia",-27.6728168,121.6283098,OK,"Western Australia, Australia"
SRPXNSR5,SCHO005-Solar-NSW,NSW,0.1202,2762,Solar,23/01/2024,Unsuspended,0,,"SCHO005-Solar-NSW, NSW, 2762, Australia",-33.7044482,150.8667511,OK,"Schofields NSW 2762, Australia"
SRPXNSR8,SCHO006-Solar-NSW,NSW,0.1403,2762,Solar,23/01/2024,Unsuspended,0,,"SCHO006-Solar-NSW, NSW, 2762, Australia",-33.7044482,150.8667511,OK,"Schofields NSW 2762, Australia"
SRPXNSR9,SCHO007-Solar-NSW,NSW,0.1502,2762,Solar,23/01/2024,Unsuspended,0,,"SCHO007-Solar-NSW, NSW, 2762, Australia",-33.7044482,150.8667511,OK,"Schofields NSW 2762, Australia"
SRPXQL88,Grand Plaza - Solar - QLD,QLD,2.3909,4118,Solar,23/01/2024,Unsuspended,0,,"Grand Plaza - Solar - QLD, QLD, 4118, Australia",-27.6619743,153.041076,OK,"27-49 Browns Plains Rd, Browns Plains QLD 4118, Australia"
SRPXNSS9,Signature Care Wagga Wagga Community Aged Care w SGU - Solar - NSW,NSW,0.1998,2650,Solar,22/01/2024,Unsuspended,0,,"Signature Care Wagga Wagga Community Aged Care w SGU - Solar - NSW, NSW, 2650, Australia",-35.12712,147.3496702,OK,"14 College Ave, Turvey Park NSW 2650, Australia"
SRPXQL85,Blue Care Carina - Solar - QLD,QLD,0.3681,4152,Solar,22/01/2024,Unsuspended,0,,"Blue Care Carina - Solar - QLD, QLD, 4152, Australia",-27.4744724,153.0913657,OK,"455 Richmond Rd, Carina QLD 4152, Australia"
SRPXQL87,Blue Care Mt Louisa - Solar w SGU - QLD,QLD,0.3215,4814,Solar,22/01/2024,Unsuspended,0,,"Blue Care Mt Louisa - Solar w SGU - QLD, QLD, 4814, Australia",-19.2704484,146.7464076,OK,"489 Bayswater Rd, Mount Louisa QLD 4814, Australia"
SRPXQL86,Blue Care Redcliffe - Solar w SGU - QLD,QLD,0.2202,4020,Solar,22/01/2024,Unsuspended,0,,"Blue Care Redcliffe - Solar w SGU - QLD, QLD, 4020, Australia",-27.2171518,153.1060212,OK,"Newport QLD 4020, Australia"
SRPXNSS8,CCLHD - Wyong Hospital - Solar - NSW,NSW,0.677,2259,Solar,22/01/2024,Unsuspended,0,,"CCLHD - Wyong Hospital - Solar - NSW, NSW, 2259, Australia",-33.2607499,151.4793016,OK,"Wyong Hospital, 664 Pacific Hwy, Hamlyn Terrace NSW 2259, Australia"
SRPXNSS7,PEPE'S DUCKS HAM ST - SOLAR - NSW,NSW,0.2047,2756,Solar,18/01/2024,Unsuspended,0,,"PEPE'S DUCKS HAM ST - SOLAR - NSW, NSW, 2756, Australia",-33.6222816,150.8092915,OK,"17 Walker St, South Windsor NSW 2756, Australia"
SRPXVCI0,My Muscle Chef - Yennora - Solar w SGU - NSW,NSW,0.5503,2161,Solar,17/01/2024,Unsuspended,0,,"My Muscle Chef - Yennora - Solar w SGU - NSW, NSW, 2161, Australia",-33.8608059,150.9691255,OK,"1 Norrie St, Yennora NSW 2161, Australia"
SRPXNSS6,Narrandera-Solar-NSW,NSW,7.2128,2700,Solar,17/01/2024,Unsuspended,0,,"Narrandera-Solar-NSW, NSW, 2700, Australia",-34.7478672,146.550356,OK,"Narrandera NSW 2700, Australia"
SRPXVCJ5,Dexus Elders - Solar - VIC,VIC,0.35,3023,Solar,17/01/2024,Unsuspended,0,,"Dexus Elders - Solar - VIC, VIC, 3023, Australia",-37.7656943,144.7524498,OK,"36-94 Westwood Dr, Ravenhall VIC 3023, Australia"
SRPXQL84,Woolworths Ayr 2563 - Solar - QLD,QLD,0.2162,4807,Solar,16/01/2024,Unsuspended,0,,"Woolworths Ayr 2563 - Solar - QLD, QLD, 4807, Australia",-19.5744451,147.4066109,OK,"Ayr QLD 4807, Australia"
SRPXVCJ4,Austral Plant Services Dandenong Ext - Solar w SGU - VIC,VIC,0.1797,3175,Solar,16/01/2024,Unsuspended,0,,"Austral Plant Services Dandenong Ext - Solar w SGU - VIC, VIC, 3175, Australia",-37.9847811,145.2139907,OK,"Dandenong VIC 3175, Australia"
SRPXNSS0,Lake Edge Resort- Solar W SGU- NSW,NSW,0.1723,2647,Solar,16/01/2024,Unsuspended,0,,"Lake Edge Resort- Solar W SGU- NSW, NSW, 2647, Australia",-35.9943502,146.0027893,OK,"146 Melbourne St, Mulwala NSW 2647, Australia"
SRPXNSS4,Goodman Amazon Kemps Creek - Solar - NSW,NSW,3.0,2178,Solar,16/01/2024,Unsuspended,0,,"Goodman Amazon Kemps Creek - Solar - NSW, NSW, 2178, Australia",-33.8805637,150.7927925,OK,"Kemps Creek NSW 2178, Australia"
SRPXNSS2,AU865 PortAir Industrial Estate - Solar - NSW,NSW,0.1886,2019,Solar,15/01/2024,Unsuspended,0,,"AU865 PortAir Industrial Estate - Solar - NSW, NSW, 2019, Australia",-33.9598562,151.2206271,OK,"2/12 Beauchamp Rd, Banksmeadow NSW 2019, Australia"
SRPXNSS3,AU870 Interchange Pk 7 Interchange - Solar w SGU - NSW,NSW,0.6343,2766,Solar,15/01/2024,Unsuspended,0,,"AU870 Interchange Pk 7 Interchange - Solar w SGU - NSW, NSW, 2766, Australia",-33.8072744,150.8493059,OK,"Rooty Hill NSW 2766, Australia"
SRPXNSS1,UTS Building A/B - Solar - NSW,NSW,0.5396,2019,Solar,11/01/2024,Unsuspended,0,,"UTS Building A/B - Solar - NSW, NSW, 2019, Australia",-33.8835145,151.1989143,OK,"235 Jones St, Ultimo NSW 2007, Australia"
SRPVSAV4,Watervale Dr Green Fields - Solar w SGU - SA,SA,0.3956,5107,Solar,9/01/2024,Unsuspended,0,,"Watervale Dr Green Fields - Solar w SGU - SA, SA, 5107, Australia",-34.7961794,138.6055092,OK,"Watervale Dr, Green Fields SA 5107, Australia"
SRPXNSR7,Holbeche Rd Arndell Park - Solar w SGU - NSW,NSW,0.2627,2148,Solar,9/01/2024,Unsuspended,0,,"Holbeche Rd Arndell Park - Solar w SGU - NSW, NSW, 2148, Australia",-33.7895279,150.887865,OK,"Holbeche Rd, Arndell Park NSW 2148, Australia"
SRPXVCJ3,Brickworks Rd Bendigo East - Solar - VIC,VIC,0.4747,3550,Solar,9/01/2024,Unsuspended,0,,"Brickworks Rd Bendigo East - Solar - VIC, VIC, 3550, Australia",-36.7484351,144.3033431,OK,"Murphy St, East Bendigo VIC 3550, Australia"
SRPVWAJ6,IKAD Sparks Rd w SGU - Solar - WA,WA,0.363,6166,Solar,4/01/2024,Unsuspended,0,,"IKAD Sparks Rd w SGU - Solar - WA, WA, 6166, Australia",-32.1553515,115.7757011,OK,"Sparks Rd, Henderson WA 6166, Australia"
SRPXNSR6,Interfine Investments Pty Ltd - 384kW - Solar - NSW,NSW,0.384,2086,Solar,22/12/2023,Unsuspended,0,,"Interfine Investments Pty Ltd - 384kW - Solar - NSW, NSW, 2086, Australia",-33.7473073,151.2248157,OK,"Frenchs Forest NSW 2086, Australia"
SRPXVCI9,AU729 Chifley BP 5ChifleyDr - Solar - VIC,VIC,0.2486,3194,Solar,21/12/2023,Unsuspended,0,,"AU729 Chifley BP 5ChifleyDr - Solar - VIC, VIC, 3194, Australia",-37.9746545,145.1064245,OK,"Chifley Dr, Moorabbin Airport VIC 3194, Australia"
SRPXVCJ0,AU729 Chifley BP 3Federation - Solar - VIC,VIC,0.156,3194,Solar,21/12/2023,Unsuspended,0,,"AU729 Chifley BP 3Federation - Solar - VIC, VIC, 3194, Australia",-37.9746545,145.1064245,OK,"Chifley Dr, Moorabbin Airport VIC 3194, Australia"
SRPXNSR4,Sylvan Australia - Solar w SGU - NSW,NSW,0.1807,2753,Solar,21/12/2023,Unsuspended,0,,"Sylvan Australia - Solar w SGU - NSW, NSW, 2753, Australia",-33.6553656,150.7703071,OK,"189 The Northern Rd, Londonderry NSW 2753, Australia"
SRPXQL83,Woolworths Bellmere 2015 - Solar - QLD,QLD,0.2318,4510,Solar,21/12/2023,Unsuspended,0,,"Woolworths Bellmere 2015 - Solar - QLD, QLD, 4510, Australia",-27.089167,152.926667,OK,"Bellmere QLD 4510, Australia"
SRPXQL82,Southern Steel Properties (77 Coulson St) - Solar w SGU - QLD,QLD,0.3003,4076,Solar,20/12/2023,Unsuspended,0,,"Southern Steel Properties (77 Coulson St) - Solar w SGU - QLD, QLD, 4076, Australia",-27.6018685,152.9364693,OK,"77 Coulson St, Wacol QLD 4076, Australia"
SRPXVCI8,Australia Post: Dandenong Letters Centre (DLC) - Solar - VIC,VIC,0.7503,3175,Solar,18/12/2023,Unsuspended,0,,"Australia Post: Dandenong Letters Centre (DLC) - Solar - VIC, VIC, 3175, Australia",-38.012849,145.245452,OK,"120 Nathan Rd, Dandenong South VIC 3175, Australia"
SRPXNSQ2,ROBE SOLAR FARM - Solar - NSW,NSW,2.8426,2650,Solar,18/12/2023,Unsuspended,0,,"ROBE SOLAR FARM - Solar - NSW, NSW, 2650, Australia",-35.283152,147.4174803,OK,"New South Wales 2650, Australia"
SRPVWAJ7,Wesley College South Perth - Solar  - WA,WA,0.5986,6151,Solar,15/12/2023,Unsuspended,0,,"Wesley College South Perth - Solar  - WA, WA, 6151, Australia",-31.9798826,115.8650113,OK,"Coode St &, Angelo St, South Perth WA 6151, Australia"
SRPXNSR3,Interfine Investments Pty Ltd - 416kW - Solar - NSW,NSW,0.416,2086,Solar,14/12/2023,Unsuspended,0,,"Interfine Investments Pty Ltd - 416kW - Solar - NSW, NSW, 2086, Australia",-33.7473073,151.2248157,OK,"Frenchs Forest NSW 2086, Australia"
SRPXNSQ9,Bankstown Courthouse - Solar - NSW,NSW,0.15,2200,Solar,13/12/2023,Unsuspended,0,,"Bankstown Courthouse - Solar - NSW, NSW, 2200, Australia",-33.9164718,151.0339949,OK,"Cnr Chapel Road and The Mall, Bankstown NSW 2200, Australia"
SRPXNSR1,Parramatta Courthouse - Solar - NSW,NSW,0.185,2150,Solar,13/12/2023,Unsuspended,0,,"Parramatta Courthouse - Solar - NSW, NSW, 2150, Australia",-33.8133621,151.0021024,OK,"158 Marsden St, Parramatta NSW 2150, Australia"
SRPXNSR0,Parramatta Children's Court - Solar - NSW,NSW,0.23,2150,Solar,13/12/2023,Unsuspended,0,,"Parramatta Children's Court - Solar - NSW, NSW, 2150, Australia",-33.8126188,151.0008789,OK,"2 George St, Parramatta NSW 2150, Australia"
BEBGQL37,Urban Utilities Luggage Point Cogen - Biogas - QLD,QLD,2.242,4008,Biomass,13/12/2023,Unsuspended,0,,"Urban Utilities Luggage Point Cogen - Biogas - QLD, QLD, 4008, Australia",-27.3810466,153.1472656,OK,"Pinkenba QLD 4008, Australia"
SRPXNSR2,Mount Druitt Courthouse - Solar - NSW,NSW,0.15,2770,Solar,13/12/2023,Unsuspended,0,,"Mount Druitt Courthouse - Solar - NSW, NSW, 2770, Australia",-33.7691548,150.822506,OK,"59 N Parade, Mount Druitt NSW 2770, Australia"
SRPXVCI7,Pumpa Manufacturing - Solar - VIC,VIC,0.1702,3585,Solar,12/12/2023,Unsuspended,0,,"Pumpa Manufacturing - Solar - VIC, VIC, 3585, Australia",-35.3258155,143.5466338,OK,"140 Karinie St, Swan Hill VIC 3585, Australia"
SRPXVCI6,Bayswater Downer Roads - Solar wSGU - VIC,VIC,0.1471,3153,Solar,11/12/2023,Unsuspended,0,,"Bayswater Downer Roads - Solar wSGU - VIC, VIC, 3153, Australia",-37.8426014,145.2704817,OK,"Bayswater VIC 3153, Australia"
SRPVNT78,Expansive Unit Trust - Solar - NT,NT,0.2304,810,Solar,11/12/2023,Unsuspended,0,,"Expansive Unit Trust - Solar - NT, NT, 810, Australia",-19.4914108,132.5509603,OK,"Northern Territory, Australia"
SRPXQL81,Smithfield Sapphire Feedlot - Solar w SGU - QLD,QLD,0.3482,4390,Solar,8/12/2023,Unsuspended,0,,"Smithfield Sapphire Feedlot - Solar w SGU - QLD, QLD, 4390, Australia",-16.8314083,145.6901637,OK,"Smithfield QLD 4878, Australia"
SRPXVCH6,Bendigo Project Solar Farm & BESS - Solar - VIC,VIC,7.02,3557,Solar,8/12/2023,Unsuspended,0,,"Bendigo Project Solar Farm & BESS - Solar - VIC, VIC, 3557, Australia",-36.75961960000001,144.2785764,OK,"Bendigo VIC 3550, Australia"
SRPVAC41,BIG W Canberra Airport 191 - Solar - ACT,ACT,0.1998,2609,Solar,7/12/2023,Unsuspended,0,,"BIG W Canberra Airport 191 - Solar - ACT, ACT, 2609, Australia",-35.2996735,149.191234,OK,"International Airport, 18-26 Spitfire Ave, Canberra ACT 2609, Australia"
SRPXVCH3,Greentech 8 Solar Farm & BESS - Solar - VIC,VIC,6.513,3570,Solar,5/12/2023,Unsuspended,0,,"Greentech 8 Solar Farm & BESS - Solar - VIC, VIC, 3570, Australia",-36.469814,144.3904526,OK,"Auchmore VIC 3570, Australia"
SRPXNSQ7,Charter Hall Eastern Creek-Solar-NSW,NSW,2.0001,2766,Solar,4/12/2023,Unsuspended,0,,"Charter Hall Eastern Creek-Solar-NSW, NSW, 2766, Australia",-33.8102184,150.85064,OK,"Eastern Creek NSW 2766, Australia"
SRPVTA23,Bell Bay Solar Project - Solar - TAS,TAS,8.5152,7253,Solar,4/12/2023,Unsuspended,0,,"Bell Bay Solar Project - Solar - TAS, TAS, 7253, Australia",-41.1306121,146.8674313,OK,"Bell Bay TAS 7253, Australia"
SRPVSAV6,Redmud Green Energy 173 Pty Ltd - Solar - SA,SA,6.3568,5554,Solar,4/12/2023,Unsuspended,0,,"Redmud Green Energy 173 Pty Ltd - Solar - SA, SA, 5554, Australia",-34.1812186,140.7840005,OK,"Lot 41 Sturt Hwy, Paringa SA 5340, Australia"
SRPXNSQ8,Big W Parkes 133 - Solar - NSW,NSW,0.1996,2870,Solar,4/12/2023,Unsuspended,0,,"Big W Parkes 133 - Solar - NSW, NSW, 2870, Australia",-33.1376336,148.1759053,OK,"Currajong St, Parkes NSW 2870, Australia"
SRPVNT77,BARKLY HOMESTEAD- OFFGRID-SOLAR-NT,NT,0.45,862,Solar,2/12/2023,Unsuspended,0,,"BARKLY HOMESTEAD- OFFGRID-SOLAR-NT, NT, 862, Australia",-19.7108738,135.8274932,OK,"Tablelands Hwy, Tennant Creek NT 0862, Australia"
SRPXNSQ3,WaSS Bega Depot and WTP - Solar - NSW,NSW,0.2852,2550,Solar,1/12/2023,Unsuspended,0,,"WaSS Bega Depot and WTP - Solar - NSW, NSW, 2550, Australia",-36.6742897,149.8432479,OK,"Bega NSW 2550, Australia"
SRPXVCJ6,Bunnings Dandenong - Solar - VIC,VIC,0.28,3175,Solar,30/11/2023,Unsuspended,0,,"Bunnings Dandenong - Solar - VIC, VIC, 3175, Australia",-38.004794,145.250473,OK,"101 Princes Hwy, Dandenong South VIC 3175, Australia"
SRPXVCM0,Shepparton Private Hospital - 318kW - Solar w SGU - VIC,VIC,0.318,3630,Solar,29/11/2023,Unsuspended,0,,"Shepparton Private Hospital - 318kW - Solar w SGU - VIC, VIC, 3630, Australia",-36.3593756,145.411116,OK,"20 Fitzgerald St, Shepparton VIC 3630, Australia"
SRPXNSQ4,AU169 GOOD107 Goodman Oakdale West 2A - Solar - NSW,NSW,0.7504,2178,Solar,28/11/2023,Unsuspended,0,,"AU169 GOOD107 Goodman Oakdale West 2A - Solar - NSW, NSW, 2178, Australia",-33.8256531,150.8134823,OK,"Oakdale Cl, Mount Vernon NSW 2178, Australia"
SRPXNSQ5,AU169 Aust Post Oakdale West 2A - Solar - NSW,NSW,0.75,2178,Solar,28/11/2023,Unsuspended,0,,"AU169 Aust Post Oakdale West 2A - Solar - NSW, NSW, 2178, Australia",-33.8769426,150.8027952,OK,"Kemps Creek NSW 2178, Australia"
SRPXVCH4,Signature Care Officer Community Aged Care - Solar w SGU - VIC,VIC,0.1998,3809,Solar,28/11/2023,Unsuspended,0,,"Signature Care Officer Community Aged Care - Solar w SGU - VIC, VIC, 3809, Australia",-38.0601124,145.4100456,OK,"Officer VIC 3809, Australia"
SRPVWAJ5,Broome Residential College - Solar - WA,WA,0.1595,6725,Solar,27/11/2023,Unsuspended,0,,"Broome Residential College - Solar - WA, WA, 6725, Australia",-17.9573128,122.2301704,OK,"Cnr Kerr & Matsumoto Streets, Broome WA 6725, Australia"
WD00WA26,FLATROCKS_WF1 - Wind Farm - WA,WA,75.6,6395,Wind,26/11/2023,Unsuspended,0,,"FLATROCKS_WF1 - Wind Farm - WA, WA, 6395, Australia",-33.950486,117.382771,OK,"Flat Rocks, Broomehill West WA 6318, Australia"
SRPXQL77,Energy Bay - Keppel Bay Plaza - Solar wSGU - QLD,QLD,0.1872,4703,Solar,24/11/2023,Unsuspended,0,,"Energy Bay - Keppel Bay Plaza - Solar wSGU - QLD, QLD, 4703, Australia",-23.1290606,150.7412522,OK,"Keppel Bay Plaza, 68 James St, Yeppoon QLD 4703, Australia"
SRPXQL74,Energy Bay - Healius Murarrie - Solar wSGU - QLD,QLD,0.3592,4172,Solar,24/11/2023,Unsuspended,0,,"Energy Bay - Healius Murarrie - Solar wSGU - QLD, QLD, 4172, Australia",-27.452781,153.1030766,OK,"Murarrie QLD 4172, Australia"
SRPXQL79,St Josephs Mt Isa - Solar w SGU - QLD,QLD,0.1453,4825,Solar,21/11/2023,Unsuspended,0,,"St Josephs Mt Isa - Solar w SGU - QLD, QLD, 4825, Australia",-20.7263687,139.4930159,OK,"Mount Isa City QLD 4825, Australia"
SRPXVCH8,"Horsburgh Drive, Altona North - Solar w SGU - VIC",VIC,0.2025,3025,Solar,21/11/2023,Unsuspended,0,,"Horsburgh Drive, Altona North - Solar w SGU - VIC, VIC, 3025, Australia",-37.843255,144.8100481,OK,"Horsburgh Dr, Altona North VIC 3025, Australia"
SRPXVCH7,Morwell Bowling Club - Solar wSGU - VIC,VIC,0.1991,3840,Solar,20/11/2023,Unsuspended,0,,"Morwell Bowling Club - Solar wSGU - VIC, VIC, 3840, Australia",-38.2419971,146.3932314,OK,"52 Hazelwood Rd, Morwell VIC 3840, Australia"
SRPVSAV2,Woolworths Naracoorte 5602 - Solar - SA,SA,0.2751,5271,Solar,17/11/2023,Unsuspended,0,,"Woolworths Naracoorte 5602 - Solar - SA, SA, 5271, Australia",-36.9569884,140.7417779,OK,"Naracoorte SA 5271, Australia"
SRPVSAV3,Woolworths Millicent 5647 - Solar - SA,SA,0.2052,5280,Solar,17/11/2023,Unsuspended,0,,"Woolworths Millicent 5647 - Solar - SA, SA, 5280, Australia",-37.59367750000001,140.3518123,OK,"Millicent SA 5280, Australia"
SRPXQL76,AU001 Trade St Lytton Complex - Solar - QLD,QLD,0.8018,4178,Solar,16/11/2023,Unsuspended,0,,"AU001 Trade St Lytton Complex - Solar - QLD, QLD, 4178, Australia",-27.4270797,153.1497763,OK,"Trade St, Lytton QLD 4178, Australia"
SRPVWAJ4,National Lintels - Solar - WA,WA,0.2245,6165,Solar,16/11/2023,Unsuspended,0,,"National Lintels - Solar - WA, WA, 6165, Australia",-32.2027587,115.7938385,OK,"68 Armstrong Rd, Hope Valley WA 6165, Australia"
SRPXNSQ0,Australia Post: Sydney West Letters Facility (SWLF) - Solar - NSW,NSW,0.8611,2135,Solar,14/11/2023,Unsuspended,0,,"Australia Post: Sydney West Letters Facility (SWLF) - Solar - NSW, NSW, 2135, Australia",-33.8778464,151.0656098,OK,"Sydney West Letter Facility, Strathfield NSW 2135, Australia"
SRPXNSQ1,Australia Post: Sydney Gateway Facility (SGF) - Solar - NSW,NSW,0.7001,2142,Solar,14/11/2023,Unsuspended,0,,"Australia Post: Sydney Gateway Facility (SGF) - Solar - NSW, NSW, 2142, Australia",-33.8389526,151.0158435,OK,"21 Factory St, Granville NSW 2142, Australia"
SRPXNSM5,Energy Bay - B&J (City Kitchen) - Solar wSGU - NSW,NSW,0.9237,2148,Solar,14/11/2023,Unsuspended,0,,"Energy Bay - B&J (City Kitchen) - Solar wSGU - NSW, NSW, 2148, Australia",-31.2532183,146.921099,OK,"New South Wales, Australia"
SRPVWAJ3,Fortnum-Solar-WA,WA,5.4936,6642,Solar,14/11/2023,Unsuspended,0,,"Fortnum-Solar-WA, WA, 6642, Australia",-27.6728168,121.6283098,OK,"Western Australia, Australia"
SRPXQL75,AU372 Port Industry Park - Solar w SGU- QLD,QLD,0.3522,4178,Solar,14/11/2023,Unsuspended,0,,"AU372 Port Industry Park - Solar w SGU- QLD, QLD, 4178, Australia",-27.4437553,153.17369,OK,"Wynnum West QLD 4178, Australia"
SRPXNSP9,Tanilba Bay WWTW - Solar - NSW,NSW,0.199,2319,Solar,13/11/2023,Unsuspended,0,,"Tanilba Bay WWTW - Solar - NSW, NSW, 2319, Australia",-32.73717,151.9983453,OK,"Tanilba Bay NSW 2319, Australia"
SRPVSAV1,CCEP Salisbury - Solar - SA,SA,0.2616,5106,Solar,13/11/2023,Unsuspended,0,,"CCEP Salisbury - Solar - SA, SA, 5106, Australia",-34.79276249999999,138.6363818,OK,"Salisbury South DC SA 5106, Australia"
SRPXNSP8,Scholastic Lisarow - Solar w SGU - NSW,NSW,0.3601,2250,Solar,10/11/2023,Unsuspended,0,,"Scholastic Lisarow - Solar w SGU - NSW, NSW, 2250, Australia",-33.3820811,151.3661714,OK,"76 - 80 Railway Cres, Lisarow NSW 2250, Australia"
SRPXNSE3,"Casswell Terrace, McDougalls Hill - Solar - NSW",NSW,0.211,2330,Solar,9/11/2023,Unsuspended,0,,"Casswell Terrace, McDougalls Hill - Solar - NSW, NSW, 2330, Australia",-32.5420853,151.1474614,OK,"Casswell Terrace, McDougalls Hill NSW 2330, Australia"
SRPXVCH5,SIGNCRAFT PTY - Solar - VIC,VIC,0.198,3025,Solar,9/11/2023,Unsuspended,0,,"SIGNCRAFT PTY - Solar - VIC, VIC, 3025, Australia",-37.8493909,144.8334214,OK,"580-598 Kororoit Creek Rd, Altona North VIC 3025, Australia"
SRPVSAU6,Redmud Green Energy 124 - Solar - SA,SA,0.6771,5341,Solar,9/11/2023,Unsuspended,0,,"Redmud Green Energy 124 - Solar - SA, SA, 5341, Australia",-34.1812186,140.7840005,OK,"Lot 41 Sturt Hwy, Paringa SA 5340, Australia"
SRPXQL66,AU260 Rochedale Motorway Estate - Solar - QLD,QLD,0.414,4123,Solar,8/11/2023,Unsuspended,0,,"AU260 Rochedale Motorway Estate - Solar - QLD, QLD, 4123, Australia",-27.5511662,153.1181994,OK,"28 Brickworks Pl, Rochedale QLD 4123, Australia"
SRPXQL67,AU267 Rochedale Motorway Estate - Solar - QLD,QLD,0.2815,4123,Solar,8/11/2023,Unsuspended,0,,"AU267 Rochedale Motorway Estate - Solar - QLD, QLD, 4123, Australia",-27.5511662,153.1181994,OK,"28 Brickworks Pl, Rochedale QLD 4123, Australia"
SRPXQL61,Sisters Of St Paul De Chartres - Solar w SGU - QLD,QLD,0.2593,4124,Solar,8/11/2023,Unsuspended,0,,"Sisters Of St Paul De Chartres - Solar w SGU - QLD, QLD, 4124, Australia",-27.689036,153.0283959,OK,"28 Fedrick St, Boronia Heights QLD 4124, Australia"
SRPVWAJ2,Cue -Renewable Energy Facility-Solar -WA,WA,0.2594,6640,Solar,3/11/2023,Unsuspended,0,,"Cue -Renewable Energy Facility-Solar -WA, WA, 6640, Australia",-27.4245191,117.8969772,OK,"Cue WA 6640, Australia"
SRPXQL63,115 Frederick Street - Solar - QLD,QLD,0.292,4013,Solar,2/11/2023,Unsuspended,0,,"115 Frederick Street - Solar - QLD, QLD, 4013, Australia",-27.3863497,153.0766611,OK,"115 Frederick St, Ashfield QLD 4013, Australia"
SRPXVCG9,Alsco - Solar w SGU - VIC,VIC,0.2295,3011,Solar,2/11/2023,Unsuspended,0,,"Alsco - Solar w SGU - VIC, VIC, 3011, Australia",-37.81038119999999,144.9009644,OK,"200 Whitehall St, Footscray VIC 3011, Australia"
SRPXQL64,Vaxxas Hamilton - Solar w SGU - QLD,QLD,0.198,4007,Solar,1/11/2023,Unsuspended,0,,"Vaxxas Hamilton - Solar w SGU - QLD, QLD, 4007, Australia",-27.4426905,153.0821298,OK,"240 MacArthur Ave, Hamilton QLD 4007, Australia"
SRPXQL54,GLOBAL FOOD & WINE (BRIS) - SOLAR W SGU - QLD,QLD,0.19,4012,Solar,1/11/2023,Unsuspended,0,,"GLOBAL FOOD & WINE (BRIS) - SOLAR W SGU - QLD, QLD, 4012, Australia",-27.5590486,152.9906605,OK,"92 Donaldson Rd, Rocklea QLD 4106, Australia"
SRPVSAV5,Mannum 2 Solar Farm - Solar - SA,SA,39.2522,5238,Solar,1/11/2023,Unsuspended,0,,"Mannum 2 Solar Farm - Solar - SA, SA, 5238, Australia",-34.9165901,139.2654078,OK,"Mannum SA 5238, Australia"
SRPXNSO7,SCG Tuggerah - Solar - NSW,NSW,1.3508,2259,Solar,31/10/2023,Unsuspended,0,,"SCG Tuggerah - Solar - NSW, NSW, 2259, Australia",-33.3092714,151.4174771,OK,"Tuggerah NSW 2259, Australia"
SRPXNSO4,SCG Hornsby - Solar - NSW,NSW,0.5088,2077,Solar,31/10/2023,Unsuspended,0,,"SCG Hornsby - Solar - NSW, NSW, 2077, Australia",-33.7046328,151.0987055,OK,"Hornsby NSW 2077, Australia"
SRPXNSP6,315 Parramatta Road- Solar - NSW,NSW,0.1502,2144,Solar,30/10/2023,Unsuspended,0,,"315 Parramatta Road- Solar - NSW, NSW, 2144, Australia",-33.8360912,151.0247062,OK,"T2/315 Parramatta Rd, Auburn NSW 2144, Australia"
SRPVSAU9,Loxton - Solar - SA,SA,0.198,5333,Solar,26/10/2023,Unsuspended,0,,"Loxton - Solar - SA, SA, 5333, Australia",-34.4512008,140.5697699,OK,"Loxton SA 5333, Australia"
SRPXNSP5,Dubbo-Solar-NSW,NSW,7.2128,2830,Solar,26/10/2023,Unsuspended,0,,"Dubbo-Solar-NSW, NSW, 2830, Australia",-32.2443908,148.614418,OK,"Dubbo NSW 2830, Australia"
SRPVSAT7,State Herbarium - Solar(wSGU) - Adelaide - SA,SA,0.1792,5000,Solar,26/10/2023,Unsuspended,0,,"State Herbarium - Solar(wSGU) - Adelaide - SA, SA, 5000, Australia",-34.9174147,138.6138293,OK,"Hackney Rd, Adelaide SA 5000, Australia"
SRPXQL60,Bunnings Stafford - Solar - QLD,QLD,0.34,4053,Solar,25/10/2023,Unsuspended,0,,"Bunnings Stafford - Solar - QLD, QLD, 4053, Australia",-27.4106285,153.0091393,OK,"450 Stafford Rd, Stafford QLD 4053, Australia"
SRPVTA21,Bunnings Burnie - Solar - TAS,TAS,0.22,7320,Solar,24/10/2023,Unsuspended,0,,"Bunnings Burnie - Solar - TAS, TAS, 7320, Australia",-41.0640977,145.9143969,OK,"1-5 Reeves St, South Burnie TAS 7320, Australia"
SRPVTA22,Bunnings Glenorchy - Solar - TAS,TAS,0.4,7010,Solar,24/10/2023,Unsuspended,0,,"Bunnings Glenorchy - Solar - TAS, TAS, 7010, Australia",-42.8306538,147.2870457,OK,"20 Howard Rd, Glenorchy TAS 7010, Australia"
SRPXNSP2,Bunnings Narellan - Solar - NSW,NSW,0.16,2567,Solar,24/10/2023,Unsuspended,0,,"Bunnings Narellan - Solar - NSW, NSW, 2567, Australia",-34.0345369,150.7298811,OK,"Cnr Northern Road &, Porrende St, Narellan NSW 2567, Australia"
SRPVSAU8,Yadlamalka - Solar - SA,SA,6.0091,5540,Solar,24/10/2023,Unsuspended,0,,"Yadlamalka - Solar - SA, SA, 5540, Australia",-31.9935502,137.7657965,OK,"Yadlamalka SA 5713, Australia"
SRPXNSP3,Wideline Joule Place - Solar w SGU - NSW,NSW,0.4061,2259,Solar,24/10/2023,Unsuspended,0,,"Wideline Joule Place - Solar w SGU - NSW, NSW, 2259, Australia",-33.2987189,151.4183607,OK,"Joule Pl, Tuggerah NSW 2259, Australia"
SRPXNSO9,Green Peak Energy - Agboss Albury - Solar w SGU - NSW,NSW,0.1997,2640,Solar,24/10/2023,Unsuspended,0,,"Green Peak Energy - Agboss Albury - Solar w SGU - NSW, NSW, 2640, Australia",-36.0914878,146.9154205,OK,"519 Nurigong St, Albury NSW 2640, Australia"
SRPXNSP1,Woolworths Forster 1177 - Solar - NSW,NSW,0.3257,2428,Solar,23/10/2023,Unsuspended,0,,"Woolworths Forster 1177 - Solar - NSW, NSW, 2428, Australia",-32.1943225,152.5142797,OK,"Forster NSW 2428, Australia"
SRPVSAU7,Woolworths Mt Barker South 5098 - Solar - SA,SA,0.2374,5251,Solar,23/10/2023,Unsuspended,0,,"Woolworths Mt Barker South 5098 - Solar - SA, SA, 5251, Australia",-35.0893333,138.8752825,OK,"30 Cotterdale Ave, Mount Barker SA 5251, Australia"
SRPXQL58,Marsh Alliance Carole Park - Solar w SGU - QLD,QLD,0.3682,4300,Solar,23/10/2023,Unsuspended,0,,"Marsh Alliance Carole Park - Solar w SGU - QLD, QLD, 4300, Australia",-27.613554,152.922222,OK,"125 Mica St, Carole Park QLD 4300, Australia"
SRPXNSP0,Woolworths Aberglasslyn 1410 - Solar - NSW,NSW,0.1969,2320,Solar,23/10/2023,Unsuspended,0,,"Woolworths Aberglasslyn 1410 - Solar - NSW, NSW, 2320, Australia",-32.6958052,151.5350336,OK,"Aberglasslyn NSW 2320, Australia"
SRPXQL59,Revolution Narangba - Solar - QLD,QLD,0.1558,4504,Solar,23/10/2023,Unsuspended,0,,"Revolution Narangba - Solar - QLD, QLD, 4504, Australia",-27.2015813,152.9655318,OK,"Narangba QLD 4504, Australia"
SRPXQL57,Bunnings Hervey Bay - Solar - QLD,QLD,0.5,4655,Solar,19/10/2023,Unsuspended,0,,"Bunnings Hervey Bay - Solar - QLD, QLD, 4655, Australia",-25.2904464,152.8393951,OK,"Corner Main Street and, McLiver St, Urraween QLD 4655, Australia"
SRPVWAJ0,Balline Lucky Bay Wind Farm-Wind-WA,WA,4.2,6535,Wind,19/10/2023,Unsuspended,0,,"Balline Lucky Bay Wind Farm-Wind-WA, WA, 6535, Australia",-28.0618568,114.1826325,OK,"Balline Rd, Yallabatharra WA 6535, Australia"
SRPXNSO6,AU144/178 Oakdale West 3B1 - Solar - NSW,NSW,0.2501,2178,Solar,16/10/2023,Unsuspended,0,,"AU144/178 Oakdale West 3B1 - Solar - NSW, NSW, 2178, Australia",-33.8769426,150.8027952,OK,"Kemps Creek NSW 2178, Australia"
SRPXNSO5,AU144/178 Oakdale West 3B2 - Solar - NSW,NSW,0.2501,2178,Solar,16/10/2023,Unsuspended,0,,"AU144/178 Oakdale West 3B2 - Solar - NSW, NSW, 2178, Australia",-33.8769426,150.8027952,OK,"Kemps Creek NSW 2178, Australia"
SRPXNSO8,PEPE'S DUCKS WALKER ST - SOLAR w SGU - NSW,NSW,0.4685,2756,Solar,16/10/2023,Unsuspended,0,,"PEPE'S DUCKS WALKER ST - SOLAR w SGU - NSW, NSW, 2756, Australia",-33.6222816,150.8092915,OK,"17 Walker St, South Windsor NSW 2756, Australia"
SRPVWAI9,Broome SHS  - Solar - WA,WA,0.2744,6725,Solar,16/10/2023,Unsuspended,0,,"Broome SHS  - Solar - WA, WA, 6725, Australia",-17.9564513,122.2322522,OK,"69 Frederick St, Broome WA 6725, Australia"
SRPXNSN7,ELF FARM SUPPLIES_System 1 - Solar w SGU - NSW,NSW,0.2735,2756,Solar,13/10/2023,Unsuspended,0,,"ELF FARM SUPPLIES_System 1 - Solar w SGU - NSW, NSW, 2756, Australia",-33.6252061,150.8274061,OK,"108 Mulgrave Rd, Mulgrave NSW 2756, Australia"
SRPXNSN8,ELF FARM SUPPLIES_System 2 - Solar w SGU - NSW,NSW,0.7819,2756,Solar,13/10/2023,Unsuspended,0,,"ELF FARM SUPPLIES_System 2 - Solar w SGU - NSW, NSW, 2756, Australia",-33.6252061,150.8274061,OK,"108 Mulgrave Rd, Mulgrave NSW 2756, Australia"
SRPXNSN9,ELF FARM SUPPLIES_System 3 - Solar w SGU - NSW,NSW,0.5129,2756,Solar,13/10/2023,Unsuspended,0,,"ELF FARM SUPPLIES_System 3 - Solar w SGU - NSW, NSW, 2756, Australia",-33.6252061,150.8274061,OK,"108 Mulgrave Rd, Mulgrave NSW 2756, Australia"
SRPVWAI7,SOUTHERN STEEL (WA) PTY LIMITED - Solar w SGU - WA,WA,0.306,6165,Solar,10/10/2023,Unsuspended,0,,"SOUTHERN STEEL (WA) PTY LIMITED - Solar w SGU - WA, WA, 6165, Australia",-32.2021878,115.7913741,OK,"35 Hoyle Rd, Hope Valley WA 6165, Australia"
SRPXVCG7,Ingenia Solar PV Vic,VIC,0.552,3644,Solar,9/10/2023,Unsuspended,0,,"Ingenia Solar PV Vic, VIC, 3644, Australia",-35.9546799,145.736481,OK,"Muckatah VIC 3644, Australia"
SRPXNSO2,Fletchers International Grain Terminal - Solar w SGU - NSW,NSW,0.5017,2830,Solar,4/10/2023,Unsuspended,0,,"Fletchers International Grain Terminal - Solar w SGU - NSW, NSW, 2830, Australia",-32.2090986,148.6342383,OK,"Lot 11 Yarrandale Rd, Dubbo NSW 2830, Australia"
SRPXQL53,Redwing (Ashmore) Pty Ltd - Solar w SGU - QLD,QLD,0.2525,4217,Solar,4/10/2023,Unsuspended,0,,"Redwing (Ashmore) Pty Ltd - Solar w SGU - QLD, QLD, 4217, Australia",-27.9861642,153.3803431,OK,"Ashmore QLD 4214, Australia"
SRPXQL44,28 Weyba St - Solar - QLD,QLD,0.149,4014,Solar,3/10/2023,Unsuspended,0,,"28 Weyba St - Solar - QLD, QLD, 4014, Australia",-27.3884159,153.0896424,OK,"28 Weyba St, Banyo QLD 4014, Australia"
SRPXQL52,Woolworths Sandgate 2605 - Solar - QLD,QLD,0.2714,4017,Solar,28/09/2023,Unsuspended,0,,"Woolworths Sandgate 2605 - Solar - QLD, QLD, 4017, Australia",-27.3208078,153.0701735,OK,"Sandgate QLD 4017, Australia"
SRPXVCG6,"Karingal Hub, Frankston - Solar - VIC",VIC,0.51,3199,Solar,28/09/2023,Unsuspended,0,,"Karingal Hub, Frankston - Solar - VIC, VIC, 3199, Australia",-38.15395609999999,145.1659108,OK,"330 Cranbourne Rd, Frankston VIC 3199, Australia"
SRPVAC40,1 National Circuit Barton - Solar w SGU - ACT,ACT,0.1656,2600,Solar,28/09/2023,Unsuspended,0,,"1 National Circuit Barton - Solar w SGU - ACT, ACT, 2600, Australia",-35.3055373,149.1324006,OK,"1 National Circuit, Barton ACT 2600, Australia"
SRPVAC39,3-5 National Circuit Barton - Solar w SGU - ACT,ACT,0.1656,2600,Solar,28/09/2023,Unsuspended,0,,"3-5 National Circuit Barton - Solar w SGU - ACT, ACT, 2600, Australia",-35.3068033,149.1325211,OK,"Mclachlan Offices, 3-5 National Circuit, Barton ACT 2600, Australia"
SRPXQL51,Nu-Pure Unit Trust - Solar w SGU - QLD,QLD,0.5864,4207,Solar,28/09/2023,Unsuspended,0,,"Nu-Pure Unit Trust - Solar w SGU - QLD, QLD, 4207, Australia",-27.7278051,153.252185,OK,"1/76 Quinns Hill Rd E, Stapylton QLD 4207, Australia"
SRPXNSO0,Eilbeck cranes Moss Vale - Solar w SGU - NSW,NSW,0.458,2577,Solar,27/09/2023,Unsuspended,0,,"Eilbeck cranes Moss Vale - Solar w SGU - NSW, NSW, 2577, Australia",-34.5216879,150.3719069,OK,"1 Red Flds Rd, Moss Vale NSW 2577, Australia"
SRPXNSN3,Agile Energy - Evermore - 277kW Solar w SGU - NSW,NSW,0.2776,2428,Solar,27/09/2023,Unsuspended,0,,"Agile Energy - Evermore - 277kW Solar w SGU - NSW, NSW, 2428, Australia",-32.2735633,152.4738975,OK,"Coomba Bay NSW 2428, Australia"
SRPXNSN6,Bathurst - Solar -NSW,NSW,0.664,2795,Solar,26/09/2023,Unsuspended,0,,"Bathurst - Solar -NSW, NSW, 2795, Australia",-33.4111857,149.578693,OK,"Bathurst NSW 2795, Australia"
SRPXNSN0,Oran Park Commercial 2  - Solar  - NSW,NSW,0.1659,2570,Solar,26/09/2023,Unsuspended,0,,"Oran Park Commercial 2  - Solar  - NSW, NSW, 2570, Australia",-34.001245,150.739511,OK,"Oran Park NSW 2570, Australia"
SRPVWAI5,Karratha Leisureplex PV System - Solar - WA,WA,0.8018,6714,Solar,26/09/2023,Unsuspended,0,,"Karratha Leisureplex PV System - Solar - WA, WA, 6714, Australia",-20.7460349,116.8284123,OK,"Opposite Broadhurst Road, Dampier Hwy, Pegs Creek WA 6714, Australia"
SRPXQL50,Robina Central- Solar - QLD,QLD,0.212,4226,Solar,26/09/2023,Unsuspended,0,,"Robina Central- Solar - QLD, QLD, 4226, Australia",-28.0816251,153.3821215,OK,"8 Laver Dr, Robina QLD 4226, Australia"
SRPVNT76,Woolworths Leanyer 5659 - Solar - NT,NT,0.2199,812,Solar,25/09/2023,Unsuspended,0,,"Woolworths Leanyer 5659 - Solar - NT, NT, 812, Australia",-12.3779501,130.8962208,OK,"Hibiscus Shoppingtown, 12 Leanyer Dr, Leanyer NT 0812, Australia"
SRPXNSN4,Dimmar Pendle Hill - Solar w SGU - NSW,NSW,0.1926,2145,Solar,25/09/2023,Unsuspended,0,,"Dimmar Pendle Hill - Solar w SGU - NSW, NSW, 2145, Australia",-33.8018889,150.9556279,OK,"Pendle Hill NSW 2145, Australia"
SRPXNSN2,Dimmar Minto - Solar w SGU - NSW,NSW,0.4086,2566,Solar,22/09/2023,Unsuspended,0,,"Dimmar Minto - Solar w SGU - NSW, NSW, 2566, Australia",-34.031726,150.8474521,OK,"Minto NSW 2566, Australia"
SRPXVCG5,DHLS Truganina WH2 - Solar - VIC,VIC,0.1998,3029,Solar,21/09/2023,Unsuspended,0,,"DHLS Truganina WH2 - Solar - VIC, VIC, 3029, Australia",-37.8322176,144.7398637,OK,"21 Shiny Dr, Truganina VIC 3029, Australia"
SRPXVCG3,Conti Orchards - Solar w SGU - VIC,VIC,0.1702,3644,Solar,21/09/2023,Unsuspended,0,,"Conti Orchards - Solar w SGU - VIC, VIC, 3644, Australia",-35.9610788,145.658382,OK,"482 Campbell Rd, Cobram VIC 3644, Australia"
SRPXQL41,Yamanto Central - Solar w SGU- QLD,QLD,1.3325,4305,Solar,20/09/2023,Unsuspended,0,,"Yamanto Central - Solar w SGU- QLD, QLD, 4305, Australia",-27.6604575,152.7419049,OK,"488 Warwick Rd, Yamanto QLD 4305, Australia"
SRPVSAU5,Sarstedt - Mawson Lakes - Solar - SA,SA,0.8222,5095,Solar,20/09/2023,Unsuspended,0,,"Sarstedt - Mawson Lakes - Solar - SA, SA, 5095, Australia",-34.818168,138.6155929,OK,"16 Park Way, Mawson Lakes SA 5095, Australia"
SRPVWAI4,Pilgangoora-Solar-WA,WA,5.9875,6760,Solar,14/09/2023,Unsuspended,0,,"Pilgangoora-Solar-WA, WA, 6760, Australia",-21.0483627,118.897232,OK,"Marble Bar WA 6760, Australia"
SRPXQL43,19th Avenue Shopping Centre Elanora - Solar w SGU - QLD,QLD,0.25,4221,Solar,13/09/2023,Unsuspended,0,,"19th Avenue Shopping Centre Elanora - Solar w SGU - QLD, QLD, 4221, Australia",-28.1200543,153.4530488,OK,"19th Avenue, and, Angelica St, Palm Beach QLD 4221, Australia"
SRPXNSM4,Eastern Creek Quarters (Frasers) - Solar W SGU - NSW,NSW,0.2997,2766,Solar,13/09/2023,Unsuspended,0,,"Eastern Creek Quarters (Frasers) - Solar W SGU - NSW, NSW, 2766, Australia",-33.7854245,150.8546275,OK,"159 Rooty Hill Rd S, Eastern Creek NSW 2766, Australia"
SRPVSAU4,Woolworths Renmark 5608 - Solar - SA,SA,0.3151,5341,Solar,13/09/2023,Unsuspended,0,,"Woolworths Renmark 5608 - Solar - SA, SA, 5341, Australia",-34.1753513,140.7455129,OK,"Renmark SA 5341, Australia"
SRPXNSL3,AU146 Cumberland Industrial Estate - Solar w SGU - NSW,NSW,0.1997,2164,Solar,13/09/2023,Unsuspended,0,,"AU146 Cumberland Industrial Estate - Solar w SGU - NSW, NSW, 2164, Australia",-33.84714900000001,150.9507776,OK,"146-156 Warren Rd, Smithfield NSW 2164, Australia"
SRPXQL35,AU265 Rochedale Motorway Estate - Solar - QLD,QLD,0.356,4123,Solar,13/09/2023,Unsuspended,0,,"AU265 Rochedale Motorway Estate - Solar - QLD, QLD, 4123, Australia",-27.5511662,153.1181994,OK,"28 Brickworks Pl, Rochedale QLD 4123, Australia"
SRPXNSM3,"Australia Post (Admin & Parcel Buildings) - Ralph St, Alexandria - Solar w SGU - NSW",NSW,0.4724,2015,Solar,13/09/2023,Unsuspended,0,,"Australia Post (Admin & Parcel Buildings) - Ralph St, Alexandria - Solar w SGU - NSW, NSW, 2015, Australia",-33.9158391,151.1977251,OK,"10-12 Ralph St, Alexandria NSW 2015, Australia"
SRPXQL42,Ecolab Darra - Solar - QLD,QLD,0.292,4076,Solar,8/09/2023,Unsuspended,0,,"Ecolab Darra - Solar - QLD, QLD, 4076, Australia",-27.5643247,152.9471618,OK,"32 Perivale St, Darra QLD 4076, Australia"
SRPXNSM2,Bingo MPC2 - Solar - NSW,NSW,1.0485,2766,Solar,5/09/2023,Unsuspended,0,,"Bingo MPC2 - Solar - NSW, NSW, 2766, Australia",-33.7962479,150.8343854,OK,"1 Kangaroo Ave, Eastern Creek NSW 2766, Australia"
SRPVWAI3,Garden Well-Solar-WA,WA,9.3991,6440,Solar,23/08/2023,Unsuspended,0,,"Garden Well-Solar-WA, WA, 6440, Australia",-26.7,120.2166667,OK,"Number Sixteen Well, Wiluna WA 6646, Australia"
SRPXNSL7,VEROSOL (AUSTRALIA) PTY. LTD - Solar w SGU - NSW,NSW,0.2998,2212,Solar,22/08/2023,Unsuspended,0,,"VEROSOL (AUSTRALIA) PTY. LTD - Solar w SGU - NSW, NSW, 2212, Australia",-33.9363631,150.9984382,OK,"21 Amour St, Revesby NSW 2212, Australia"
SRPXNSL4,Deniliquin RSL Microgrid - Solar - NSW,NSW,0.2756,2710,Solar,15/08/2023,Unsuspended,0,,"Deniliquin RSL Microgrid - Solar - NSW, NSW, 2710, Australia",-35.5347037,144.9487606,OK,"Deniliquin NSW 2710, Australia"
SRPXVCF9,OLERS - RUTHERGLEN IGA - Solar - VIC,VIC,0.1403,3685,Solar,15/08/2023,Unsuspended,0,,"OLERS - RUTHERGLEN IGA - Solar - VIC, VIC, 3685, Australia",-36.0543312,146.46073,OK,"87-95 Main St, Rutherglen VIC 3685, Australia"
SRPXQL33,Nambour Selangor Private Hospital - 189.5kW - Solar w SGU - QLD,QLD,0.1895,4560,Solar,11/08/2023,Unsuspended,0,,"Nambour Selangor Private Hospital - 189.5kW - Solar w SGU - QLD, QLD, 4560, Australia",-26.6196329,152.9565915,OK,"62 Netherton St, Nambour QLD 4560, Australia"
SRPXQL32,Kelly Consolidated Rangeville - Solar w SGU - QLD,QLD,0.2443,4350,Solar,10/08/2023,Unsuspended,0,,"Kelly Consolidated Rangeville - Solar w SGU - QLD, QLD, 4350, Australia",-27.5831266,151.984755,OK,"Rangeville QLD 4350, Australia"
SRPVNT75,Robertson Barracks Solar Farm - Solar - NT,NT,10.8856,830,Solar,10/08/2023,Unsuspended,0,,"Robertson Barracks Solar Farm - Solar - NT, NT, 830, Australia",-12.4171807,130.9680711,OK,"140/100 Deloraine Rd, Knuckey Lagoon NT 0828, Australia"
SRPXNSL1,"Lambridge Place, Penrith - Solar w SGU - NSW",NSW,0.3696,2750,Solar,4/08/2023,Unsuspended,0,,"Lambridge Place, Penrith - Solar w SGU - NSW, NSW, 2750, Australia",-33.7323913,150.6968743,OK,"Lambridge Pl, Emu Plains NSW 2750, Australia"
SRPXNSK7,18 Loyalty Road - Solar - NSW,NSW,0.1663,2151,Solar,2/08/2023,Unsuspended,0,,"18 Loyalty Road - Solar - NSW, NSW, 2151, Australia",-33.7756383,151.0087235,OK,"18 Loyalty Rd, North Rocks NSW 2151, Australia"
SRPXNSK8,Autopak-Vetlab Group - 178kW - Solar w SGU - NSW,NSW,0.178,2760,Solar,2/08/2023,Unsuspended,0,,"Autopak-Vetlab Group - 178kW - Solar w SGU - NSW, NSW, 2760, Australia",-33.7611529,150.7763475,OK,"39 Harris St, St Marys NSW 2760, Australia"
SRPXVCF3,Bunnings Rosebud - Solar  - VIC,VIC,0.16,3939,Solar,31/07/2023,Unsuspended,0,,"Bunnings Rosebud - Solar  - VIC, VIC, 3939, Australia",-38.3860175,144.8873242,OK,"282 Boneo Rd, Rosebud VIC 3939, Australia"
SRPXVCE9,"Victor Cres, Narre Warren - Solar w SGU - VIC",VIC,0.1906,3805,Solar,20/07/2023,Unsuspended,0,,"Victor Cres, Narre Warren - Solar w SGU - VIC, VIC, 3805, Australia",-38.024458,145.3130651,OK,"Victor Cres, Narre Warren VIC 3805, Australia"
SRPXVCD4,OLERS - FOODWORKS - Solar w SGU - VIC,VIC,0.2689,3691,Solar,20/07/2023,Unsuspended,0,,"OLERS - FOODWORKS - Solar w SGU - VIC, VIC, 3691, Australia",-36.2373927,146.9661233,OK,"Berringama VIC 3691, Australia"
SRPXNSJ9,AU870 17-19B Interchange Drive Eastern Creek - Solar w SGU - NSW,NSW,0.7482,2766,Solar,11/07/2023,Unsuspended,0,,"AU870 17-19B Interchange Drive Eastern Creek - Solar w SGU - NSW, NSW, 2766, Australia",-33.8006416,150.8449828,OK,"17 Interchange Dr, Eastern Creek NSW 2766, Australia"
SRPXVCE2,Mildura Base Hospital 2 - Solar - VIC,VIC,0.1536,3500,Solar,10/07/2023,Unsuspended,0,,"Mildura Base Hospital 2 - Solar - VIC, VIC, 3500, Australia",-34.1857674,142.143303,OK,"216 Ontario Ave, Mildura VIC 3500, Australia"
SRPXVCE8,Hardchrome Engineering - Solar - VIC,VIC,0.7,3810,Solar,10/07/2023,Unsuspended,0,,"Hardchrome Engineering - Solar - VIC, VIC, 3810, Australia",-38.1033058,145.4960784,OK,"213/215 Greenhills Rd, Pakenham VIC 3810, Australia"
SRPXQL19,Coopers Plains - solar w SGU - QLD,QLD,0.5414,4108,Solar,3/07/2023,Unsuspended,0,,"Coopers Plains - solar w SGU - QLD, QLD, 4108, Australia",-27.5658223,153.0206446,OK,"Archerfield QLD 4108, Australia"
SRPXQL21,Westside Christian College Senior - Solar w SGU - QLD,QLD,0.2241,4300,Solar,3/07/2023,Unsuspended,0,,"Westside Christian College Senior - Solar w SGU - QLD, QLD, 4300, Australia",-27.6106398,152.887444,OK,"65 Stuart St, Goodna QLD 4300, Australia"
SRPXQL17,Toowoomba - Solar w SGU - QLD,QLD,0.6871,4350,Solar,3/07/2023,Unsuspended,0,,"Toowoomba - Solar w SGU - QLD, QLD, 4350, Australia",-27.6032134,151.9299718,OK,"W, Darling Heights QLD 4350, Australia"
SRPXNSI7,Junee Prime Lamb Solar Farm NSW,NSW,2.3184,2663,Solar,2/07/2023,Unsuspended,0,,"Junee Prime Lamb Solar Farm NSW, NSW, 2663, Australia",-34.8689219,147.5833258,OK,"Junee NSW 2663, Australia"
SRPXVCE4,Cutri Fruit - Solar w SGU - VIC,VIC,0.189,3589,Solar,30/06/2023,Unsuspended,0,,"Cutri Fruit - Solar w SGU - VIC, VIC, 3589, Australia",-35.2665121,143.4604812,OK,"38 Byrnes Rd, Woorinen VIC 3588, Australia"
SRPXVCD8,"Cooper St, Epping - Solar w SGU - VIC",VIC,1.9838,3076,Solar,28/06/2023,Unsuspended,0,,"Cooper St, Epping - Solar w SGU - VIC, VIC, 3076, Australia",-37.6498015,145.0042181,OK,"Cooper St, Epping VIC 3076, Australia"
SRPXVCE1,"Factory 7, 315 Cooper Street, Epping - Solar - VIC",VIC,0.4607,3076,Solar,28/06/2023,Unsuspended,0,,"Factory 7, 315 Cooper Street, Epping - Solar - VIC, VIC, 3076, Australia",-37.6529014,144.9975459,OK,"factory 7/315 Cooper St, Epping VIC 3076, Australia"
SRPXVCE0,Glen Eira City Council - Warrawee - Solar - VIC,VIC,0.1998,3165,Solar,28/06/2023,Unsuspended,0,,"Glen Eira City Council - Warrawee - Solar - VIC, VIC, 3165, Australia",-37.9238929,145.0728149,OK,"854A Centre Rd, Bentleigh East VIC 3165, Australia"
SRPVWAJ8,Yalgoo Renewable Energy Facility - Solar and BESS - WA,WA,0.2136,6635,Solar,27/06/2023,Unsuspended,0,,"Yalgoo Renewable Energy Facility - Solar and BESS - WA, WA, 6635, Australia",-28.3508702,116.7658255,OK,"Yalgoo WA 6635, Australia"
SRPXNSJ4,BIDFOOD BERESFIELD - Solar w SGU - NSW,NSW,0.1611,2322,Solar,26/06/2023,Unsuspended,0,,"BIDFOOD BERESFIELD - Solar w SGU - NSW, NSW, 2322, Australia",-32.8027136,151.6509967,OK,"Beresfield NSW 2322, Australia"
SRPXVCD6,Rivercrest Christian College - Solar w SGU - VIC,VIC,0.1899,3978,Solar,23/06/2023,Unsuspended,0,,"Rivercrest Christian College - Solar w SGU - VIC, VIC, 3978, Australia",-38.0853242,145.3729081,OK,"81 Ferdinand Dr, Clyde North VIC 3978, Australia"
SRPXVCD3,Mildura Base Hospital 1 - Solar - VIC,VIC,0.1536,3500,Solar,22/06/2023,Unsuspended,0,,"Mildura Base Hospital 1 - Solar - VIC, VIC, 3500, Australia",-34.1857674,142.143303,OK,"216 Ontario Ave, Mildura VIC 3500, Australia"
SRPXQL14,Americold - Solar w SGU - QLD,QLD,1.0013,4172,Solar,21/06/2023,Unsuspended,0,,"Americold - Solar w SGU - QLD, QLD, 4172, Australia",-27.4612577,153.1065713,OK,"61 Alexandra Pl, Murarrie QLD 4172, Australia"
SRPXNSJ3,Concept Paint - Solar - NSW,NSW,0.1004,2760,Solar,16/06/2023,Unsuspended,0,,"Concept Paint - Solar - NSW, NSW, 2760, Australia",-33.742661,150.7701435,OK,"26-30 Charles St, St Marys NSW 2760, Australia"
SRPXQL09,RNA Showgrounds Bowen Hills - Solar w SGU - QLD,QLD,0.6005,4006,Solar,15/06/2023,Unsuspended,0,,"RNA Showgrounds Bowen Hills - Solar w SGU - QLD, QLD, 4006, Australia",-27.4503048,153.0327621,OK,"600 Gregory Ter, Bowen Hills QLD 4006, Australia"
SRPXQL11,Seven Springs Building Services - Solar w SGU - QLD,QLD,0.2178,4350,Solar,13/06/2023,Unsuspended,0,,"Seven Springs Building Services - Solar w SGU - QLD, QLD, 4350, Australia",-27.5564884,151.9533185,OK,"Top Camp QLD 4350, Australia"
SRPXNSI5,AU058 - Bungaribee Industrial Estate - Metcash - Solar - NSW,NSW,0.782,2766,Solar,8/06/2023,Unsuspended,0,,"AU058 - Bungaribee Industrial Estate - Metcash - Solar - NSW, NSW, 2766, Australia",-33.7956726,150.8664863,OK,"72 Huntingwood Dr, Huntingwood NSW 2766, Australia"
SRPVWAH8,Live-in-Learning - Solar - WA,WA,0.3486,6102,Solar,7/06/2023,Unsuspended,0,,"Live-in-Learning - Solar - WA, WA, 6102, Australia",-31.9890697,115.9801466,OK,"7 Wharton Rd, Kewdale WA 6105, Australia"
SRPXNSJ1,Ocado - Solar - NSW,NSW,2.0046,2164,Solar,1/06/2023,Unsuspended,0,,"Ocado - Solar - NSW, NSW, 2164, Australia",-33.8492918,150.9132815,OK,"Wetherill Park NSW 2164, Australia"
SRPVSAT3,AEW Ingham's - Solar - SA,SA,0.9999,5111,Solar,29/05/2023,Unsuspended,0,,"AEW Ingham's - Solar - SA, SA, 5111, Australia",-34.7260005,138.6353622,OK,"35 Sturton Rd, Edinburgh SA 5111, Australia"
SRPXNSI2,"Clunies Ross St, Prospect - Solar - NSW",NSW,0.303,2148,Solar,24/05/2023,Unsuspended,0,,"Clunies Ross St, Prospect - Solar - NSW, NSW, 2148, Australia",-33.8054521,150.927532,OK,"Clunies Ross St, Blacktown NSW 2148, Australia"
SRPXQL06,Northgate - Solar  - QLD,QLD,0.2198,4013,Solar,18/05/2023,Unsuspended,0,,"Northgate - Solar  - QLD, QLD, 4013, Australia",-27.3944936,153.0706888,OK,"Northgate QLD 4013, Australia"
SRPXVCC8,"Cranbourne Rd, Frankston - Solar - VIC",VIC,0.1998,3199,Solar,17/05/2023,Unsuspended,0,,"Cranbourne Rd, Frankston - Solar - VIC, VIC, 3199, Australia",-38.1562246,145.1725006,OK,"Cranbourne-Frankston Rd, Karingal Centre VIC 3199, Australia"
SRPVTA17,PIPERS BROOK VINEYARD - Solar  - TAS,TAS,0.2,7254,Solar,17/05/2023,Unsuspended,0,,"PIPERS BROOK VINEYARD - Solar  - TAS, TAS, 7254, Australia",-41.0694512,147.1990115,OK,"1216 Pipers Brook Rd, Pipers Brook TAS 7254, Australia"
SRPXQL78,St Catherines Junior Senior Proserpine - Solar w SGU - QLD,QLD,0.2715,4800,Solar,15/05/2023,Unsuspended,0,,"St Catherines Junior Senior Proserpine - Solar w SGU - QLD, QLD, 4800, Australia",-20.4106266,148.5899144,OK,"96 Renwick Rd, Proserpine QLD 4800, Australia"
SRPXVCC5,OLERS-Village Dairy-Solar-VIC,VIC,0.3,3844,Solar,1/05/2023,Unsuspended,0,,"OLERS-Village Dairy-Solar-VIC, VIC, 3844, Australia",-38.1894149,146.5731811,OK,"388 Princes Hwy, Traralgon East VIC 3844, Australia"
SRPXNSG8,AU525 Oakdale Industrial Estate WH1&2 - Solar - NSW,NSW,0.6398,2178,Solar,18/04/2023,Unsuspended,0,,"AU525 Oakdale Industrial Estate WH1&2 - Solar - NSW, NSW, 2178, Australia",-33.8238306,150.8142533,OK,"1 Oakdale Cl, Horsley Park NSW 2175, Australia"
SRPVQLZ4,Woolworths Redland Bay Shopping Centre 2714 - Solar - QLD,QLD,0.1998,4165,Solar,14/03/2023,Unsuspended,0,,"Woolworths Redland Bay Shopping Centre 2714 - Solar - QLD, QLD, 4165, Australia",-27.6128682,153.3028928,OK,"Shopping Village, 163 Broadwater Terrace, Redland Bay QLD 4165, Australia"
SRPXNSF5,Roseville College - Solar PV w SGU - NSW,NSW,0.2367,2069,Solar,1/03/2023,Unsuspended,0,,"Roseville College - Solar PV w SGU - NSW, NSW, 2069, Australia",-33.7839624,151.1822144,OK,"27 Bancroft Ave, Roseville NSW 2069, Australia"
SRPVQLY9,Hillcrest Rockhampton Private Hospital - Solar - QLD,QLD,0.2754,4700,Solar,27/02/2023,Unsuspended,0,,"Hillcrest Rockhampton Private Hospital - Solar - QLD, QLD, 4700, Australia",-23.3776374,150.4964247,OK,"4 Talford St, The Range QLD 4700, Australia"
SRPXNSD3,"Millennium Ct, Silverwater - Solar - NSW",NSW,0.7016,2128,Solar,23/02/2023,Unsuspended,0,,"Millennium Ct, Silverwater - Solar - NSW, NSW, 2128, Australia",-33.8327583,151.0402906,OK,"Millennium Ct, Silverwater NSW 2128, Australia"
SRPXNSD2,Westmead Private Hospital - Solar w SGU - NSW,NSW,0.254,2145,Solar,17/02/2023,Unsuspended,0,,"Westmead Private Hospital - Solar w SGU - NSW, NSW, 2145, Australia",-33.8029433,150.9825031,OK,"12 Mons Rd, Westmead NSW 2145, Australia"
SRPXVCB5,Huntingtower School - Solar wSGU - VIC,VIC,0.2099,3149,Solar,15/02/2023,Unsuspended,0,,"Huntingtower School - Solar wSGU - VIC, VIC, 3149, Australia",-37.877055,145.1378026,OK,"77 Waimarie Dr, Mount Waverley VIC 3149, Australia"
SRPVNT73,CCEP Darwin - Solar - NT,NT,0.266,822,Solar,13/02/2023,Unsuspended,0,,"CCEP Darwin - Solar - NT, NT, 822, Australia",-12.4637333,130.8444446,OK,"Darwin NT, Australia"
SRPXNSD1,WCC Gibbes St Depot - Solar wSGU - NSW,NSW,0.128,2067,Solar,13/02/2023,Unsuspended,0,,"WCC Gibbes St Depot - Solar wSGU - NSW, NSW, 2067, Australia",-33.788695,151.1997182,OK,"Gibbes St, Chatswood NSW 2067, Australia"
SRPVSAR7,Beerenberg Hybrid - Solar - SA,SA,0.3499,5245,Solar,10/02/2023,Unsuspended,0,,"Beerenberg Hybrid - Solar - SA, SA, 5245, Australia",-35.0380889,138.8177748,OK,"2106 Mount Barker Rd, Hahndorf SA 5245, Australia"
BEBGSA09,Blue Lake Milling - Agricultural Waste - SA,SA,1.2,5268,Biomass,30/01/2023,Unsuspended,0,,"Blue Lake Milling - Agricultural Waste - SA, SA, 5268, Australia",-36.3162543,140.7579244,OK,"71 Pigeon Flat Rd, Bordertown SA 5268, Australia"
BEBGQL36,Coombabah Waste Water Treatment Plant - Sewage Gas - QLD,QLD,0.55,4216,Biomass,18/01/2023,Unsuspended,0,,"Coombabah Waste Water Treatment Plant - Sewage Gas - QLD, QLD, 4216, Australia",-27.9000392,153.3862846,OK,"Coombabah QLD, Australia"
SRPVQLX7,Eurong Beach Resort - Solar w SGU - QLD,QLD,0.3586,4581,Solar,10/01/2023,Unsuspended,0,,"Eurong Beach Resort - Solar w SGU - QLD, QLD, 4581, Australia",-25.512996,153.1251595,OK,"Eurong QLD, Australia"
SRTHVC01,Raygen Power Plant Carwarp - Solar - VIC,VIC,7.6623,3494,Solar,8/12/2022,Unsuspended,0,,"Raygen Power Plant Carwarp - Solar - VIC, VIC, 3494, Australia",-34.4701074,142.1840327,OK,"124 S W Angle Rd, Carwarp VIC 3494, Australia"
SRPXVCA3,Clevertronics - Scoresby - Solar w SGU - VIC,VIC,0.1647,3179,Solar,18/10/2022,Unsuspended,0,,"Clevertronics - Scoresby - Solar w SGU - VIC, VIC, 3179, Australia",-37.9011605,145.2209158,OK,"1 Caribbean Dr, Scoresby VIC 3179, Australia"
SRPVSAR1,Happy Valley Water Filtration Plant (HAVWTP) - Solar - SA,SA,12.825,5159,Solar,13/10/2022,Unsuspended,0,,"Happy Valley Water Filtration Plant (HAVWTP) - Solar - SA, SA, 5159, Australia",-35.0725867,138.571263,OK,"Happy Valley Reservoir, Happy Valley SA 5159, Australia"
SRPXNSA7,Apollo Kitchen - Solar w SGU - NSW,NSW,0.2997,2164,Solar,9/10/2022,Unsuspended,0,,"Apollo Kitchen - Solar w SGU - NSW, NSW, 2164, Australia",-33.8444679,150.9366317,OK,"65 Long St, Smithfield NSW 2164, Australia"
SRPVQLW9,AAT Port Of Brisbane-Solar w SGU-QLD,QLD,0.3,4178,Solar,26/09/2022,Unsuspended,0,,"AAT Port Of Brisbane-Solar w SGU-QLD, QLD, 4178, Australia",-27.3803206,153.1693964,OK,"45 Port Dr, Port Of Brisbane QLD 4178, Australia"
SRPVQLX0,Josam Unit Trust (Samin Sheet Metal) - Solar w SGU - QLD,QLD,0.1879,4131,Solar,26/09/2022,Unsuspended,0,,"Josam Unit Trust (Samin Sheet Metal) - Solar w SGU - QLD, QLD, 4131, Australia",-27.6667566,153.1327233,OK,"65 Nealdon Dr, Meadowbrook QLD 4131, Australia"
SRPVWAF7,Pilbara Motor Group - Solar - WA,WA,0.3996,6714,Solar,20/09/2022,Unsuspended,0,,"Pilbara Motor Group - Solar - WA, WA, 6714, Australia",-20.747298,116.7868616,OK,"8 Corringer Ave, Karratha WA 6714, Australia"
SRPXVC96,"1 Botero Place, Truganina - Solar - VIC",VIC,0.3536,3029,Solar,8/09/2022,Unsuspended,0,,"1 Botero Place, Truganina - Solar - VIC, VIC, 3029, Australia",-37.8161373,144.7343674,OK,"1 Botero Pl, Truganina VIC 3029, Australia"
SRPXVC94,GPT Chirnside Park - Solar - VIC,VIC,0.651,3116,Solar,25/08/2022,Unsuspended,0,,"GPT Chirnside Park - Solar - VIC, VIC, 3116, Australia",-37.7373267,145.3088196,OK,"Chirnside Park VIC 3116, Australia"
SRPXVC86,South Gippsland Water - Lance Creek Plant - Solar - VIC,VIC,0.6796,3979,Solar,20/06/2022,Unsuspended,0,,"South Gippsland Water - Lance Creek Plant - Solar - VIC, VIC, 3979, Australia",-38.5187493,145.6747459,OK,"300 Kongwak Rd, Glen Alvie VIC 3979, Australia"
SRPVWAF2,Ningaloo Visitors Center - Solar wSGU -WA,WA,0.2595,6707,Solar,22/04/2022,Unsuspended,0,,"Ningaloo Visitors Center - Solar wSGU -WA, WA, 6707, Australia",-22.7070892,113.7457823,OK,"Ningaloo WA 6701, Australia"
SRPXVC83,Phoenix Community College - Solar  - VIC,VIC,0.1998,3356,Solar,12/04/2022,Unsuspended,0,,"Phoenix Community College - Solar  - VIC, VIC, 3356, Australia",-37.5866034,143.832624,OK,"53/71 Hertford St, Sebastopol VIC 3356, Australia"
SRPVQLV2,Mareeba Wastewater Plant - Solar PV - QLD,QLD,0.1295,4880,Solar,4/03/2022,Unsuspended,0,,"Mareeba Wastewater Plant - Solar PV - QLD, QLD, 4880, Australia",-16.9973592,145.423065,OK,"Mareeba QLD 4880, Australia"
SRPVQLV1,Mareeba Water Treatment Plant - Solar - QLD,QLD,0.1436,4880,Solar,3/03/2022,Unsuspended,0,,"Mareeba Water Treatment Plant - Solar - QLD, QLD, 4880, Australia",-16.9684391,145.4095151,OK,"35 Hickling Ave, Mareeba QLD 4880, Australia"
SRPXNS41,Oaks Hotel Goldsbrough - Solar  - NSW,NSW,0.1759,2009,Solar,15/10/2021,Unsuspended,0,,"Oaks Hotel Goldsbrough - Solar  - NSW, NSW, 2009, Australia",-33.8740625,151.1972588,OK,"243 Pyrmont St, Darling Harbour NSW 2009, Australia"
SRPVQLS9,Thargomindah Cooling Ponds - Solar w SGU - QLD,QLD,0.239,4492,Solar,7/09/2021,Unsuspended,0,,"Thargomindah Cooling Ponds - Solar w SGU - QLD, QLD, 4492, Australia",-27.9968782,143.8219847,OK,"Thargomindah QLD 4492, Australia"
SRPVSAW4,Glenelg Waste Water Treatment Plant (GLGWWTP) - Solar - SA,SA,1.32,5045,Solar,26/06/2020,Unsuspended,0,,"Glenelg Waste Water Treatment Plant (GLGWWTP) - Solar - SA, SA, 5045, Australia",-34.980383,138.5131191,OK,"Glenelg SA 5045, Australia"
BEBGNS37,Raymond Tce - LFG - NSW,NSW,1.123,2324,Biomass,22/06/2023,Unsuspended,0,,"Raymond Tce - LFG - NSW, NSW, 2324, Australia",-32.7613806,151.6988257,OK,"Raymond Terrace Rd, Osterley NSW 2324, Australia"
BEBGVC27,Kia-Ora Piggery Martins Road - Agricultural Waste - VIC,VIC,0.2,3575,Biomass,10/08/2022,Unsuspended,0,,"Kia-Ora Piggery Martins Road - Agricultural Waste - VIC, VIC, 3575, Australia",-36.1769811,143.995486,OK,"413 Yarrawalla W Rd, Yarrawalla VIC 3575, Australia"
BEBGSA08,Naracoorte Cogeneration - Biogas - SA,SA,0.55,5271,Biomass,11/05/2022,Unsuspended,0,,"Naracoorte Cogeneration - Biogas - SA, SA, 5271, Australia",-36.9569884,140.7417779,OK,"Naracoorte SA 5271, Australia"
WCMGNS03,Teralba Power Plant - WCMG - NSW,NSW,3.11,2284,Biomass,1/07/2012,Suspended,0,,"Teralba Power Plant - WCMG - NSW, NSW, 2284, Australia",-32.9524472,151.6187438,OK,"Teralba NSW 2284, Australia"
WCMGNS02,West VAMP Power Station - WCMG - NSW,NSW,6.5,2560,Biomass,1/07/2012,Suspended,0,,"West VAMP Power Station - WCMG - NSW, NSW, 2560, Australia",-34.2364674,150.8144215,OK,"Wedderburn NSW 2560, Australia"
WCMGNS01,Tahmoor Power Plant - WCMG - NSW,NSW,7.26,2573,Biomass,1/07/2012,Suspended,0,,"Tahmoor Power Plant - WCMG - NSW, NSW, 2573, Australia",-34.2246566,150.5929466,OK,"Tahmoor NSW 2573, Australia"
WCMGNS04,Glennies Creek Power Plant - WCMG - NSW,NSW,11.69,2330,Biomass,1/07/2012,Suspended,0,,"Glennies Creek Power Plant - WCMG - NSW, NSW, 2330, Australia",-32.4612156,151.1069328,OK,"Glennies Creek NSW 2330, Australia"
WCMGQL03,Oaky Creek Power Plant - WCMG - QLD,QLD,35.9,4709,Biomass,1/07/2012,Suspended,0,,"Oaky Creek Power Plant - WCMG - QLD, QLD, 4709, Australia",-28.1913043,152.9375365,OK,"Oaky Creek QLD 4285, Australia"
WCMGQL01,German Creek Power Station - WCMG - QLD,QLD,45.0,4746,Biomass,1/07/2012,Suspended,0,,"German Creek Power Station - WCMG - QLD, QLD, 4746, Australia",-22.9534755,148.5409629,OK,"Bundoora QLD 4723, Australia"
WCMGQL02,Moranbah North Power Station - WCMG - QLD,QLD,63.8,4744,Biomass,1/07/2012,Suspended,0,,"Moranbah North Power Station - WCMG - QLD, QLD, 4744, Australia",-21.8853292,147.9657585,OK,"Goonyella Rd, Moranbah QLD 4744, Australia"
SRPVVCT9,Glenrowan Solar Farm - VIC,VIC,130.0018,3675,Solar,5/12/2023,Unsuspended,0,,"Glenrowan Solar Farm - VIC, VIC, 3675, Australia",-36.4734501,146.1763697,OK,"Chivers Rd &, Winton-Glenrowan Rd, Glenrowan VIC 3675, Australia"
SRPXVCE7,Cosgrove Solar - Vic,VIC,7.4356,3631,Solar,28/11/2023,Unsuspended,0,,"Cosgrove Solar - Vic, VIC, 3631, Australia",-36.34632879999999,145.6315766,OK,"Cosgrove VIC 3631, Australia"
SRPXQL62,Energy Bay - Deception Bay - Solar wSGU - QLD,QLD,0.64,4508,Solar,24/11/2023,Unsuspended,0,,"Energy Bay - Deception Bay - Solar wSGU - QLD, QLD, 4508, Australia",-27.1859323,153.0206446,OK,"Deception Bay QLD 4508, Australia"
SRPVWAG8,Gudai-Darri Solar Power Station - Solar - WA,WA,43.923,6753,Solar,13/11/2023,Unsuspended,0,,"Gudai-Darri Solar Power Station - Solar - WA, WA, 6753, Australia",-22.5090097,119.0567664,OK,"Newman WA 6753, Australia"
SRPXNS93,Redmud Green Energy 165 Pty Ltd - Solar - NSW,NSW,6.401,2825,Solar,11/11/2023,Unsuspended,0,,"Redmud Green Energy 165 Pty Ltd - Solar - NSW, NSW, 2825, Australia",-31.2532183,146.921099,OK,"New South Wales, Australia"
SRPXQL65,Brendale Asphalt Plant - Solar w SGU - QLD,QLD,0.1953,4500,Solar,2/11/2023,Unsuspended,0,,"Brendale Asphalt Plant - Solar w SGU - QLD, QLD, 4500, Australia",-27.3264861,152.9796004,OK,"Brendale QLD 4500, Australia"
SRPVNSV7,Bunnings Kempsey South - Solar - NSW,NSW,0.25,2440,Solar,31/10/2023,Unsuspended,0,,"Bunnings Kempsey South - Solar - NSW, NSW, 2440, Australia",-31.1015871,152.8303901,OK,"Cnr Macleay Valley Way &, South St, Kempsey NSW 2440, Australia"
SRPXQL73,"Hackett Terrace, Richmond Hill - Solar w SGU-QLD",QLD,0.6173,4820,Solar,26/10/2023,Unsuspended,0,,"Hackett Terrace, Richmond Hill - Solar w SGU-QLD, QLD, 4820, Australia",-20.0657218,146.2629456,OK,"Hackett Terrace, Richmond Hill QLD 4820, Australia"
SRPXNSP4,AU525 Oakdale South 2B1 - Solar - NSW,NSW,0.3508,2178,Solar,24/10/2023,Unsuspended,0,,"AU525 Oakdale South 2B1 - Solar - NSW, NSW, 2178, Australia",-33.8256531,150.8134823,OK,"Oakdale Cl, Mount Vernon NSW 2178, Australia"
SRPXQL56,Great Western Harristown -Solar w SGU - QLD,QLD,0.2004,4350,Solar,12/10/2023,Unsuspended,0,,"Great Western Harristown -Solar w SGU - QLD, QLD, 4350, Australia",-27.5812805,151.9242909,OK,"Harristown QLD 4350, Australia"
SRPXNSM7,Minto PPA- Solar - NSW,NSW,0.2926,2566,Solar,10/10/2023,Unsuspended,0,,"Minto PPA- Solar - NSW, NSW, 2566, Australia",-34.031726,150.8474521,OK,"Minto NSW 2566, Australia"
SRPVWAI8,BP Shinju Broome-Solar w SGU-WA,WA,0.2501,6725,Solar,10/10/2023,Unsuspended,0,,"BP Shinju Broome-Solar w SGU-WA, WA, 6725, Australia",-17.96553,122.22504,OK,"10 Pembroke Rd, Broome WA 6725, Australia"
SRPXNSO1,Coleambally-Solar-NSW,NSW,7.2128,2707,Solar,9/10/2023,Unsuspended,0,,"Coleambally-Solar-NSW, NSW, 2707, Australia",-34.8041228,145.8796545,OK,"Coleambally NSW 2707, Australia"
SRPVWAI6,Tuckabianna-Solar-WA,WA,6.0429,6640,Solar,5/10/2023,Unsuspended,0,,"Tuckabianna-Solar-WA, WA, 6640, Australia",-27.4418546,118.1532482,OK,"Tuckabianna Rd, Western Australia 6640, Australia"
SRPXNSN5,AU875 Moorebank 4 Secombe PL - Solar - NSW,NSW,0.2403,2170,Solar,25/09/2023,Unsuspended,0,,"AU875 Moorebank 4 Secombe PL - Solar - NSW, NSW, 2170, Australia",-33.9426413,150.9253253,OK,"4 Secombe Pl, Moorebank NSW 2170, Australia"
SRPXQL49,Big Tyre Rockville - Solar w SGU - QLD,QLD,0.2169,4350,Solar,21/09/2023,Unsuspended,0,,"Big Tyre Rockville - Solar w SGU - QLD, QLD, 4350, Australia",-27.541247,151.940955,OK,"226 North St, Rockville QLD 4350, Australia"
SRPXNSN1,BIG W Inverell 116 - Solar - NSW,NSW,0.1996,2360,Solar,21/09/2023,Unsuspended,0,,"BIG W Inverell 116 - Solar - NSW, NSW, 2360, Australia",-29.7724813,151.110833,OK,"1 Vivian St, Inverell NSW 2360, Australia"
SRPXVCG4,DHLS Truganina WH1 - Solar - VIC,VIC,0.1998,3029,Solar,21/09/2023,Unsuspended,0,,"DHLS Truganina WH1 - Solar - VIC, VIC, 3029, Australia",-37.8322176,144.7398637,OK,"21 Shiny Dr, Truganina VIC 3029, Australia"
SRPXNSM9,Woolworths Leppington 1024 - Solar - NSW,NSW,0.3533,2179,Solar,20/09/2023,Unsuspended,0,,"Woolworths Leppington 1024 - Solar - NSW, NSW, 2179, Australia",-33.964609,150.7994855,OK,"Solar St, Leppington NSW 2179, Australia"
SRPXQL48,Woolworths DC Larapinta 2993 - Solar - QLD,QLD,1.6937,4110,Solar,20/09/2023,Unsuspended,0,,"Woolworths DC Larapinta 2993 - Solar - QLD, QLD, 4110, Australia",-27.6396798,153.0093366,OK,"Larapinta QLD 4110, Australia"
SRPXNSM8,Darrell Lea Ingleburn - Solar - NSW,NSW,1.4701,2565,Solar,19/09/2023,Unsuspended,0,,"Darrell Lea Ingleburn - Solar - NSW, NSW, 2565, Australia",-33.9904788,150.8545231,OK,"3 Brooks Rd, Ingleburn NSW 2565, Australia"
SRPXQL45,Retail First Sunnybank Hills-Solar-QLD,QLD,0.9997,4109,Solar,13/09/2023,Unsuspended,0,,"Retail First Sunnybank Hills-Solar-QLD, QLD, 4109, Australia",-27.4852123,152.9924062,OK,"Toowong QLD 4066, Australia"
SRPVSAU3,Woolworths Whyalla Westland 5635 - Solar - SA,SA,0.3473,5608,Solar,13/09/2023,Unsuspended,0,,"Woolworths Whyalla Westland 5635 - Solar - SA, SA, 5608, Australia",-33.0277448,137.5322866,OK,"199 Nicolson Ave, Whyalla Norrie SA 5608, Australia"
SRPXNSM1,AU144/179 Oakdale West 4E (Woolworths) - Solar - NSW,NSW,0.7498,2178,Solar,13/09/2023,Unsuspended,0,,"AU144/179 Oakdale West 4E (Woolworths) - Solar - NSW, NSW, 2178, Australia",-33.8769426,150.8027952,OK,"Kemps Creek NSW 2178, Australia"
SRPVWAI2,Binduli Renewables - Solar - WA,WA,2.336,6430,Solar,7/09/2023,Unsuspended,0,,"Binduli Renewables - Solar - WA, WA, 6430, Australia",-30.7969518,121.3895559,OK,"Binduli WA 6430, Australia"
SRPXVCG2,CleanPeak Energy - Ferntree - Solar - VIC,VIC,0.1805,3168,Solar,6/09/2023,Unsuspended,0,,"CleanPeak Energy - Ferntree - Solar - VIC, VIC, 3168, Australia",-37.9211962,145.1320653,OK,"Notting Hill VIC 3168, Australia"
SRPVWAF9,Mt Keith Solar Farm - WA,WA,27.3893,6646,Solar,31/08/2023,Unsuspended,0,,"Mt Keith Solar Farm - WA, WA, 6646, Australia",-27.281731,120.501701,OK,"Mount Keith, Wiluna WA 6646, Australia"
SRPVWAF8,Leinster Solar Farm - WA,WA,10.7584,6437,Solar,31/08/2023,Unsuspended,0,,"Leinster Solar Farm - WA, WA, 6437, Australia",-27.8170273,120.7471312,OK,"Mt McClure Rd, Leinster WA 6437, Australia"
SRPXQL37,Southern Steel Properties - Solar - QLD,QLD,0.2997,4076,Solar,31/08/2023,Unsuspended,0,,"Southern Steel Properties - Solar - QLD, QLD, 4076, Australia",-27.601658,152.937335,OK,"97 Coulson St, Wacol QLD 4076, Australia"
WD00NS22,FLYERS CREEK WIND FARM-WIND-NSW,NSW,145.54,2791,Wind,31/08/2023,Unsuspended,0,,"FLYERS CREEK WIND FARM-WIND-NSW, NSW, 2791, Australia",-33.60220839999999,149.1271385,OK,"Carcoar NSW 2791, Australia"
SRPXVCG1,Bunnings Clyde North - Solar - VIC,VIC,0.3,3978,Solar,29/08/2023,Unsuspended,0,,"Bunnings Clyde North - Solar - VIC, VIC, 3978, Australia",-38.0923632,145.3334672,OK,"46S Hamersley Dr, Clyde North VIC 3978, Australia"
SRPXVCG0,Bunnings Altona - Solar - VIC,VIC,0.2204,3025,Solar,29/08/2023,Unsuspended,0,,"Bunnings Altona - Solar - VIC, VIC, 3025, Australia",-37.8456117,144.8438528,OK,"Cnr Millers and, Ross Rd, Altona VIC 3018, Australia"
SRPXNSL6,Agile Energy - Calvary Kogarah Hospital - 200kW Solar w SGU - NSW,NSW,0.2,2217,Solar,25/08/2023,Unsuspended,0,,"Agile Energy - Calvary Kogarah Hospital - 200kW Solar w SGU - NSW, NSW, 2217, Australia",-33.976203,151.1363081,OK,"91/111 Rocky Point Rd, Kogarah__ NSW 2217, Australia"
SRPXNSL8,AU643 The Iconic 19 Berry St - Solar - NSW,NSW,0.2889,2142,Solar,23/08/2023,Unsuspended,0,,"AU643 The Iconic 19 Berry St - Solar - NSW, NSW, 2142, Australia",-33.8349537,151.0197854,OK,"19 Berry St, Clyde NSW 2142, Australia"
SRPVWAI1,Sandstone Renewable Energy Facility - Solar and BESS - WA,WA,0.1635,6639,Solar,23/08/2023,Unsuspended,0,,"Sandstone Renewable Energy Facility - Solar and BESS - WA, WA, 6639, Australia",-28.6401506,119.0459927,OK,"Sandstone WA 6639, Australia"
SRPXNS92,Redmud Green Energy 147 Pty Ltd - Solar - NSW,NSW,6.435,2350,Solar,21/08/2023,Unsuspended,0,,"Redmud Green Energy 147 Pty Ltd - Solar - NSW, NSW, 2350, Australia",-30.4941859,151.9813913,OK,"New South Wales 2350, Australia"
SRPXNSM0,Redmud Green Energy 148 Pty Ltd - Solar - NSW,NSW,6.4353,2647,Solar,16/08/2023,Unsuspended,0,,"Redmud Green Energy 148 Pty Ltd - Solar - NSW, NSW, 2647, Australia",-35.9286597,146.0472969,OK,"Mulwala NSW 2647, Australia"
SRPVSAU2,Agile Energy - Treadwell - 230kW Solar w SGU - SA,SA,0.2295,5255,Solar,16/08/2023,Unsuspended,0,,"Agile Energy - Treadwell - 230kW Solar w SGU - SA, SA, 5255, Australia",-30.0002315,136.2091547,OK,"South Australia, Australia"
SRPXNSL5,Dairy Farm Mathoura - Solar w SGU - NSW,NSW,0.1711,2710,Solar,14/08/2023,Unsuspended,0,,"Dairy Farm Mathoura - Solar w SGU - NSW, NSW, 2710, Australia",-35.81300770000001,144.9028923,OK,"Mathoura NSW 2710, Australia"
SRPVWAI0,Narrakine Hay - Solar - WA,WA,0.44,6391,Solar,7/08/2023,Unsuspended,0,,"Narrakine Hay - Solar - WA, WA, 6391, Australia",-32.936054,116.771194,OK,"11661 Albany Hwy, Williams WA 6391, Australia"
SRPXNSL2,Woolworths Shellharbour 1197 - Solar - NSW,NSW,0.3997,2529,Solar,3/08/2023,Unsuspended,0,,"Woolworths Shellharbour 1197 - Solar - NSW, NSW, 2529, Australia",-34.5642578,150.839371,OK,"211 Lake Entrance Rd, Shellharbour NSW 2529, Australia"
SRPVSAU0,Woolworths Victor Harbor SM 5653 - Solar - SA,SA,0.2714,5211,Solar,2/08/2023,Unsuspended,0,,"Woolworths Victor Harbor SM 5653 - Solar - SA, SA, 5211, Australia",-35.5535924,138.6201182,OK,"37 Torrens St, Victor Harbor SA 5211, Australia"
SRPXNSK9,AU543 Pack Centre B 15-23 Quarry Rd - Solar - NSW,NSW,0.2691,2759,Solar,2/08/2023,Unsuspended,0,,"AU543 Pack Centre B 15-23 Quarry Rd - Solar - NSW, NSW, 2759, Australia",-33.8185272,150.7782592,OK,"15-23 Quarry Rd, Erskine Park NSW 2759, Australia"
SRPXNSL0,AU543 Erskine Park Bdg E 33-83 Quarry - Solar - NSW,NSW,0.2494,2759,Solar,2/08/2023,Unsuspended,0,,"AU543 Erskine Park Bdg E 33-83 Quarry - Solar - NSW, NSW, 2759, Australia",-33.8161651,150.7814657,OK,"33-83 Quarry Rd, Erskine Park NSW 2759, Australia"
SRPXVCF6,Bunnings Warragul - Solar  - VIC,VIC,0.3,3820,Solar,31/07/2023,Unsuspended,0,,"Bunnings Warragul - Solar  - VIC, VIC, 3820, Australia",-38.1674967,145.9542582,OK,"Corner Corner of Queen st and, Hazel Dr, Warragul VIC 3820, Australia"
SRPXVCF7,OLERS - Steamatic-Fisher's Cleaning Pty Ltd - Solar - VIC,VIC,0.154,3195,Solar,31/07/2023,Unsuspended,0,,"OLERS - Steamatic-Fisher's Cleaning Pty Ltd - Solar - VIC, VIC, 3195, Australia",-38.0005492,145.1044805,OK,"Aspendale VIC 3195, Australia"
SRPVSAS1,Tailem Bend 2 Solar Farm - Solar - SA,SA,117.873,5260,Solar,31/07/2023,Unsuspended,0,,"Tailem Bend 2 Solar Farm - Solar - SA, SA, 5260, Australia",-35.252887,139.4534849,OK,"Tailem Bend SA 5260, Australia"
SRPXNSK1,Mazda Blacktown - Solar w SGU - NSW,NSW,0.2998,2148,Solar,31/07/2023,Unsuspended,0,,"Mazda Blacktown - Solar w SGU - NSW, NSW, 2148, Australia",-33.7570618,150.9141307,OK,"106 Sunnyholt Rd, Blacktown NSW 2148, Australia"
SRPVTA19,Old Tudor 195.8kW - Solar w SGU - TAS,TAS,0.1958,7250,Solar,31/07/2023,Unsuspended,0,,"Old Tudor 195.8kW - Solar w SGU - TAS, TAS, 7250, Australia",-41.4708551,147.1352626,OK,"229 Westbury Rd, Prospect TAS 7250, Australia"
SRPVSAT9,HPS Transport  - Solar  - SA,SA,0.2937,5010,Solar,28/07/2023,Unsuspended,0,,"HPS Transport  - Solar  - SA, SA, 5010, Australia",-34.8559923,138.5729057,OK,"33 Naweena Rd, Regency Park SA 5010, Australia"
SRPVTA18,Bunnings Mornington - Solar  - TAS,TAS,0.28,7018,Solar,28/07/2023,Unsuspended,0,,"Bunnings Mornington - Solar  - TAS, TAS, 7018, Australia",-42.8617335,147.3921345,OK,"25 South Arm Highway, Mornington TAS 7018, Australia"
SRPVSAT8,Agile Energy - Calvary Flora - 260kW PV w SGU - SA,SA,0.2651,5033,Solar,28/07/2023,Unsuspended,0,,"Agile Energy - Calvary Flora - 260kW PV w SGU - SA, SA, 5033, Australia",-34.9321541,138.5588343,OK,"206 Sir Donald Bradman Dr, Cowandilla SA 5033, Australia"
SRPXVCF5,SCG Knox - Solar - Vic,VIC,1.6507,3152,Solar,27/07/2023,Unsuspended,0,,"SCG Knox - Solar - Vic, VIC, 3152, Australia",-37.8668518,145.220397,OK,"Knox City Centre VIC 3152, Australia"
SRPXVCF4,SCG Fountain Gate - Solar - Vic,VIC,2.8128,3805,Solar,27/07/2023,Unsuspended,0,,"SCG Fountain Gate - Solar - Vic, VIC, 3805, Australia",-38.0172493,145.3042913,OK,"22-55 Overland Dr, Narre Warren VIC 3805, Australia"
SRPXQL30,Bunnings Caboolture - Solar  -QLD,QLD,0.3,4510,Solar,25/07/2023,Unsuspended,0,,"Bunnings Caboolture - Solar  -QLD, QLD, 4510, Australia",-27.0425989,152.9744535,OK,"459 Pumicestone Rd, Caboolture QLD 4510, Australia"
SRPXVCF2,Bunnings Delacombe - Solar - VIC,VIC,0.27,3356,Solar,25/07/2023,Unsuspended,0,,"Bunnings Delacombe - Solar - VIC, VIC, 3356, Australia",-37.5916214,143.8076827,OK,"307 Smythes Rd, Delacombe VIC 3356, Australia"
SRPXNSK6,AU543 Erskine Park Bdg A 33-83 Quarry - Solar - NSW,NSW,0.1752,2759,Solar,25/07/2023,Unsuspended,0,,"AU543 Erskine Park Bdg A 33-83 Quarry - Solar - NSW, NSW, 2759, Australia",-33.8161651,150.7814657,OK,"a/33-83 Quarry Rd, Erskine Park NSW 2759, Australia"
SRPXNSK5,AU543 Erskine Park Building A 15-23 Quarry - Solar w SGU - NSW,NSW,0.313,2759,Solar,25/07/2023,Unsuspended,0,,"AU543 Erskine Park Building A 15-23 Quarry - Solar w SGU - NSW, NSW, 2759, Australia",-33.8037188,150.8046117,OK,"Erskine park, Swallow Dr, Erskine Park NSW 2759, Australia"
SRPXNSK4,Kemps Creek Witron System - Solar - NSW,NSW,3.5,2178,Solar,24/07/2023,Unsuspended,0,,"Kemps Creek Witron System - Solar - NSW, NSW, 2178, Australia",-33.8805637,150.7927925,OK,"Kemps Creek NSW 2178, Australia"
WD00NS21,Rye Park Wind Farm - Wind - NSW,NSW,396.0,2586,Wind,20/07/2023,Unsuspended,0,,"Rye Park Wind Farm - Wind - NSW, NSW, 2586, Australia",-34.6330637,148.9532541,OK,"9X83+Q8, Rye Park NSW 2586, Australia"
SRPXQL28,Schutz Yatala - Solar  - QLD,QLD,0.3245,4207,Solar,19/07/2023,Unsuspended,0,,"Schutz Yatala - Solar  - QLD, QLD, 4207, Australia",-27.7683029,153.2261657,OK,"23 Arthur Dixon Ct, Yatala QLD 4207, Australia"
SRPXVCF0,Derrimut Village HMC - Solar w SGU - VIC,VIC,0.2055,3026,Solar,19/07/2023,Unsuspended,0,,"Derrimut Village HMC - Solar w SGU - VIC, VIC, 3026, Australia",-37.8294185,144.7796581,OK,"Derrimut VIC 3026, Australia"
SRPXNSK3,Teys Tamworth Solar Farm - Solar - NSW,NSW,2.0147,2340,Solar,19/07/2023,Unsuspended,0,,"Teys Tamworth Solar Farm - Solar - NSW, NSW, 2340, Australia",-31.06484459999999,150.8562163,OK,"Westdale NSW 2340, Australia"
SRPXNSJ8,Narellan Town Centre - Solar - NSW,NSW,2.632,2567,Solar,13/07/2023,Unsuspended,0,,"Narellan Town Centre - Solar - NSW, NSW, 2567, Australia",-34.0403993,150.7370264,OK,"326 Camden Valley Wy, Narellan NSW 2567, Australia"
SRPXNSK0,COCHLEAR LANE COVE FRONT OFFICE - SOLAR w SGU - NSW,NSW,0.1788,2066,Solar,12/07/2023,Unsuspended,0,,"COCHLEAR LANE COVE FRONT OFFICE - SOLAR w SGU - NSW, NSW, 2066, Australia",-33.8110539,151.1483485,OK,"14 Mars Rd, Lane Cove West NSW 2066, Australia"
SRPXNSJ7,Woolworths Wollongong 1030 - Solar - NSW,NSW,0.3942,2500,Solar,11/07/2023,Unsuspended,0,,"Woolworths Wollongong 1030 - Solar - NSW, NSW, 2500, Australia",-34.4248336,150.8931132,OK,"Wollongong NSW 2500, Australia"
SRPXVCE6,Woolworths Brunswick 3118 - Solar - VIC,VIC,0.3933,3056,Solar,11/07/2023,Unsuspended,0,,"Woolworths Brunswick 3118 - Solar - VIC, VIC, 3056, Australia",-37.7670402,144.9621239,OK,"Brunswick VIC 3056, Australia"
SRPXQL26,Woolworths Riverway Plaza 2623 - Solar - QLD,QLD,0.3436,4815,Solar,11/07/2023,Unsuspended,0,,"Woolworths Riverway Plaza 2623 - Solar - QLD, QLD, 4815, Australia",-19.3635704,146.7308923,OK,"1225 Riverway Dr, Rasmussen QLD 4815, Australia"
SRPVAC38,Civic Quarter 2 - Solar - ACT,ACT,0.192,2601,Solar,6/07/2023,Unsuspended,0,,"Civic Quarter 2 - Solar - ACT, ACT, 2601, Australia",-35.2761905,149.1305232,OK,"70 Northbourne Ave, Canberra ACT 2601, Australia"
SRPXQL24,Retail First Strathpine-Solar-QLD,QLD,0.9986,4500,Solar,5/07/2023,Unsuspended,0,,"Retail First Strathpine-Solar-QLD, QLD, 4500, Australia",-27.3016114,152.988406,OK,"Strathpine QLD 4500, Australia"
SRPXQL20,Westside Christian College Junior - Solar w SGU - QLD,QLD,0.1592,4300,Solar,3/07/2023,Unsuspended,0,,"Westside Christian College Junior - Solar w SGU - QLD, QLD, 4300, Australia",-27.6106398,152.887444,OK,"65 Stuart St, Goodna QLD 4300, Australia"
SRPXQL25,BOC Townsville - Solar w SGU - QLD,QLD,0.2314,4814,Solar,3/07/2023,Unsuspended,0,,"BOC Townsville - Solar w SGU - QLD, QLD, 4814, Australia",-19.2878252,146.7552341,OK,"Cranbrook QLD 4814, Australia"
SRPVSAT4,Eiwomple Solar & BESS - Solar - SA,SA,4.958,5260,Solar,1/07/2023,Unsuspended,0,,"Eiwomple Solar & BESS - Solar - SA, SA, 5260, Australia",-35.3064118,139.5076392,OK,"Elwomple SA 5260, Australia"
SRPXQL16,Bunnings Keperra - Solar - QLD,QLD,0.3,4054,Solar,30/06/2023,Unsuspended,0,,"Bunnings Keperra - Solar - QLD, QLD, 4054, Australia",-27.4195224,152.949537,OK,"481 Settlement Rd, Keperra QLD 4054, Australia"
SRPXNSJ5,Wathagar Solar NSW,NSW,8.6554,2400,Solar,30/06/2023,Unsuspended,0,,"Wathagar Solar NSW, NSW, 2400, Australia",-29.5479509,149.5671176,OK,"Wathagar, 3168 Gwydir Hwy, Moree NSW 2400, Australia"
SRPXQL18,Retail First Calamvale-Solar-QLD,QLD,0.5002,4116,Solar,30/06/2023,Unsuspended,0,,"Retail First Calamvale-Solar-QLD, QLD, 4116, Australia",-27.6235502,153.04836,OK,"Calamvale QLD 4116, Australia"
SRPXVCD9,Symbio - Solar - VIC,VIC,0.2998,3023,Solar,28/06/2023,Unsuspended,0,,"Symbio - Solar - VIC, VIC, 3023, Australia",-37.7792608,144.7520289,OK,"36 Business Park Dr, Ravenhall VIC 3023, Australia"
SRPVWAH9,Bunnings Armadale - Solar - WA,WA,0.24,6112,Solar,28/06/2023,Unsuspended,0,,"Bunnings Armadale - Solar - WA, WA, 6112, Australia",-32.145445,115.972691,OK,"Armadale Rd, Armadale WA 6112, Australia"
SRPXQL15,BIDFOOD COLMSLIE - SOLAR - QLD,QLD,0.1749,4170,Solar,26/06/2023,Unsuspended,0,,"BIDFOOD COLMSLIE - SOLAR - QLD, QLD, 4170, Australia",-27.4547654,153.086345,OK,"59 Pegasus Pl, Morningside QLD 4170, Australia"
SRPVSAT5,BIDFOOD NTH PLYMPTON - SOLAR - SA,SA,0.3033,5037,Solar,26/06/2023,Unsuspended,0,,"BIDFOOD NTH PLYMPTON - SOLAR - SA, SA, 5037, Australia",-34.955254,138.5416337,OK,"65 Deeds Rd, North Plympton SA 5037, Australia"
SRPXVCD5,Chadstone Place - Solar - VIC,VIC,0.4395,3145,Solar,26/06/2023,Unsuspended,0,,"Chadstone Place - Solar - VIC, VIC, 3145, Australia",-37.8871966,145.0852429,OK,"1341 Dandenong Rd, Malvern East VIC 3145, Australia"
SRPXVCD7,Chadstone Terrace - Solar - VIC,VIC,0.1993,3145,Solar,26/06/2023,Unsuspended,0,,"Chadstone Terrace - Solar - VIC, VIC, 3145, Australia",-37.8839123,145.0787776,OK,"Chadstone Rd, Darling VIC 3145, Australia"
SRPXNSI9,Woolworths Swansea 1244 - Solar - NSW,NSW,0.288,2281,Solar,21/06/2023,Unsuspended,0,,"Woolworths Swansea 1244 - Solar - NSW, NSW, 2281, Australia",-33.0894012,151.6370735,OK,"Swansea NSW 2281, Australia"
SRPXNSJ0,Big W Cessnock 132 - Solar - NSW,NSW,0.2001,2325,Solar,21/06/2023,Unsuspended,0,,"Big W Cessnock 132 - Solar - NSW, NSW, 2325, Australia",-32.8349481,151.3524712,OK,"10 Darwin St, Cessnock NSW 2325, Australia"
SRPXQL13,Weipa Solar Farm 2 - Solar - QLD,QLD,5.3827,4874,Solar,19/06/2023,Unsuspended,0,,"Weipa Solar Farm 2 - Solar - QLD, QLD, 4874, Australia",-12.6492936,141.8469901,OK,"Weipa Town QLD, Australia"
SRPXQL12,WRC Proserpine Water Treatment Plant - Solar - QLD,QLD,0.2006,4800,Solar,13/06/2023,Unsuspended,0,,"WRC Proserpine Water Treatment Plant - Solar - QLD, QLD, 4800, Australia",-20.3907756,148.5651702,OK,"Pound Yard Rd, Proserpine QLD 4800, Australia"
SRPXQL10,Rollpress Proplate Wacol - Solar w SGU - QLD,QLD,0.2998,4076,Solar,8/06/2023,Unsuspended,0,,"Rollpress Proplate Wacol - Solar w SGU - QLD, QLD, 4076, Australia",-27.5786368,152.9264759,OK,"Darra QLD 4076, Australia"
SRPXNSI6,AU525 Oakdale South 2B2 - Solar - NSW,NSW,0.3508,2178,Solar,8/06/2023,Unsuspended,0,,"AU525 Oakdale South 2B2 - Solar - NSW, NSW, 2178, Australia",-33.8256531,150.8134823,OK,"Oakdale Cl, Mount Vernon NSW 2178, Australia"
SRPXNSJ2,AU146 Cumberlands 146 Warren Rd - Solar - NSW,NSW,0.1991,2164,Solar,5/06/2023,Unsuspended,0,,"AU146 Cumberlands 146 Warren Rd - Solar - NSW, NSW, 2164, Australia",-33.8474581,150.9502451,OK,"146 Warren Rd, Smithfield NSW 2164, Australia"
SRPXVCD2,North East Water - Solar - Vic,VIC,3.454,3690,Solar,2/06/2023,Unsuspended,0,,"North East Water - Solar - Vic, VIC, 3690, Australia",-36.1341323,146.9021453,OK,"83 Thomas Mitchell Dr, Wodonga VIC 3690, Australia"
SRPXNSI8,BUNNINGS Chatswood - Solar  - NSW,NSW,0.28,2067,Solar,1/06/2023,Unsuspended,0,,"BUNNINGS Chatswood - Solar  - NSW, NSW, 2067, Australia",-33.7856294,151.1991257,OK,"Smith St, Chatswood NSW 2067, Australia"
SRPXQL07,AU903 Redbank Motorway Complex - Solar - QLD,QLD,0.8547,4301,Solar,1/06/2023,Unsuspended,0,,"AU903 Redbank Motorway Complex - Solar - QLD, QLD, 4301, Australia",-27.5919498,152.880261,OK,"Monash Rd, Redbank QLD 4301, Australia"
SRPXNSI4,TaiTung Australia Pty Ltd - Solar w SGU - NSW,NSW,0.209,2170,Solar,1/06/2023,Unsuspended,0,,"TaiTung Australia Pty Ltd - Solar w SGU - NSW, NSW, 2170, Australia",-33.9295031,150.9361538,OK,"355/359 Newbridge Rd, Moorebank NSW 2170, Australia"
SRPXQL08,Stuartholme School W SGU QLD,QLD,0.2443,4066,Solar,31/05/2023,Unsuspended,0,,"Stuartholme School W SGU QLD, QLD, 4066, Australia",-27.4695073,152.9737555,OK,"365 Birdwood Ter, Toowong QLD 4066, Australia"
HYMCVC11,St Albans Mini-Hydro - VIC,VIC,0.4,3021,Hydro,29/05/2023,Unsuspended,0,,"St Albans Mini-Hydro - VIC, VIC, 3021, Australia",-37.7435941,144.8016402,OK,"Kealba VIC 3021, Australia"
SRPVSAS9,Philmac-Solar w SGU-SA,SA,0.505,5037,Solar,29/05/2023,Unsuspended,0,,"Philmac-Solar w SGU-SA, SA, 5037, Australia",-34.9545329,138.5512419,OK,"North Plympton SA 5037, Australia"
SRPVSAT2,Tindo Mawson Lakes - Solar w SGU - SA,SA,0.2223,5095,Solar,24/05/2023,Unsuspended,0,,"Tindo Mawson Lakes - Solar w SGU - SA, SA, 5095, Australia",-34.8159646,138.6205846,OK,"6-8 Park Way, Mawson Lakes SA 5095, Australia"
SRPXNSI3,Charles Sturt University Bathurst Campus - Solar w SGU - NSW,NSW,1.1352,2795,Solar,24/05/2023,Unsuspended,0,,"Charles Sturt University Bathurst Campus - Solar w SGU - NSW, NSW, 2795, Australia",-33.4299847,149.5659992,OK,"Panorama Ave, Bathurst NSW 2795, Australia"
SRPXVCD1,Donvale Christian College - Solar - VIC,VIC,0.1456,3111,Solar,23/05/2023,Unsuspended,0,,"Donvale Christian College - Solar - VIC, VIC, 3111, Australia",-37.7738942,145.1943035,OK,"155 Tindals Rd, Donvale VIC 3111, Australia"
SRPVSAT1,Kilburn - Solar w SGU - SA,SA,0.4995,5084,Solar,23/05/2023,Unsuspended,0,,"Kilburn - Solar w SGU - SA, SA, 5084, Australia",-34.8581132,138.583101,OK,"Kilburn SA 5084, Australia"
SRPXVCD0,Rosebud RSL Sub Branch Inc - Solar w SGU - VIC,VIC,0.2094,3939,Solar,23/05/2023,Unsuspended,0,,"Rosebud RSL Sub Branch Inc - Solar w SGU - VIC, VIC, 3939, Australia",-38.3680692,144.9051632,OK,"117 Eastbourne Rd, Rosebud VIC 3939, Australia"
SRPVQLZ3,Wandoan Solar Farm 1 - Qld,QLD,167.0976,4419,Solar,22/05/2023,Unsuspended,0,,"Wandoan Solar Farm 1 - Qld, QLD, 4419, Australia",-26.2629642,149.772688,OK,"Woleebee QLD 4419, Australia"
SRPXNSH9,Greenway- Solar w SGU - NSW,NSW,0.7269,2164,Solar,19/05/2023,Unsuspended,0,,"Greenway- Solar w SGU - NSW, NSW, 2164, Australia",-33.8492918,150.9132815,OK,"Wetherill Park NSW 2164, Australia"
SRPXNSI1,Woolworths Forbes 1307 - Solar - NSW,NSW,0.2479,2871,Solar,18/05/2023,Unsuspended,0,,"Woolworths Forbes 1307 - Solar - NSW, NSW, 2871, Australia",-33.3848651,148.0057651,OK,"130-134 Rankin St, Forbes NSW 2871, Australia"
SRPXNSI0,Bunnings Marsden Park - Solar - NSW,NSW,0.46,2765,Solar,18/05/2023,Unsuspended,0,,"Bunnings Marsden Park - Solar - NSW, NSW, 2765, Australia",-33.71698310000001,150.8421899,OK,"Cnr Richmond Rd &, Hollinsworth Rd, Marsden Park NSW 2765, Australia"
SRPVSAS0,Woolworths Gawler 5617 - Solar - SA,SA,0.3713,5118,Solar,16/05/2023,Unsuspended,0,,"Woolworths Gawler 5617 - Solar - SA, SA, 5118, Australia",-34.59720739999999,138.7490985,OK,"Gawler SA 5118, Australia"
SRPVAC37,Gungahlin Lakes Golf & Community Club - Solar - ACT,ACT,0.3371,2913,Solar,12/05/2023,Unsuspended,0,,"Gungahlin Lakes Golf & Community Club - Solar - ACT, ACT, 2913, Australia",-35.1865073,149.117039,OK,"110 Gundaroo Dr, Nicholls ACT 2913, Australia"
SRPVSAT0,Mannum Adelaide Pumping Station No 3 (MAPL3) - Solar - SA,SA,16.2154,5237,Solar,11/05/2023,Unsuspended,0,,"Mannum Adelaide Pumping Station No 3 (MAPL3) - Solar - SA, SA, 5237, Australia",-34.9284989,138.6007456,OK,"Adelaide SA, Australia"
SRPXNSH8,Danthonia Designs - Solar w SGU - NSW,NSW,0.1786,2360,Solar,10/05/2023,Unsuspended,0,,"Danthonia Designs - Solar w SGU - NSW, NSW, 2360, Australia",-29.780532,151.346963,OK,"4188 Gwydir Highway, Elsmore NSW 2360, Australia"
SRPXVCC7,Endeavour Court - Solar - VIC,VIC,1.1016,3175,Solar,10/05/2023,Unsuspended,0,,"Endeavour Court - Solar - VIC, VIC, 3175, Australia",-38.0561846,145.2197428,OK,"Endeavour Crt, Dandenong South VIC 3175, Australia"
SRPXVCC9,ELS Environmental - Solar - VIC,VIC,0.209,3175,Solar,10/05/2023,Unsuspended,0,,"ELS Environmental - Solar - VIC, VIC, 3175, Australia",-38.0087308,145.2458866,OK,"99 Princes Hwy, Dandenong South VIC 3175, Australia"
SRPXNSG2,Wyalong Solar Farm - Solar - NSW,NSW,75.0341,2671,Solar,9/05/2023,Unsuspended,0,,"Wyalong Solar Farm - Solar - NSW, NSW, 2671, Australia",-33.8931899,147.3178945,OK,"1409 Newell Hwy, Wyalong NSW 2671, Australia"
SRPXQL05,MACKAY CRICKET ASSOCIATION INC. - Solar - QLD,QLD,0.1848,4740,Solar,5/05/2023,Unsuspended,0,,"MACKAY CRICKET ASSOCIATION INC. - Solar - QLD, QLD, 4740, Australia",-21.1591535,149.1842277,OK,"89 Juliet St, South Mackay QLD 4740, Australia"
SRPVSAS7,Hollywood Plaza - Salisbury Downs - Solar - SA,SA,1.5819,5108,Solar,5/05/2023,Unsuspended,0,,"Hollywood Plaza - Salisbury Downs - Solar - SA, SA, 5108, Australia",-34.7678525,138.6242311,OK,"Cnr Spains Road and, Winzor St, Salisbury Downs SA 5108, Australia"
SRPXQL03,AU905 Redbank Motorway Complex - Solar - QLD,QLD,0.6512,4301,Solar,4/05/2023,Unsuspended,0,,"AU905 Redbank Motorway Complex - Solar - QLD, QLD, 4301, Australia",-27.5919498,152.880261,OK,"Monash Rd, Redbank QLD 4301, Australia"
SRPVWAH6,Denham Renewable Energy Facility - Solar - WA,WA,1.3457,6537,Solar,4/05/2023,Unsuspended,0,,"Denham Renewable Energy Facility - Solar - WA, WA, 6537, Australia",-25.9282531,113.5398582,OK,"Denham WA 6537, Australia"
SRPXNSH7,Bunnings Rouse Hill - Solar - NSW,NSW,0.22,2155,Solar,3/05/2023,Unsuspended,0,,"Bunnings Rouse Hill - Solar - NSW, NSW, 2155, Australia",-33.675106,150.9124088,OK,"352 Annangrove Rd, Rouse Hill NSW 2155, Australia"
SRPVWAH7,Warrawoona Solar WA,WA,4.1202,6760,Solar,3/05/2023,Unsuspended,0,,"Warrawoona Solar WA, WA, 6760, Australia",-21.3261111,119.8858333,OK,"Warrawoona Peak, Marble Bar WA 6760, Australia"
SRPXVCC6,OLERS-A Touch Of Glass - Solar - VIC,VIC,0.3445,3201,Solar,1/05/2023,Unsuspended,0,,"OLERS-A Touch Of Glass - Solar - VIC, VIC, 3201, Australia",-38.0864809,145.1726831,OK,"160 Colemans Rd, Carrum Downs VIC 3201, Australia"
SRPXNSH6,"HMC Marsden Park, 9 Hollinsworth Rd - Solar - NSW",NSW,0.8244,2765,Solar,1/05/2023,Unsuspended,0,,"HMC Marsden Park, 9 Hollinsworth Rd - Solar - NSW, NSW, 2765, Australia",-33.719835,150.8399481,OK,"9 Hollinsworth Rd, Marsden Park NSW 2765, Australia"
SRPXNSH3,Minto System 1 - Solar w SGU - NSW,NSW,0.5399,2566,Solar,1/05/2023,Unsuspended,0,,"Minto System 1 - Solar w SGU - NSW, NSW, 2566, Australia",-34.031726,150.8474521,OK,"Minto NSW 2566, Australia"
SRPXNSM6,Minto System 2- Solar w SGU - NSW,NSW,0.1628,2566,Solar,1/05/2023,Unsuspended,0,,"Minto System 2- Solar w SGU - NSW, NSW, 2566, Australia",-34.031726,150.8474521,OK,"Minto NSW 2566, Australia"
SRPVSAS8,Loveday Solar & BESS - Solar - SA,SA,2.0307,5345,Solar,30/04/2023,Unsuspended,0,,"Loveday Solar & BESS - Solar - SA, SA, 5345, Australia",-34.2819179,140.4174702,OK,"Loveday SA 5345, Australia"
SRPVAC33,Agile Energy Next Gen - Solar w/ SGU - ACT,ACT,0.2466,2602,Solar,27/04/2023,Unsuspended,0,,"Agile Energy Next Gen - Solar w/ SGU - ACT, ACT, 2602, Australia",-35.2544049,149.1328799,OK,"Ainslie ACT 2602, Australia"
SRPXNSH5,Woolworths Gunnedah 1168 - Solar - NSW,NSW,0.3744,2380,Solar,26/04/2023,Unsuspended,0,,"Woolworths Gunnedah 1168 - Solar - NSW, NSW, 2380, Australia",-30.97943189999999,150.2565037,OK,"Gunnedah NSW 2380, Australia"
SRPXNSH4,Woolworths Nambucca Heads 1311 - Solar - NSW,NSW,0.2084,2448,Solar,26/04/2023,Unsuspended,0,,"Woolworths Nambucca Heads 1311 - Solar - NSW, NSW, 2448, Australia",-30.6444129,153.0032807,OK,"3 Back St, Nambucca Heads NSW 2448, Australia"
SRPVNST0,Milspec - Solar - NSW,NSW,0.1751,2640,Solar,24/04/2023,Unsuspended,0,,"Milspec - Solar - NSW, NSW, 2640, Australia",-36.0648134,146.9436371,OK,"169/161 Fallon St, North Albury NSW 2640, Australia"
SRPXQL01,Sanofi Aventis - Solar - QLD,QLD,0.684,4014,Solar,24/04/2023,Unsuspended,0,,"Sanofi Aventis - Solar - QLD, QLD, 4014, Australia",-27.379842,153.0618065,OK,"87 Yarraman Pl, Virginia QLD 4014, Australia"
SRPXNSH2,Bunnings Hoxton Park - Solar - NSW,NSW,0.28,2171,Solar,24/04/2023,Unsuspended,0,,"Bunnings Hoxton Park - Solar - NSW, NSW, 2171, Australia",-33.9167934,150.8527232,OK,"Corner Cowpasture Road &, Airfield Dr, Hoxton Park NSW 2171, Australia"
SRPXQL02,Robina Town Centre Office Building -Solar w SGU - QLD,QLD,0.23,4226,Solar,24/04/2023,Unsuspended,0,,"Robina Town Centre Office Building -Solar w SGU - QLD, QLD, 4226, Australia",-28.077307,153.3853076,OK,"Robina Town Centre, 19 Robina Town Centre Dr, Robina QLD 4226, Australia"
SRPVSAS3,"Pfeiffer Rd, Woodside - Solar w SGU - SA",SA,0.298,5244,Solar,20/04/2023,Unsuspended,0,,"Pfeiffer Rd, Woodside - Solar w SGU - SA, SA, 5244, Australia",-34.9489215,138.9051928,OK,"Pfeiffer Rd, Woodside SA 5244, Australia"
SRPXNSG3,IGA Walgett - 198.32kW - Solar w SGU - NSW,NSW,0.1983,2832,Solar,20/04/2023,Unsuspended,0,,"IGA Walgett - 198.32kW - Solar w SGU - NSW, NSW, 2832, Australia",-30.0215209,148.1167617,OK,"Walgett NSW 2832, Australia"
SRPVQLZ9,Clean Peak Energy - Virginia - Solar - QLD,QLD,0.765,4014,Solar,19/04/2023,Unsuspended,0,,"Clean Peak Energy - Virginia - Solar - QLD, QLD, 4014, Australia",-27.3745391,153.0623864,OK,"Virginia QLD, Australia"
WD00QL07,Dulacca Wind Farm - QLD,QLD,180.6,4424,Wind,19/04/2023,Unsuspended,0,,"Dulacca Wind Farm - QLD, QLD, 4424, Australia",-26.6375429,149.8710871,OK,"Dulacca QLD 4424, Australia"
SRPXNSH0,PGH Cecil Park - Solar - NSW,NSW,0.3768,2178,Solar,19/04/2023,Unsuspended,0,,"PGH Cecil Park - Solar - NSW, NSW, 2178, Australia",-33.8715271,150.8322967,OK,"99-117 Cecil Rd, Cecil Park NSW 2178, Australia"
SRPXNSH1,Wallsend Village - Solar w SGU - NSW,NSW,0.7172,2287,Solar,19/04/2023,Unsuspended,0,,"Wallsend Village - Solar w SGU - NSW, NSW, 2287, Australia",-32.9018298,151.6654939,OK,"Rankin Park NSW 2287, Australia"
SRPXNSL9,Wests Illawarra - Solar w/SGU - NSW,NSW,0.2239,2526,Solar,4/04/2023,Unsuspended,0,,"Wests Illawarra - Solar w/SGU - NSW, NSW, 2526, Australia",-34.4516667,150.8427778,OK,"1 Hargreaves St, Unanderra NSW 2526, Australia"
SRPVWAJ1,435 Dundas Road - Solar w SGU - WA,WA,0.1993,6058,Solar,4/04/2023,Unsuspended,0,,"435 Dundas Road - Solar w SGU - WA, WA, 6058, Australia",-31.9674279,115.9909579,OK,"435 Dundas Rd, Forrestfield WA 6058, Australia"
SRPVQLZ6,Forza Capital Browning Street - Solar w SGU - QLD,QLD,0.2672,4101,Solar,3/04/2023,Unsuspended,0,,"Forza Capital Browning Street - Solar w SGU - QLD, QLD, 4101, Australia",-27.4794932,153.0143024,OK,"Browning St, South Brisbane QLD 4101, Australia"
SRPXVCC4,Nazareth College - Solar wSGU - VIC,VIC,0.2424,3174,Solar,3/04/2023,Unsuspended,0,,"Nazareth College - Solar wSGU - VIC, VIC, 3174, Australia",-37.9408701,145.1962728,OK,"Manning Dr, Noble Park North VIC 3174, Australia"
SRPXNSF3,Shortland WWTW - Solar - NSW,NSW,0.8009,2307,Solar,31/03/2023,Unsuspended,0,,"Shortland WWTW - Solar - NSW, NSW, 2307, Australia",-32.8797702,151.6937761,OK,"Shortland NSW 2307, Australia"
SRPXNSF4,Branxton WWTW - Solar w SGU - NSW,NSW,0.3025,2335,Solar,31/03/2023,Unsuspended,0,,"Branxton WWTW - Solar w SGU - NSW, NSW, 2335, Australia",-32.6607081,151.3628102,OK,"2151 New England Hwy, Branxton NSW 2335, Australia"
SRPXNSG7,Charter Hall Huntingwood-Solar-NSW,NSW,0.5004,2148,Solar,28/03/2023,Unsuspended,0,,"Charter Hall Huntingwood-Solar-NSW, NSW, 2148, Australia",-33.7973065,150.8767386,OK,"Huntingwood NSW 2148, Australia"
SRPXNSG6,Woolworths Nelson Bay 1785 - Solar w SGU - NSW,NSW,0.3442,2315,Solar,28/03/2023,Unsuspended,0,,"Woolworths Nelson Bay 1785 - Solar w SGU - NSW, NSW, 2315, Australia",-32.7207997,152.1414358,OK,"Nelson Bay NSW 2315, Australia"
SRPVQLZ5,Woolworths Springwood 2621 - Solar - QLD,QLD,0.3137,4127,Solar,28/03/2023,Unsuspended,0,,"Woolworths Springwood 2621 - Solar - QLD, QLD, 4127, Australia",-27.6158977,153.1374713,OK,"Springwood QLD 4127, Australia"
SRPVWAH5,Woolworths Butler Central 4310 - Solar w SGU - WA,WA,0.2134,6036,Solar,28/03/2023,Unsuspended,0,,"Woolworths Butler Central 4310 - Solar w SGU - WA, WA, 6036, Australia",-31.6365665,115.6993953,OK,"150 Camborne Pkwy, Butler WA 6036, Australia"
SRPVSAS6,Wine Innovation East - Solar - SA,SA,0.1776,5064,Solar,27/03/2023,Unsuspended,0,,"Wine Innovation East - Solar - SA, SA, 5064, Australia",-34.9585672,138.6439004,OK,"Urrbrae SA 5064, Australia"
SRPVSAS4,Roseworthy Campus - Solar - SA,SA,1.2038,5371,Solar,27/03/2023,Unsuspended,0,,"Roseworthy Campus - Solar - SA, SA, 5371, Australia",-34.5273751,138.6880546,OK,"Mudla Wirra Rd, Roseworthy SA 5371, Australia"
SRPXNSG5,Woolworths Gloucester 1680 - Solar - NSW,NSW,0.1946,2422,Solar,24/03/2023,Unsuspended,0,,"Woolworths Gloucester 1680 - Solar - NSW, NSW, 2422, Australia",-32.0244571,151.9534009,OK,"Gloucester NSW 2422, Australia"
SRPXVCC2,Woolworths Moorabbin 3136 - Solar - VIC,VIC,0.2755,3189,Solar,23/03/2023,Unsuspended,0,,"Woolworths Moorabbin 3136 - Solar - VIC, VIC, 3189, Australia",-37.9348253,145.0387411,OK,"2 Taylor St, Moorabbin VIC 3189, Australia"
SRPVSAS5,Big W Cumberland Park 551 - Solar - SA,SA,0.1827,5041,Solar,23/03/2023,Unsuspended,0,,"Big W Cumberland Park 551 - Solar - SA, SA, 5041, Australia",-34.96744109999999,138.5898258,OK,"366 Goodwood Rd, Cumberland Park SA 5041, Australia"
SRPXNSG4,Energy Bay - Caddens Corner - Solar w SGU - NSW,NSW,0.2269,2747,Solar,23/03/2023,Unsuspended,0,,"Energy Bay - Caddens Corner - Solar w SGU - NSW, NSW, 2747, Australia",-33.7696089,150.7350645,OK,"68 O'Connell St, Caddens NSW 2747, Australia"
SRPXVCC3,Mattina Fresh Yarroweyah - Solar [w SGU] - VIC,VIC,0.298,3644,Solar,23/03/2023,Unsuspended,0,,"Mattina Fresh Yarroweyah - Solar [w SGU] - VIC, VIC, 3644, Australia",-35.9221801,145.5587615,OK,"49 Kenny Rd, Yarroweyah VIC 3644, Australia"
SRPVWAH4,Esperance SHS - Solar w SGU - WA,WA,0.2314,6450,Solar,23/03/2023,Unsuspended,0,,"Esperance SHS - Solar w SGU - WA, WA, 6450, Australia",-33.8613953,121.8912724,OK,"Esperance WA 6450, Australia"
SRPVAC36,Woolworths Canberra Airport 1419 - Solar - ACT,ACT,0.3096,2609,Solar,22/03/2023,Unsuspended,0,,"Woolworths Canberra Airport 1419 - Solar - ACT, ACT, 2609, Australia",-35.298176,149.1903877,OK,"26 Spitfire Ave, Majura ACT 2609, Australia"
SRPXNSG1,AU144 Oakdale West Industrial Estate WH3A - Solar - NSW,NSW,0.2502,2178,Solar,16/03/2023,Unsuspended,0,,"AU144 Oakdale West Industrial Estate WH3A - Solar - NSW, NSW, 2178, Australia",-33.8769426,150.8027952,OK,"Kemps Creek NSW 2178, Australia"
SRPXVCC1,Woolworths Chelsea 3124  - Solar - VIC,VIC,0.2696,3196,Solar,16/03/2023,Unsuspended,0,,"Woolworths Chelsea 3124  - Solar - VIC, VIC, 3196, Australia",-38.0543368,145.1157177,OK,"27 Bath St, Chelsea VIC 3196, Australia"
SRPVWAH3,Woolworths Mandurah 4395 - Solar w SGU - WA,WA,0.2569,6210,Solar,16/03/2023,Unsuspended,0,,"Woolworths Mandurah 4395 - Solar w SGU - WA, WA, 6210, Australia",-32.5361038,115.7424077,OK,"Mandurah WA, Australia"
SRPXVCB9,Frasers Rubix -Solar -Vic,VIC,0.4005,3175,Solar,16/03/2023,Unsuspended,0,,"Frasers Rubix -Solar -Vic, VIC, 3175, Australia",-38.0191689,145.2148736,OK,"Dandenong North VIC 3175, Australia"
SRPVNT74,Hewitt Cattle Narwietooma - Solar  - NT,NT,0.15,872,Solar,16/03/2023,Unsuspended,0,,"Hewitt Cattle Narwietooma - Solar  - NT, NT, 872, Australia",-23.23432,132.629395,OK,"Narwietooma, Mount Zeil NT 0872, Australia"
SRPXNSG0,Woolworths Bowral 1162 - Solar - NSW,NSW,0.3956,2576,Solar,14/03/2023,Unsuspended,0,,"Woolworths Bowral 1162 - Solar - NSW, NSW, 2576, Australia",-34.4802367,150.4176228,OK,"Bowral NSW 2576, Australia"
SRPXNSF9,TJX Australia - Solar - NSW,NSW,0.8001,2765,Solar,14/03/2023,Unsuspended,0,,"TJX Australia - Solar - NSW, NSW, 2765, Australia",-33.7189236,150.8229103,OK,"25 Astoria St, Marsden Park NSW 2765, Australia"
SRPXVCB7,Jardan Australia 400 - Solar w SGU-VIC,VIC,0.5,3179,Solar,14/03/2023,Unsuspended,0,,"Jardan Australia 400 - Solar w SGU-VIC, VIC, 3179, Australia",-37.9042587,145.220397,OK,"Scoresby VIC 3179, Australia"
SRPXNSF8,Strata SP76024 - Solar - NSW,NSW,0.2625,2487,Solar,13/03/2023,Unsuspended,0,,"Strata SP76024 - Solar - NSW, NSW, 2487, Australia",-28.2768342,153.5452038,OK,"Stotts Creek NSW 2487, Australia"
SRPXNSF6,Woolworths Lakewood 1221 - Solar - NSW,NSW,0.2682,2443,Solar,7/03/2023,Unsuspended,0,,"Woolworths Lakewood 1221 - Solar - NSW, NSW, 2443, Australia",-31.6340243,152.7600377,OK,"Lakewood NSW 2443, Australia"
SRPVQLZ1,Woolworths Chinchilla 2079 - Solar - QLD,QLD,0.2412,4413,Solar,7/03/2023,Unsuspended,0,,"Woolworths Chinchilla 2079 - Solar - QLD, QLD, 4413, Australia",-26.7458787,150.6271468,OK,"Chinchilla QLD 4413, Australia"
SRPVWAH1,Karratha Senior High School - WA - Solar,WA,0.2251,6714,Solar,7/03/2023,Unsuspended,0,,"Karratha Senior High School - WA - Solar, WA, 6714, Australia",-20.746048,116.825306,OK,"Dampier Hwy, Karratha WA 6714, Australia"
SRPVQLY6,Woolworths Narangba 2606 - Solar - QLD,QLD,0.2939,4504,Solar,7/03/2023,Unsuspended,0,,"Woolworths Narangba 2606 - Solar - QLD, QLD, 4504, Australia",-27.1837292,152.9425694,OK,"Narangba QLD, Australia"
SRPXVCB8,Woolworths Dandenong North 3742 - Solar - VIC,VIC,0.2654,3175,Solar,7/03/2023,Unsuspended,0,,"Woolworths Dandenong North 3742 - Solar - VIC, VIC, 3175, Australia",-37.9592436,145.206837,OK,"Dandenong North VIC 3175, Australia"
SRPVQLY7,Woolworths Redbank Plains Mountview 2867 - Solar - QLD,QLD,0.2994,4301,Solar,7/03/2023,Unsuspended,0,,"Woolworths Redbank Plains Mountview 2867 - Solar - QLD, QLD, 4301, Australia",-27.6636496,152.8499079,OK,"171-193 School Rd, Redbank Plains QLD 4301, Australia"
SRPXNSE8,Woolworths 1180 Coffs Harbour - Solar w SGU - NSW,NSW,0.272,2450,Solar,7/03/2023,Unsuspended,0,,"Woolworths 1180 Coffs Harbour - Solar w SGU - NSW, NSW, 2450, Australia",-30.2962013,153.1138924,OK,"Coffs Harbour NSW 2450, Australia"
SRPVQLZ2,Woolworths Bannockburn 2866 - Solar - QLD,QLD,0.2399,4207,Solar,7/03/2023,Unsuspended,0,,"Woolworths Bannockburn 2866 - Solar - QLD, QLD, 4207, Australia",-27.7642268,153.189448,OK,"Bannockburn QLD 4207, Australia"
SRPVSAS2,Laminate Fabrications - Solar w SGU - SA,SA,0.199,5013,Solar,6/03/2023,Unsuspended,0,,"Laminate Fabrications - Solar w SGU - SA, SA, 5013, Australia",-34.8438433,138.5437358,OK,"Rosewater SA 5013, Australia"
SRPVQLZ0,Blenners Transport - Solar w SGU - QLD,QLD,0.5,4076,Solar,3/03/2023,Unsuspended,0,,"Blenners Transport - Solar w SGU - QLD, QLD, 4076, Australia",-27.5633028,152.9628392,OK,"25 Brickworks Pl, Darra QLD 4076, Australia"
SRPXNSF1,Woolworths Umina 1380 - Solar - NSW,NSW,0.2765,2257,Solar,2/03/2023,Unsuspended,0,,"Woolworths Umina 1380 - Solar - NSW, NSW, 2257, Australia",-33.5212087,151.3167687,OK,"Umina Beach NSW 2257, Australia"
SRPXNSF2,Woolworths Lithgow 1242 - Solar - NSW,NSW,0.2755,2790,Solar,2/03/2023,Unsuspended,0,,"Woolworths Lithgow 1242 - Solar - NSW, NSW, 2790, Australia",-33.482416,150.155849,OK,"224 Mort St, Lithgow NSW 2790, Australia"
SRPXNSE9,Woolworths Narrabri 1305 - Solar - NSW,NSW,0.2925,2390,Solar,1/03/2023,Unsuspended,0,,"Woolworths Narrabri 1305 - Solar - NSW, NSW, 2390, Australia",-30.3205203,149.7819951,OK,"Narrabri NSW 2390, Australia"
SRPVNT70,RAAF Darwin Solar Farm - Solar - NT,NT,3.6288,820,Solar,1/03/2023,Unsuspended,0,,"RAAF Darwin Solar Farm - Solar - NT, NT, 820, Australia",-12.4308151,130.8644895,OK,"32 Benison Rd, Winnellie NT 0820, Australia"
SRPXNSD7,SCHO002 - Solar - NSW,NSW,0.2016,2762,Solar,1/03/2023,Unsuspended,0,,"SCHO002 - Solar - NSW, NSW, 2762, Australia",-33.7044482,150.8667511,OK,"Schofields NSW 2762, Australia"
SRPXNSD8,SCHO003-Solar-NSW,NSW,0.2009,2762,Solar,1/03/2023,Unsuspended,0,,"SCHO003-Solar-NSW, NSW, 2762, Australia",-33.7044482,150.8667511,OK,"Schofields NSW 2762, Australia"
SRPVQLY8,Mica Creek Solar Farm - Solar - QLD,QLD,100.7991,4825,Solar,24/02/2023,Unsuspended,0,,"Mica Creek Solar Farm - Solar - QLD, QLD, 4825, Australia",-20.7535108,139.4911015,OK,"Mica Creek QLD 4825, Australia"
SRPVQLY1,Darcy Dr Idalia FHC1- Solar w SGU - QLD,QLD,0.4608,4811,Solar,23/02/2023,Unsuspended,0,,"Darcy Dr Idalia FHC1- Solar w SGU - QLD, QLD, 4811, Australia",-19.3144021,146.8172874,OK,"Darcy Dr, Idalia QLD 4811, Australia"
SRPVQLY3,Darcy Dr Idalia FHC2- Solar w SGU - QLD,QLD,0.1997,4811,Solar,23/02/2023,Unsuspended,0,,"Darcy Dr Idalia FHC2- Solar w SGU - QLD, QLD, 4811, Australia",-19.3144021,146.8172874,OK,"Darcy Dr, Idalia QLD 4811, Australia"
SRPVQLW5,Edenvale Solar Park - Solar - QLD,QLD,204.0497,4413,Solar,23/02/2023,Unsuspended,0,,"Edenvale Solar Park - Solar - QLD, QLD, 4413, Australia",-26.921975,150.5823624,OK,"2165 Kogan Condamine Rd, Crossroads QLD 4413, Australia"
SRPVQLY2,Woolcock St Currajong - Solar - QLD,QLD,0.3793,4812,Solar,23/02/2023,Unsuspended,0,,"Woolcock St Currajong - Solar - QLD, QLD, 4812, Australia",-19.2703111,146.7824988,OK,"Woolcock St, Currajong QLD, Australia"
SRPXNSE7,Woolworths Tamworth East (Peel Street) 1685 - Solar - NSW,NSW,0.3601,2340,Solar,21/02/2023,Unsuspended,0,,"Woolworths Tamworth East (Peel Street) 1685 - Solar - NSW, NSW, 2340, Australia",-31.0819168,150.9217076,OK,"Peel St, Tamworth NSW 2340, Australia"
SRPXNSE6,Woolworths Revesby 1402 - Solar - NSW,NSW,0.414,2212,Solar,21/02/2023,Unsuspended,0,,"Woolworths Revesby 1402 - Solar - NSW, NSW, 2212, Australia",-33.9452471,151.018035,OK,"Revesby NSW 2212, Australia"
SRPVQLY5,Woolworths Gordonvale West 2642 - Solar - QLD,QLD,0.2628,4865,Solar,21/02/2023,Unsuspended,0,,"Woolworths Gordonvale West 2642 - Solar - QLD, QLD, 4865, Australia",-17.0965554,145.7746707,OK,"Gordonvale QLD 4865, Australia"
SRPXNSE5,Woolworths Unanderra 1387 - Solar - NSW,NSW,0.3418,2526,Solar,20/02/2023,Unsuspended,0,,"Woolworths Unanderra 1387 - Solar - NSW, NSW, 2526, Australia",-34.4545933,150.8451519,OK,"Unanderra NSW 2526, Australia"
SRPXVCB6,Woolworths Wangaratta 3263 - Solar - VIC,VIC,0.305,3677,Solar,20/02/2023,Unsuspended,0,,"Woolworths Wangaratta 3263 - Solar - VIC, VIC, 3677, Australia",-36.3538337,146.3234462,OK,"49 Ovens St, Wangaratta VIC 3677, Australia"
SRPXNSE4,Woolworths Chatswood East 1002 - Solar - NSW,NSW,0.3036,2067,Solar,20/02/2023,Unsuspended,0,,"Woolworths Chatswood East 1002 - Solar - NSW, NSW, 2067, Australia",-33.7862615,151.1982009,OK,"17 Smith St, Chatswood NSW 2067, Australia"
SRPXNSD4,Mt Wilga Private Hospital - Solar w SGU - NSW,NSW,0.356,2077,Solar,17/02/2023,Unsuspended,0,,"Mt Wilga Private Hospital - Solar w SGU - NSW, NSW, 2077, Australia",-33.69197279999999,151.0929229,OK,"66 Rosamond St, Hornsby NSW 2077, Australia"
SRPXNSE2,LHI - Solar w Battery - NSW,NSW,1.3347,2898,Solar,16/02/2023,Unsuspended,0,,"LHI - Solar w Battery - NSW, NSW, 2898, Australia",-31.5212683,159.0675466,OK,"Lord Howe Island NSW 2898, Australia"
SRPXNSD9,Woolworths DC Wyong 1933 - Solar - NSW,NSW,1.5203,2259,Solar,15/02/2023,Unsuspended,0,,"Woolworths DC Wyong 1933 - Solar - NSW, NSW, 2259, Australia",-33.2843475,151.4249427,OK,"Wyong NSW 2259, Australia"
SRPXNSD5,Bunnings Pymble - Solar - NSW,NSW,0.3,2073,Solar,14/02/2023,Unsuspended,0,,"Bunnings Pymble - Solar - NSW, NSW, 2073, Australia",-33.7506444,151.1464641,OK,"950 Pacific Hwy, Pymble NSW 2073, Australia"
SRPXNSD6,Bunnings Gladesville - Solar - NSW,NSW,0.36,2111,Solar,14/02/2023,Unsuspended,0,,"Bunnings Gladesville - Solar - NSW, NSW, 2111, Australia",-33.8207569,151.1214074,OK,"461 Victoria Rd, Gladesville NSW 2111, Australia"
SRPVSAR9,Galipo Foods Dry Creek - Solar - SA,SA,0.5997,5094,Solar,10/02/2023,Unsuspended,0,,"Galipo Foods Dry Creek - Solar - SA, SA, 5094, Australia",-34.8441631,138.5844868,OK,"Commercial Ct, Dry Creek SA 5094, Australia"
SRPVQLY0,Woods Stockfeeds - Solar - QLD,QLD,0.5886,4390,Solar,8/02/2023,Unsuspended,0,,"Woods Stockfeeds - Solar - QLD, QLD, 4390, Australia",-28.5264586,150.2871585,OK,"7 Barwon Hwy, Goondiwindi QLD 4390, Australia"
SRPVWAH0,Coburn-Solar-WA,WA,11.1283,6537,Solar,8/02/2023,Unsuspended,0,,"Coburn-Solar-WA, WA, 6537, Australia",-26.7832472,114.3319228,OK,"Coburn WA 6532, Australia"
SRPVWAG9,Abra-Solar-WA,WA,7.4188,6642,Solar,8/02/2023,Unsuspended,0,,"Abra-Solar-WA, WA, 6642, Australia",-25.2069933,119.0459927,OK,"Western Australia 6642, Australia"
SRPVQLX9,WYNNUM MANLY LEAGUES CLUB - SOLAR W SGU - QLD,QLD,0.1495,4179,Solar,6/02/2023,Unsuspended,0,,"WYNNUM MANLY LEAGUES CLUB - SOLAR W SGU - QLD, QLD, 4179, Australia",-27.4588889,153.1652778,OK,"92 Wondall Rd, Manly West QLD 4179, Australia"
SRPVSAR3,BERRI ENERGY PROJECT - Solar - SA,SA,5.8217,5342,Solar,3/02/2023,Unsuspended,0,,"BERRI ENERGY PROJECT - Solar - SA, SA, 5342, Australia",-34.2582678,140.6034533,OK,"Hoskin Rd, Berri SA 5343, Australia"
SRPVQLX8,Rubyanna Waste Water Treatment Plant - Solar - QLD,QLD,0.468,4670,Solar,1/02/2023,Unsuspended,0,,"Rubyanna Waste Water Treatment Plant - Solar - QLD, QLD, 4670, Australia",-24.8094608,152.3988445,OK,"Rubyanna QLD 4670, Australia"
SRPXVCB4,PFIZER MELBOURNE BUILDING 6 - SOLAR - VIC,VIC,0.2752,3170,Solar,30/01/2023,Unsuspended,0,,"PFIZER MELBOURNE BUILDING 6 - SOLAR - VIC, VIC, 3170, Australia",-37.91110219999999,145.1517112,OK,"1/23 Lexia Pl, Mulgrave VIC 3170, Australia"
SRPXNSC9,Bunnings Bonnyrigg - Solar - NSW,NSW,0.28,2177,Solar,27/01/2023,Unsuspended,0,,"Bunnings Bonnyrigg - Solar - NSW, NSW, 2177, Australia",-33.8892175,150.8849147,OK,"1-9 Bonnyrigg Ave, Bonnyrigg NSW 2177, Australia"
SRPVSAR8,Bunnings Murray Bridge - Solar - SA,SA,0.135,5253,Solar,27/01/2023,Unsuspended,0,,"Bunnings Murray Bridge - Solar - SA, SA, 5253, Australia",-35.1283352,139.2576004,OK,"109E Maurice Rd, Murray Bridge SA 5253, Australia"
SRPXNSD0,V&C Foods South Nowra - Solar w SGU - NSW,NSW,0.1989,2541,Solar,27/01/2023,Unsuspended,0,,"V&C Foods South Nowra - Solar w SGU - NSW, NSW, 2541, Australia",-34.9100273,150.579432,OK,"11 Norfolk Ave, South Nowra NSW 2541, Australia"
SRPVNT72,Palmerston Shopping centre 2022 - Solar - NT,NT,0.4039,830,Solar,26/01/2023,Unsuspended,0,,"Palmerston Shopping centre 2022 - Solar - NT, NT, 830, Australia",-12.4811189,130.9851546,OK,"10 Temple Terrace, Palmerston City NT 0830, Australia"
SRPVWAG7,Hale School - Solar w SGU - WA,WA,0.6103,6019,Solar,24/01/2023,Unsuspended,0,,"Hale School - Solar w SGU - WA, WA, 6019, Australia",-31.9145693,115.782259,OK,"160 Hale Rd, Wembley Downs WA 6019, Australia"
SRPVSAR6,Western Hospital - Henley Beach - Solar - SA,SA,0.3421,5022,Solar,23/01/2023,Unsuspended,0,,"Western Hospital - Henley Beach - Solar - SA, SA, 5022, Australia",-34.9101889,138.5001916,OK,"168 Cudmore Terrace, Henley Beach SA 5022, Australia"
HYMITA11,Headquarters Road Mini - Hydro - TAS,TAS,1.958,7260,Hydro,20/01/2023,Unsuspended,0,,"Headquarters Road Mini - Hydro - TAS, TAS, 7260, Australia",-41.2633478,147.5035412,OK,"Headquarters Rd, South Springfield TAS 7260, Australia"
SRPVWAG2,Gilmac York - Solar w SGU - WA,WA,0.495,6302,Solar,18/01/2023,Unsuspended,0,,"Gilmac York - Solar w SGU - WA, WA, 6302, Australia",-31.904436,116.795102,OK,"6446 Quairading-York Rd, Cold Harbour WA 6302, Australia"
SRPXNSC8,South Western Logistics - 0.3595MW - Solar w SGU - NSW,NSW,0.3594,2170,Solar,12/01/2023,Unsuspended,0,,"South Western Logistics - 0.3595MW - Solar w SGU - NSW, NSW, 2170, Australia",-33.9372177,150.8640899,OK,"20 Yarrunga St, Prestons NSW 2170, Australia"
SRPXVCB3,PFIZER MELBOURNE B7 - SOLAR - VIC,VIC,0.1995,3170,Solar,11/01/2023,Unsuspended,0,,"PFIZER MELBOURNE B7 - SOLAR - VIC, VIC, 3170, Australia",-37.91110219999999,145.1517112,OK,"1/23 Lexia Pl, Mulgrave VIC 3170, Australia"
SRPXVCB2,Gapsted Wines - Solar - Victoria,VIC,0.1992,3737,Solar,30/12/2022,Unsuspended,0,,"Gapsted Wines - Solar - Victoria, VIC, 3737, Australia",-36.5073669,146.6755997,OK,"Gapsted VIC 3737, Australia"
SRPXNSB7,Group Energy - West Gosford - Solar - NSW,NSW,0.2002,2250,Solar,23/12/2022,Unsuspended,0,,"Group Energy - West Gosford - Solar - NSW, NSW, 2250, Australia",-33.4188098,151.2955725,OK,"2 Wella Way, Somersby NSW 2250, Australia"
SRPXNSC7,Grafton District Services Club - Solar w SGU - NSW,NSW,0.208,2460,Solar,22/12/2022,Unsuspended,0,,"Grafton District Services Club - Solar w SGU - NSW, NSW, 2460, Australia",-29.6813883,152.9340515,OK,"105/107 Mary St, Grafton NSW 2460, Australia"
BEBGQL35,Toowoomba - LFG - QLD,QLD,1.065,4350,Biomass,21/12/2022,Unsuspended,0,,"Toowoomba - LFG - QLD, QLD, 4350, Australia",-27.5564884,151.9533185,OK,"Top Camp QLD 4350, Australia"
SRPXNSA1,Avonlie Solar Farm-NSW,NSW,245.4753,2700,Solar,20/12/2022,Unsuspended,0,,"Avonlie Solar Farm-NSW, NSW, 2700, Australia",-34.9189567,146.609497,OK,"Muntz Rd, Sandigo NSW 2700, Australia"
SRPVWAG6,UWA - Indian Ocean Marine Research Centre - Solar w SGU - WA,WA,0.1364,6009,Solar,19/12/2022,Unsuspended,0,,"UWA - Indian Ocean Marine Research Centre - Solar w SGU - WA, WA, 6009, Australia",-31.9814784,115.8160071,OK,"The University of Western Australia 54, Fairway, Crawley WA 6009, Australia"
SRPVSAR5,NPS - Solar - SA,SA,5.632,5700,Solar,16/12/2022,Unsuspended,0,,"NPS - Solar - SA, SA, 5700, Australia",-30.0002315,136.2091547,OK,"South Australia, Australia"
SRPXNSC5,AU491 Smithfield DC WH1 - Solar - NSW,NSW,0.5949,2164,Solar,13/12/2022,Unsuspended,0,,"AU491 Smithfield DC WH1 - Solar - NSW, NSW, 2164, Australia",-33.8535722,150.9406861,OK,"Smithfield NSW 2164, Australia"
SRPXVCB1,Woolworths Greenvale Lakes 3809 - Solar - VIC,VIC,0.2232,3064,Solar,13/12/2022,Unsuspended,0,,"Woolworths Greenvale Lakes 3809 - Solar - VIC, VIC, 3064, Australia",-37.6162208,144.9143769,OK,"206 James Mirams Dr, Roxburgh Park VIC 3064, Australia"
SRPXNSC6,AU491 Smithfield DC WH2 - Solar - NSW,NSW,0.549,2164,Solar,13/12/2022,Unsuspended,0,,"AU491 Smithfield DC WH2 - Solar - NSW, NSW, 2164, Australia",-33.8535722,150.9406861,OK,"Smithfield NSW 2164, Australia"
SRPXNSC3,AU568 Oakdale Industrial Estate WH4 - Solar with SGU - NSW,NSW,0.148,2175,Solar,12/12/2022,Unsuspended,0,,"AU568 Oakdale Industrial Estate WH4 - Solar with SGU - NSW, NSW, 2175, Australia",-33.8238306,150.8142533,OK,"1 Oakdale Cl, Horsley Park NSW 2175, Australia"
SRPXQL04,ZENEXUS - SOLAR - QLD,QLD,0.2503,4301,Solar,12/12/2022,Unsuspended,0,,"ZENEXUS - SOLAR - QLD, QLD, 4301, Australia",-27.628802,152.8558773,OK,"Collingwood Park QLD 4301, Australia"
SRPXNSC4,AU568 Oakdale Industrial Estate Masonry Plant - Solar with SGU - NSW,NSW,0.1698,2175,Solar,12/12/2022,Unsuspended,0,,"AU568 Oakdale Industrial Estate Masonry Plant - Solar with SGU - NSW, NSW, 2175, Australia",-33.8238306,150.8142533,OK,"1 Oakdale Cl, Horsley Park NSW 2175, Australia"
SRPVQLX5,ROCHEDALE U1 - SOLAR - QLD,QLD,0.4004,4123,Solar,9/12/2022,Unsuspended,0,,"ROCHEDALE U1 - SOLAR - QLD, QLD, 4123, Australia",-27.5812621,153.1207447,OK,"Rochedale South QLD 4123, Australia"
SRPVQLX6,ROCHEDALE U3 - SOLAR - QLD,QLD,0.4505,4123,Solar,9/12/2022,Unsuspended,0,,"ROCHEDALE U3 - SOLAR - QLD, QLD, 4123, Australia",-27.5812621,153.1207447,OK,"Rochedale South QLD 4123, Australia"
SRPXNSC1,Bunnings Northmead - Solar - NSW,NSW,0.28,2152,Solar,6/12/2022,Unsuspended,0,,"Bunnings Northmead - Solar - NSW, NSW, 2152, Australia",-33.797143,150.9899414,OK,"1c Redbank Rd, Northmead NSW 2152, Australia"
SRPXNSC0,Bunnings Kingsgrove - Solar - NSW,NSW,0.445,2208,Solar,6/12/2022,Unsuspended,0,,"Bunnings Kingsgrove - Solar - NSW, NSW, 2208, Australia",-33.934991,151.0990789,OK,"Cnr Richland St &, Kingsgrove Rd, Kingsgrove NSW 2208, Australia"
SRPXNSC2,Bunnings Shellharbour - Solar - NSW,NSW,0.28,2527,Solar,6/12/2022,Unsuspended,0,,"Bunnings Shellharbour - Solar - NSW, NSW, 2527, Australia",-34.5725498,150.8155479,OK,"15 Shandan Cct, Albion Park NSW 2527, Australia"
SRPVSAR4,Woolworths Playford 5945 - Solar w SGU - SA,SA,0.1999,5115,Solar,6/12/2022,Unsuspended,0,,"Woolworths Playford 5945 - Solar w SGU - SA, SA, 5115, Australia",-34.6703907,138.6800578,OK,"297 Peachey Rd, Munno Para SA 5115, Australia"
SRPXNSB9,Bunnings Castle Hill - Solar - NSW,NSW,0.65,2154,Solar,5/12/2022,Unsuspended,0,,"Bunnings Castle Hill - Solar - NSW, NSW, 2154, Australia",-33.7283474,150.9770088,OK,"14 Victoria Ave, Castle Hill NSW 2154, Australia"
SRPXNSB8,Southern Steel Milperra  - Solar - NSW,NSW,0.3523,2214,Solar,2/12/2022,Unsuspended,0,,"Southern Steel Milperra  - Solar - NSW, NSW, 2214, Australia",-33.9375821,150.9929572,OK,"319 Horsley Rd, Milperra NSW 2214, Australia"
SRPXVCB0,Orchid 127 Dandenong South - Solar w SGU - VIC,VIC,0.2263,3175,Solar,2/12/2022,Unsuspended,0,,"Orchid 127 Dandenong South - Solar w SGU - VIC, VIC, 3175, Australia",-38.0316959,145.2120596,OK,"Dandenong South VIC 3175, Australia"
SRPXVCA7,Kookaburra Sport Moorabbin - Solar - VIC,VIC,0.2543,3189,Solar,2/12/2022,Unsuspended,0,,"Kookaburra Sport Moorabbin - Solar - VIC, VIC, 3189, Australia",-37.9450874,145.060211,OK,"218 Chesterville Rd, Moorabbin VIC 3189, Australia"
SRPXVCA8,Avery Dennison - au745 Chifley Business Park - Solar - VIC,VIC,0.1521,3194,Solar,2/12/2022,Unsuspended,0,,"Avery Dennison - au745 Chifley Business Park - Solar - VIC, VIC, 3194, Australia",-37.9737495,145.1039988,OK,"5 Federation Way, Moorabbin VIC 3194, Australia"
SRPXVCA9,e NGK - au746 Chifley Business Park - Solar - VIC,VIC,0.198,3194,Solar,2/12/2022,Unsuspended,0,,"e NGK - au746 Chifley Business Park - Solar - VIC, VIC, 3194, Australia",-37.9737495,145.1039988,OK,"5 Federation Way, Moorabbin VIC 3194, Australia"
SRPVWAG5,Wiluna Renewable Energy Facility - Solar - WA,WA,0.2594,6646,Solar,30/11/2022,Unsuspended,0,,"Wiluna Renewable Energy Facility - Solar - WA, WA, 6646, Australia",-26.5943011,120.227356,OK,"Wiluna WA 6646, Australia"
SRPVQLX4,Bunnings Acacia Ridge - Solar - QLD,QLD,0.4,4110,Solar,28/11/2022,Unsuspended,0,,"Bunnings Acacia Ridge - Solar - QLD, QLD, 4110, Australia",-27.5971618,153.0352874,OK,"441 Bradman St, Acacia Ridge QLD 4110, Australia"
SRPXVCA6,MELBOURNE 5 - SOLAR - VIC,VIC,0.4842,3023,Solar,28/11/2022,Unsuspended,0,,"MELBOURNE 5 - SOLAR - VIC, VIC, 3023, Australia",-37.7687064,144.7521888,OK,"Burnside VIC 3023, Australia"
SRPVQLX3,Bunnings Virginia - Solar - QLD,QLD,0.36,4014,Solar,25/11/2022,Unsuspended,0,,"Bunnings Virginia - Solar - QLD, QLD, 4014, Australia",-27.3728252,153.0608173,OK,"1836 Sandgate Rd, Virginia QLD 4014, Australia"
SRPXVCA5,SM Cold Storage - Solar - VIC,VIC,0.588,3076,Solar,22/11/2022,Unsuspended,0,,"SM Cold Storage - Solar - VIC, VIC, 3076, Australia",-37.6494567,144.9774305,OK,"74 McKellar Wy, Epping VIC 3075, Australia"
SRPXNSB3,Energy Bay - WINC - Solar wSGU - NSW,NSW,0.2965,2759,Solar,16/11/2022,Unsuspended,0,,"Energy Bay - WINC - Solar wSGU - NSW, NSW, 2759, Australia",-33.8060826,150.7853574,OK,"St Clair NSW 2759, Australia"
SRPXVCA4,Ross Labs - Solar w SGU - VIC,VIC,0.3458,3043,Solar,14/11/2022,Unsuspended,0,,"Ross Labs - Solar w SGU - VIC, VIC, 3043, Australia",-37.7011952,144.8846452,OK,"14-22 Carrick Dr, Tullamarine VIC 3043, Australia"
SRPVSAO2,Redmud Green Energy 122 - Solar - SA,SA,4.669,5271,Solar,11/11/2022,Unsuspended,0,,"Redmud Green Energy 122 - Solar - SA, SA, 5271, Australia",-34.1812186,140.7840005,OK,"Lot 41 Sturt Hwy, Paringa SA 5340, Australia"
SRPVSAR2,Warnertown 1 Solar Farm - SA,SA,2.511,5540,Solar,8/11/2022,Unsuspended,0,,"Warnertown 1 Solar Farm - SA, SA, 5540, Australia",-33.2349313,138.1178947,OK,"Warnertown SA 5540, Australia"
SRPVQLX1,Digga Australia Yatala - Solar - QLD,QLD,0.6003,4207,Solar,7/11/2022,Unsuspended,0,,"Digga Australia Yatala - Solar - QLD, QLD, 4207, Australia",-27.7614534,153.2381847,OK,"4 Octal St, Yatala QLD 4207, Australia"
SRPXNSB2,Coffs Harbour WRP MCC01 - Solar - NSW,NSW,0.8053,2450,Solar,7/11/2022,Unsuspended,0,,"Coffs Harbour WRP MCC01 - Solar - NSW, NSW, 2450, Australia",-30.2962013,153.1138924,OK,"Coffs Harbour NSW 2450, Australia"
SRPVWAG4,Aegis Shorehaven Solar PV WA,WA,0.198,6038,Solar,7/11/2022,Unsuspended,0,,"Aegis Shorehaven Solar PV WA, WA, 6038, Australia",-31.601078,115.6935653,OK,"49 Scotthorn Dr, Alkimos WA 6038, Australia"
SRPVSAO1,Redmud Green Energy 120 - Solar - SA,SA,4.6696,5550,Solar,4/11/2022,Unsuspended,0,,"Redmud Green Energy 120 - Solar - SA, SA, 5550, Australia",-34.1812186,140.7840005,OK,"Lot 41 Sturt Hwy, Paringa SA 5340, Australia"
SRPXNSB0,Woolgoolga WRP - Solar - NSW,NSW,0.2462,2456,Solar,3/11/2022,Unsuspended,0,,"Woolgoolga WRP - Solar - NSW, NSW, 2456, Australia",-30.1131728,153.1933837,OK,"Woolgoolga NSW 2456, Australia"
SRPXQL40,"Mary Street, Charters Towers - Solar w SGU - QLD",QLD,0.1873,4820,Solar,1/11/2022,Unsuspended,0,,"Mary Street, Charters Towers - Solar w SGU - QLD, QLD, 4820, Australia",-20.0746989,146.2592689,OK,"Mary St, Charters Towers City QLD 4820, Australia"
SRPVSAO3,Redmud Green Energy 123 - Solar - SA,SA,4.6696,5253,Solar,28/10/2022,Unsuspended,0,,"Redmud Green Energy 123 - Solar - SA, SA, 5253, Australia",-25.274398,133.775136,OK,Australia
SRPXNSA9,Karangi WTP - Solar - NSW,NSW,0.4925,2450,Solar,26/10/2022,Unsuspended,0,,"Karangi WTP - Solar - NSW, NSW, 2450, Australia",-30.2541115,153.0473782,OK,"Karangi NSW 2450, Australia"
SRPVWAG3,King of the Hills Solar WA,WA,2.0601,6438,Solar,25/10/2022,Unsuspended,0,,"King of the Hills Solar WA, WA, 6438, Australia",-28.6632707,121.2188038,OK,"Goldfields Hwy, Leonora WA 6438, Australia"
SRPVWAG1,Aegis Canning Vale Solar PV WA,WA,0.1648,6155,Solar,24/10/2022,Unsuspended,0,,"Aegis Canning Vale Solar PV WA, WA, 6155, Australia",-32.077998,115.9288496,OK,"75 Amherst Rd, Canning Vale WA 6155, Australia"
SRPVQLX2,60 Newheath Drive - Solar wSGU - QLD,QLD,0.2997,4214,Solar,21/10/2022,Unsuspended,0,,"60 Newheath Drive - Solar wSGU - QLD, QLD, 4214, Australia",-27.9486754,153.3442113,OK,"60 Newheath Dr, Arundel QLD 4214, Australia"
SRPVQLW1,Moura Solar Farm - Solar - QLD,QLD,109.9438,4702,Solar,21/10/2022,Unsuspended,0,,"Moura Solar Farm - Solar - QLD, QLD, 4702, Australia",-24.5096478,150.0766799,OK,"Banana QLD 4702, Australia"
SRPXNSJ6,JDJB Cobb Highway - Solar w SGU - NSW,NSW,0.1342,2710,Solar,20/10/2022,Unsuspended,0,,"JDJB Cobb Highway - Solar w SGU - NSW, NSW, 2710, Australia",-35.333663,144.8464948,OK,"Cobb Hwy, New South Wales 2710, Australia"
SRPXQL47,"Golf Links Dr, Kirwan - Solar w SGU - QLD",QLD,0.2375,4817,Solar,19/10/2022,Unsuspended,0,,"Golf Links Dr, Kirwan - Solar w SGU - QLD, QLD, 4817, Australia",-19.3068036,146.714351,OK,"Golf Links Dr, Kirwan QLD 4817, Australia"
SRPXQL27,"Gibson St, Ayr - Solar w SGU - QLD",QLD,0.3248,4807,Solar,19/10/2022,Unsuspended,0,,"Gibson St, Ayr - Solar w SGU - QLD, QLD, 4807, Australia",-19.5652478,147.4154063,OK,"Gibson St, Ayr QLD 4807, Australia"
SRPXQL72,"Fryer St, North Ward - Solar w SGU - QLD",QLD,0.1365,4810,Solar,19/10/2022,Unsuspended,0,,"Fryer St, North Ward - Solar w SGU - QLD, QLD, 4810, Australia",-19.2538678,146.817227,OK,"Fryer St, North Ward QLD 4810, Australia"
SRPXVCA2,Jamestrong Packaging Kyabram - Solar w SGU - VIC,VIC,0.3991,3620,Solar,18/10/2022,Unsuspended,0,,"Jamestrong Packaging Kyabram - Solar w SGU - VIC, VIC, 3620, Australia",-36.3045913,145.0391183,OK,"LOT 2 Crichton Rd, Kyabram VIC 3620, Australia"
SRPXNSA8,Lithgow Hospital - Solar - NSW,NSW,0.367,2790,Solar,18/10/2022,Unsuspended,0,,"Lithgow Hospital - Solar - NSW, NSW, 2790, Australia",-33.4995702,150.1272935,OK,"2 Col Drewe Dr, South Bowenfels NSW 2790, Australia"
SRPXNSB4,Emerald Hills Shopping Centre - Solar w SGU - NSW,NSW,0.3499,2179,Solar,17/10/2022,Unsuspended,0,,"Emerald Hills Shopping Centre - Solar w SGU - NSW, NSW, 2179, Australia",-33.9966902,150.7921232,OK,"5 Emerald Hills Blvd, Leppington NSW 2179, Australia"
SRPXNSB5,Campsie Shopping Centre 1A - Solar w SGU - NSW,NSW,0.1513,2194,Solar,17/10/2022,Unsuspended,0,,"Campsie Shopping Centre 1A - Solar w SGU - NSW, NSW, 2194, Australia",-33.9087356,151.1010267,OK,"Campsie NSW 2194, Australia"
SRPXNSB6,Campsie Centre System 2B - Solar w SGU - NSW,NSW,0.1505,2194,Solar,17/10/2022,Unsuspended,0,,"Campsie Centre System 2B - Solar w SGU - NSW, NSW, 2194, Australia",-33.9129499,151.1027441,OK,"20/14-28 Amy St, Campsie NSW 2194, Australia"
SRPXNSB1,Latitude Solar Farm - PV Solar + Battery Storage - NSW,NSW,8.8084,2409,Solar,13/10/2022,Unsuspended,0,,"Latitude Solar Farm - PV Solar + Battery Storage - NSW, NSW, 2409, Australia",-31.2532183,146.921099,OK,"New South Wales, Australia"
SRPVWAG0,Centurion Transport - Talbot Rd - Solar - WA,WA,0.25,6055,Solar,12/10/2022,Unsuspended,0,,"Centurion Transport - Talbot Rd - Solar - WA, WA, 6055, Australia",-31.9224975,116.0105085,OK,"Talbot Rd, Henley Brook WA 6055, Australia"
SRPXVCA1,Cummins Scoresby - Solar - VIC,VIC,0.4005,3179,Solar,9/10/2022,Unsuspended,0,,"Cummins Scoresby - Solar - VIC, VIC, 3179, Australia",-37.9017787,145.2190434,OK,"2 Caribbean Dr, Scoresby VIC 3179, Australia"
SRPVQLZ7,Burdell Dr Burdell  - Solar w SGU - QLD,QLD,0.3796,4818,Solar,7/10/2022,Unsuspended,0,,"Burdell Dr Burdell  - Solar w SGU - QLD, QLD, 4818, Australia",-19.2575059,146.7041443,OK,"Burdell Dr, Burdell QLD 4818, Australia"
SRPXQL38,"Dalrymple Rd, Shaw - Solar w SGU - QLD",QLD,0.2272,4818,Solar,7/10/2022,Unsuspended,0,,"Dalrymple Rd, Shaw - Solar w SGU - QLD, QLD, 4818, Australia",-19.2889399,146.7028337,OK,"Dalrymple Rd, Shaw QLD, Australia"
SRPXQL39,"Ross River Rd, Mundingburra - Solar w SGU - QLD",QLD,0.1435,4812,Solar,7/10/2022,Unsuspended,0,,"Ross River Rd, Mundingburra - Solar w SGU - QLD, QLD, 4812, Australia",-19.295017,146.7865709,OK,"Ross River Rd, Mundingburra QLD, Australia"
SRPXQL68,"Camooweal Street, Mt Isa - Solar w SGU - QLD",QLD,0.189,4825,Solar,7/10/2022,Unsuspended,0,,"Camooweal Street, Mt Isa - Solar w SGU - QLD, QLD, 4825, Australia",-20.726163,139.4931236,OK,"Camooweal St, Mount Isa City QLD 4825, Australia"
SRPXQL71,"Corcoran St, Currajong - Solar w SGU - QLD",QLD,0.1162,4812,Solar,7/10/2022,Unsuspended,0,,"Corcoran St, Currajong - Solar w SGU - QLD, QLD, 4812, Australia",-19.2772342,146.7804885,OK,"Corcoran St, Currajong QLD 4812, Australia"
SRPXQL69,Good Shepherd Rasmussen - Solar w SGU - QLD,QLD,0.1944,4815,Solar,7/10/2022,Unsuspended,0,,"Good Shepherd Rasmussen - Solar w SGU - QLD, QLD, 4815, Australia",-19.364089,146.724509,OK,"65 Allambie Ln, Rasmussen QLD 4815, Australia"
SRPXQL70,"Chamberlain St, Ingham - Solar w SGU - QLD",QLD,0.2016,4850,Solar,7/10/2022,Unsuspended,0,,"Chamberlain St, Ingham - Solar w SGU - QLD, QLD, 4850, Australia",-18.6449399,146.1546669,OK,"Chamberlain St, Ingham QLD 4850, Australia"
SRPVQLZ8,Gartrell Dr Annandale - Solar w SGU - QLD,QLD,0.6666,4814,Solar,6/10/2022,Unsuspended,0,,"Gartrell Dr Annandale - Solar w SGU - QLD, QLD, 4814, Australia",-19.3147066,146.8055128,OK,"Gartrell Dr, Mount Louisa QLD 4814, Australia"
SRPXQL22,St Anthony's Padua - Solar w SGU - QLD,QLD,0.3204,4818,Solar,6/10/2022,Unsuspended,0,,"St Anthony's Padua - Solar w SGU - QLD, QLD, 4818, Australia",-19.2437331,146.6544219,OK,"44/56 Veales Rd, Deeragun QLD 4818, Australia"
SRPXQL29,"16 Veales Rd, Deeragun - Solar w SGU - QLD",QLD,0.4783,4818,Solar,6/10/2022,Unsuspended,0,,"16 Veales Rd, Deeragun - Solar w SGU - QLD, QLD, 4818, Australia",-19.238598,146.6582182,OK,"16 Veales Rd, Deeragun QLD 4818, Australia"
SRPVQLR2,Canterbury Rd Kirwan  - Solar w SGU - QLD,QLD,0.823,4817,Solar,6/10/2022,Unsuspended,0,,"Canterbury Rd Kirwan  - Solar w SGU - QLD, QLD, 4817, Australia",-19.3170076,146.7207491,OK,"Canterbury Rd, Kirwan QLD 4817, Australia"
SRPXQL23,"Crowle St, Hyde Park - Solar w SGU - QLD",QLD,0.2822,4812,Solar,6/10/2022,Unsuspended,0,,"Crowle St, Hyde Park - Solar w SGU - QLD, QLD, 4812, Australia",-19.2781348,146.798628,OK,"Crowle St, Hyde Park QLD 4812, Australia"
SRPXQL80,"Hatchett Street, Cranbrook-Solar w SGU-QLD",QLD,0.4579,4814,Solar,6/10/2022,Unsuspended,0,,"Hatchett Street, Cranbrook-Solar w SGU-QLD, QLD, 4814, Australia",-19.303388,146.756279,OK,"Hatchett St, Cranbrook QLD 4814, Australia"
SRPXNSA6,Energy Bay - Warrawong - Solar wSGU - NSW,NSW,0.4087,2502,Solar,5/10/2022,Unsuspended,0,,"Energy Bay - Warrawong - Solar wSGU - NSW, NSW, 2502, Australia",-34.4846129,150.8804891,OK,"Warrawong NSW 2502, Australia"
SRPVAC34,Agile Energy - CromSWG130KW - Solar w SGU - ACT,ACT,0.1303,2900,Solar,5/10/2022,Unsuspended,0,,"Agile Energy - CromSWG130KW - Solar w SGU - ACT, ACT, 2900, Australia",-35.4734679,149.0123679,OK,"Australian Capital Territory, Australia"
SRPVAC35,Agile Energy-CromNTH160KW-Solar w SGU-ACT,ACT,0.1601,2602,Solar,5/10/2022,Unsuspended,0,,"Agile Energy-CromNTH160KW-Solar w SGU-ACT, ACT, 2602, Australia",-35.2544049,149.1328799,OK,"Ainslie ACT 2602, Australia"
WD00QL06,Kaban Wind Farm - Wind Power - QLD,QLD,156.8,4888,Wind,30/09/2022,Unsuspended,0,,"Kaban Wind Farm - Wind Power - QLD, QLD, 4888, Australia",-17.5900919,145.529151,OK,"Cnr Kennedy Hwy and Glendinning Rd, Ravenshoe QLD 4888, Australia"
SRPVSAR0,Tregalana Solar Project SA,SA,6.8231,5601,Solar,30/09/2022,Unsuspended,0,,"Tregalana Solar Project SA, SA, 5601, Australia",-33.0025915,137.5670211,OK,"18 McIntyre Rd, Whyalla Barson SA 5601, Australia"
SRPXNSA0,West Wyalong Solar Farm - Solar - NSW,NSW,107.6349,2671,Solar,30/09/2022,Unsuspended,0,,"West Wyalong Solar Farm - Solar - NSW, NSW, 2671, Australia",-33.7894325,147.3191707,OK,"Blands Ln, Wyalong NSW 2671, Australia"
SRPXNSA3,Ropes Crossing Village Shopping Centre - Solar w SGU - NSW,NSW,0.1958,2760,Solar,29/09/2022,Unsuspended,0,,"Ropes Crossing Village Shopping Centre - Solar w SGU - NSW, NSW, 2760, Australia",-33.7327028,150.7820512,OK,"8 Central Pl, Ropes Crossing NSW 2760, Australia"
SRPXVCA0,Chadstone Carpark - Solar - VIC,VIC,1.5479,3145,Solar,29/09/2022,Unsuspended,0,,"Chadstone Carpark - Solar - VIC, VIC, 3145, Australia",-37.8877002,145.0825237,OK,"Malvern East VIC 3145, Australia"
SRPXNSA2,Shoreline Coffs Harbour - Solar w/ SGU - NSW,NSW,0.3434,2450,Solar,21/09/2022,Unsuspended,0,,"Shoreline Coffs Harbour - Solar w/ SGU - NSW, NSW, 2450, Australia",-30.28212539999999,153.1351112,OK,"41 York St, Coffs Harbour NSW 2450, Australia"
SRPVSAQ9,Research Road Waste Water Treatment - Solar - SA,SA,0.212,5355,Solar,19/09/2022,Unsuspended,0,,"Research Road Waste Water Treatment - Solar - SA, SA, 5355, Australia",-34.4521475,139.0182081,OK,"Research Rd, Ebenezer SA 5355, Australia"
SRPVQLW7,Dalby Solar Farm and BESS - QLD,QLD,2.6919,4405,Solar,19/09/2022,Unsuspended,0,,"Dalby Solar Farm and BESS - QLD, QLD, 4405, Australia",-27.2148411,151.3113913,OK,"Dalby QLD 4405, Australia"
SRPXNS94,New England Solar Farm - NSW,NSW,522.3953,2358,Solar,15/09/2022,Unsuspended,0,,"New England Solar Farm - NSW, NSW, 2358, Australia",-30.6249654,151.6190761,OK,"2 Big Ridge Rd, Uralla NSW 2358, Australia"
SRPVQLW4,Miami Aquatic Centre - Solar  - QLD,QLD,0.2565,4220,Solar,7/09/2022,Unsuspended,0,,"Miami Aquatic Centre - Solar  - QLD, QLD, 4220, Australia",-28.0618626,153.4295734,OK,"80 Pacific Ave, Miami QLD 4220, Australia"
SRPVSAQ8,Murray Bridge 1 - Solar - SA,SA,5.3071,5254,Solar,1/09/2022,Unsuspended,0,,"Murray Bridge 1 - Solar - SA, SA, 5254, Australia",-35.0380696,139.1625989,OK,"Rockleigh SA 5254, Australia"
SRPVNT71,Crocosaurus Cove - Solar - NT,NT,0.2184,800,Solar,29/08/2022,Unsuspended,0,,"Crocosaurus Cove - Solar - NT, NT, 800, Australia",-12.462332,130.839161,OK,"58 Mitchell St, Darwin City NT 0800, Australia"
SRPXVC95,University Of Melbourne Creswick - Solar - VIC,VIC,0.1028,3363,Solar,26/08/2022,Unsuspended,0,,"University Of Melbourne Creswick - Solar - VIC, VIC, 3363, Australia",-37.4227122,143.8988137,OK,"Creswick VIC 3363, Australia"
SRPVQLW8,Volvo Group - Solar - QLD,QLD,0.495,4076,Solar,26/08/2022,Unsuspended,0,,"Volvo Group - Solar - QLD, QLD, 4076, Australia",-27.5910421,152.9261038,OK,"22 Viking Dr, Wacol QLD 4076, Australia"
SRPXNS98,Bowden Brae S3 - Solar w SGU - NSW,NSW,0.186,2076,Solar,26/08/2022,Unsuspended,0,,"Bowden Brae S3 - Solar w SGU - NSW, NSW, 2076, Australia",-33.7213876,151.1033669,OK,"Bowden Brae, 40-50 Pennant Hills Rd, Normanhurst NSW 2076, Australia"
SRPXNS95,Todae Solar Wallsend HNELHD 0.2482 MW - Solar w SGU - NSW,NSW,0.2482,2287,Solar,25/08/2022,Unsuspended,0,,"Todae Solar Wallsend HNELHD 0.2482 MW - Solar w SGU - NSW, NSW, 2287, Australia",-32.9031005,151.6696167,OK,"Wallsend NSW 2287, Australia"
SRPXNSF7,MBC Microgrid - Solar - NSW,NSW,0.5029,2731,Solar,23/08/2022,Unsuspended,0,,"MBC Microgrid - Solar - NSW, NSW, 2731, Australia",-35.874342,144.6533747,OK,"Moama NSW 2731, Australia"
SRPXNS97,Edmondson Park South CCP Solar NSW,NSW,0.6777,2174,Solar,22/08/2022,Unsuspended,0,,"Edmondson Park South CCP Solar NSW, NSW, 2174, Australia",-33.9651827,150.8580282,OK,"Edmondson Park NSW 2174, Australia"
WD00VC48,Berrybank 2 Wind Farm - Wind - VIC,VIC,109.2,3351,Wind,16/08/2022,Unsuspended,0,,"Berrybank 2 Wind Farm - Wind - VIC, VIC, 3351, Australia",-37.9779902,143.4885877,OK,"Berrybank VIC 3323, Australia"
SRPXNS96,Milliken Northmead - Solar w/ SGU - NSW,NSW,0.45,2152,Solar,12/08/2022,Unsuspended,0,,"Milliken Northmead - Solar w/ SGU - NSW, NSW, 2152, Australia",-33.7902573,150.9918338,OK,"Northmead NSW 2152, Australia"
SRPVTA16,Juicy Isle Cambridge - Solar w SGU - TAS,TAS,0.4054,7170,Solar,5/08/2022,Unsuspended,0,,"Juicy Isle Cambridge - Solar w SGU - TAS, TAS, 7170, Australia",-42.8282432,147.469757,OK,"10 Runway Pl, Cambridge TAS 7170, Australia"
SRPVQLW6,Cannon Hill Anglican College - Solar [w SGU] - QLD,QLD,0.1949,4170,Solar,3/08/2022,Unsuspended,0,,"Cannon Hill Anglican College - Solar [w SGU] - QLD, QLD, 4170, Australia",-27.4608217,153.087673,OK,"Krupp Rd, Cannon Hill QLD 4170, Australia"
SRPVSAQ7,Metcash Gepps Cross - Solar - SA,SA,1.0004,5094,Solar,3/08/2022,Unsuspended,0,,"Metcash Gepps Cross - Solar - SA, SA, 5094, Australia",-34.8373459,138.6026211,OK,"50 Port Wakefield Road, Enter/off Matthews Rd, Gepps Cross SA 5094, Australia"
SRPXVC93,University of Melbourne B887 Melbourne Theatre Company - Solar - VIC,VIC,0.1238,3006,Solar,2/08/2022,Unsuspended,0,,"University of Melbourne B887 Melbourne Theatre Company - Solar - VIC, VIC, 3006, Australia",-37.7983459,144.960974,OK,"Parkville VIC 3010, Australia"
WD00WA25,Waslee Downs Wind Farm - WA,WA,2.5,6521,Wind,29/07/2022,Unsuspended,0,,"Waslee Downs Wind Farm - WA, WA, 6521, Australia",-30.2972458,115.4792161,OK,"16158 Brand Hwy, Badgingarra WA 6521, Australia"
SRPVSAQ4,Oldham Road Elizabeth South - Solar w SGU - SA,SA,0.6275,5112,Solar,18/07/2022,Unsuspended,0,,"Oldham Road Elizabeth South - Solar w SGU - SA, SA, 5112, Australia",-34.7457695,138.6614159,OK,"Oldham Rd, Elizabeth South SA 5112, Australia"
WD00VC47,Mortlake South Wind Farm - VIC,VIC,157.5,3265,Wind,18/07/2022,Unsuspended,0,,"Mortlake South Wind Farm - VIC, VIC, 3265, Australia",-38.1273837,142.8574093,OK,"1515 Terang-Mortlake Rd, Kolora VIC 3265, Australia"
SRPVSAQ2,"Warehouse Birralee Rd, Regency Park - Solar w SGU - SA",SA,0.23,5010,Solar,15/07/2022,Unsuspended,0,,"Warehouse Birralee Rd, Regency Park - Solar w SGU - SA, SA, 5010, Australia",-34.8552082,138.5699436,OK,"Birralee Rd, Regency Park SA 5010, Australia"
SRPXVC92,WWHS Nhill Hospital - Solar - Vic,VIC,0.1801,3418,Solar,11/07/2022,Unsuspended,0,,"WWHS Nhill Hospital - Solar - Vic, VIC, 3418, Australia",-36.3336581,141.6552913,OK,"47 Nelson St, Nhill VIC 3418, Australia"
SRPXVC91,Splash Aqua Park - Solar - VIC,VIC,0.1992,3064,Solar,11/07/2022,Unsuspended,0,,"Splash Aqua Park - Solar - VIC, VIC, 3064, Australia",-37.58998,144.912057,OK,"60 Central Park Ave, Craigieburn VIC 3064, Australia"
SRPVQLW3,ROCKLEA PRESSED METAL - Solar wSGU - QLD,QLD,0.425,4110,Solar,7/07/2022,Unsuspended,0,,"ROCKLEA PRESSED METAL - Solar wSGU - QLD, QLD, 4110, Australia",-27.5594282,152.9987877,OK,"Rocklea QLD, Australia"
SRPVWAF6,Meekatharra WTP-Solar-WA,WA,0.3024,6642,Solar,4/07/2022,Unsuspended,0,,"Meekatharra WTP-Solar-WA, WA, 6642, Australia",-26.5956611,118.4935984,OK,"Meekatharra WA 6642, Australia"
SRPXVC90,South Gippsland Water - Leongatha WWTP - Solar w SGU - VIC,VIC,0.211,3953,Solar,4/07/2022,Unsuspended,0,,"South Gippsland Water - Leongatha WWTP - Solar w SGU - VIC, VIC, 3953, Australia",-38.4795252,145.9494638,OK,"Leongatha VIC 3953, Australia"
SRPXVC89,AusPost Melbourne West PDC - Solar - VIC,VIC,0.7504,3020,Solar,4/07/2022,Unsuspended,0,,"AusPost Melbourne West PDC - Solar - VIC, VIC, 3020, Australia",-37.7791149,144.823628,OK,"Sunshine VIC 3020, Australia"
SRPXNS89,Wattle Grove Shopping Village - Solar w SGU - NSW,NSW,0.1975,2173,Solar,1/07/2022,Unsuspended,0,,"Wattle Grove Shopping Village - Solar w SGU - NSW, NSW, 2173, Australia",-33.9551417,150.9443721,OK,"Village Way, Wattle Grove NSW 2173, Australia"
SRPVSAT6,Westpac Lockleys - Solar - SA,SA,1.4926,5032,Solar,1/07/2022,Unsuspended,0,,"Westpac Lockleys - Solar - SA, SA, 5032, Australia",-34.9191033,138.5372275,OK,"25 Pierson St, Lockleys SA 5032, Australia"
SRPVQLW2,Beenleigh Marketplace Solar PV QLD,QLD,0.6553,4207,Solar,30/06/2022,Unsuspended,0,,"Beenleigh Marketplace Solar PV QLD, QLD, 4207, Australia",-27.7175,153.2069444,OK,"114-118 George St, Beenleigh QLD 4207, Australia"
SRPXNS91,UTS Building D - Solar - NSW,NSW,0.1426,2019,Solar,30/06/2022,Unsuspended,0,,"UTS Building D - Solar - NSW, NSW, 2019, Australia",-33.8836537,151.2006119,OK,"15 Broadway, Ultimo NSW 2007, Australia"
SRPXNS86,iQ Renew - Solar - NSW,NSW,0.2474,2250,Solar,28/06/2022,Unsuspended,0,,"iQ Renew - Solar - NSW, NSW, 2250, Australia",-33.4075927,151.2851934,OK,"Pile Rd, Somersby NSW 2250, Australia"
SRPVSAQ5,Agile Energy - NGA - 373kW - Solar w SGU - SA,SA,0.3727,5006,Solar,28/06/2022,Unsuspended,0,,"Agile Energy - NGA - 373kW - Solar w SGU - SA, SA, 5006, Australia",-30.0002315,136.2091547,OK,"South Australia, Australia"
SRPXNS90,Agile Energy - Calvary Nulkaba - 259kW Solar w SGU - NSW,NSW,0.2587,2325,Solar,28/06/2022,Unsuspended,0,,"Agile Energy - Calvary Nulkaba - 259kW Solar w SGU - NSW, NSW, 2325, Australia",-32.8096421,151.3496968,OK,"Nulkaba NSW 2325, Australia"
SRPVSAQ3,Poussin Poultry Pty Ltd - Solar w SGU - SA,SA,0.2302,5254,Solar,21/06/2022,Unsuspended,0,,"Poussin Poultry Pty Ltd - Solar w SGU - SA, SA, 5254, Australia",-35.0886704,139.1681923,OK,"688 Monarto Rd, Pallamana SA 5254, Australia"
SRPXVC88,Fernhurst Truganina - Solar - VIC,VIC,0.4432,3029,Solar,20/06/2022,Unsuspended,0,,"Fernhurst Truganina - Solar - VIC, VIC, 3029, Australia",-37.8657079,144.7286165,OK,"31 Richards Rd, Hoppers Crossing VIC 3029, Australia"
SRWDWA02,Shark Lake - Wind Solar - WA,WA,13.0541,6450,Wind,17/06/2022,Unsuspended,0,,"Shark Lake - Wind Solar - WA, WA, 6450, Australia",-33.7661111,121.8586111,OK,"Shark Lake, Monjingup WA 6450, Australia"
SRPXVC87,Electrolux - Solar - VIC,VIC,0.252,3023,Solar,17/06/2022,Unsuspended,0,,"Electrolux - Solar - VIC, VIC, 3023, Australia",-37.7687064,144.7521888,OK,"Burnside VIC 3023, Australia"
SRPXVC85,Dexus Hello Fresh - Solar - VIC,VIC,0.6003,3023,Solar,13/06/2022,Unsuspended,0,,"Dexus Hello Fresh - Solar - VIC, VIC, 3023, Australia",-37.7628253,144.7340842,OK,"47 Momentum Wy, Ravenhall VIC 3023, Australia"
SRPXVC84,Health Purchasing Seymour Hospital Solar - VIC,VIC,0.149,3660,Solar,10/06/2022,Suspended,0,,"Health Purchasing Seymour Hospital Solar - VIC, VIC, 3660, Australia",-37.0251166,145.1349899,OK,"Seymour VIC 3660, Australia"
SRPVAC24,Canberra Raiders Sports Club - Solar - ACT,ACT,0.2973,2912,Solar,6/06/2022,Unsuspended,0,,"Canberra Raiders Sports Club - Solar - ACT, ACT, 2912, Australia",-35.188067,149.1357507,OK,"Gungahlin ACT 2912, Australia"
SRPVVCU1,Bucher Municipal - Solar - VIC,VIC,0.2036,3168,Solar,2/06/2022,Unsuspended,0,,"Bucher Municipal - Solar - VIC, VIC, 3168, Australia",-37.914669,145.1490173,OK,"65-73 Nantilla Rd, Clayton VIC 3168, Australia"
SRPXQL55,"Mon Repos Road, Mon Repos - Solar - Qld",QLD,0.2007,4670,Solar,2/06/2022,Unsuspended,0,,"Mon Repos Road, Mon Repos - Solar - Qld, QLD, 4670, Australia",-24.8048453,152.4384332,OK,"Mon Repos Rd, Mon Repos QLD 4670, Australia"
SRPVWAF5,Centerwest - Solar w SGU - WA,WA,0.2998,6041,Solar,1/06/2022,Unsuspended,0,,"Centerwest - Solar w SGU - WA, WA, 6041, Australia",-31.329746,115.606053,OK,"LOT 55 Croot Place, Woodridge WA 6041, Australia"
SRPVSAQ1,Murray Bridge - Onkaparinga Pipeline Pump 2 (MU3322) - Solar - SA,SA,13.0234,5254,Solar,1/06/2022,Unsuspended,0,,"Murray Bridge - Onkaparinga Pipeline Pump 2 (MU3322) - Solar - SA, SA, 5254, Australia",-35.0938828,139.2110821,OK,"Pumping Station, Rocky Gully SA 5254, Australia"
SRPXNS81,Warwick farm CCP - Solar - NSW,NSW,0.2741,2170,Solar,31/05/2022,Unsuspended,0,,"Warwick farm CCP - Solar - NSW, NSW, 2170, Australia",-33.911343,150.9381637,OK,"Warwick Farm NSW 2170, Australia"
SRPVWAF4,BROLOS WELSHPOOL - SOLAR - WA,WA,0.5224,6106,Solar,27/05/2022,Unsuspended,0,,"BROLOS WELSHPOOL - SOLAR - WA, WA, 6106, Australia",-31.9890697,115.9801466,OK,"7 Wharton Rd, Kewdale WA 6105, Australia"
SRPXVC82,GPE - Henkel Kilsyth - Solar - VIC,VIC,0.6129,3137,Solar,27/05/2022,Unsuspended,0,,"GPE - Henkel Kilsyth - Solar - VIC, VIC, 3137, Australia",-37.8186613,145.3130672,OK,"135-141 Canterbury Rd, Kilsyth VIC 3137, Australia"
SRPXNS88,GPE - Henkel Seven Hills - Solar  - NSW,NSW,0.3537,2147,Solar,27/05/2022,Unsuspended,0,,"GPE - Henkel Seven Hills - Solar  - NSW, NSW, 2147, Australia",-33.7703132,150.9488677,OK,"7 Stanton Rd, Seven Hills NSW 2147, Australia"
SRPXNS84,Raymond Terrace WWTW - Solar - NSW,NSW,0.2016,2324,Solar,26/05/2022,Unsuspended,0,,"Raymond Terrace WWTW - Solar - NSW, NSW, 2324, Australia",-32.7730034,151.751454,OK,"Raymond Terrace NSW 2324, Australia"
SRPXNS83,Kurri Kurri WWTW - Solar - NSW,NSW,0.3024,2326,Solar,26/05/2022,Unsuspended,0,,"Kurri Kurri WWTW - Solar - NSW, NSW, 2326, Australia",-32.81723,151.4828306,OK,"Kurri Kurri NSW 2327, Australia"
SRPXNS82,Morpeth WWTW - Solar - NSW,NSW,0.6048,2321,Solar,26/05/2022,Unsuspended,0,,"Morpeth WWTW - Solar - NSW, NSW, 2321, Australia",-32.7348101,151.6276038,OK,"41 Butchers Ln, Morpeth NSW 2321, Australia"
SRPXVC79,ISPT - Cnr Colac Road & Pioneer Road - Waurn Ponds - SOLAR - VIC,VIC,0.4212,3216,Solar,18/05/2022,Unsuspended,0,,"ISPT - Cnr Colac Road & Pioneer Road - Waurn Ponds - SOLAR - VIC, VIC, 3216, Australia",-38.1967104,144.3186266,OK,"Pioneer Rd & Colac Rd, Highton VIC 3216, Australia"
SRPXNS77,Hebel Somersby - Solar - NSW,NSW,0.703,2250,Solar,18/05/2022,Unsuspended,0,,"Hebel Somersby - Solar - NSW, NSW, 2250, Australia",-33.416794,151.2905789,OK,"112 Wisemans Ferry Rd, Somersby NSW 2250, Australia"
SRPVWAE9,Kalumburu 700kW Solar Farm - WA,WA,0.93,6740,Solar,9/05/2022,Unsuspended,0,,"Kalumburu 700kW Solar Farm - WA, WA, 6740, Australia",-14.2917439,126.646165,OK,"Kalumburu WA 6740, Australia"
SRPXNS80,Bunnings Leppington - Solar - NSW,NSW,0.2995,2171,Solar,4/05/2022,Unsuspended,0,,"Bunnings Leppington - Solar - NSW, NSW, 2171, Australia",-33.9490188,150.8307741,OK,"Cnr of Bringelly Road, and, Skyline Cres, Leppington NSW 2179, Australia"
SRPVQLW0,Laser 3D Luscombe - Solar - QLD,QLD,0.3024,4207,Solar,3/05/2022,Unsuspended,0,,"Laser 3D Luscombe - Solar - QLD, QLD, 4207, Australia",-27.766515,153.2120735,OK,"25 Stephens Way, Luscombe QLD 4207, Australia"
SRPXNS79,Kitchen Group Solar PV NSW,NSW,0.5787,2250,Solar,2/05/2022,Unsuspended,0,,"Kitchen Group Solar PV NSW, NSW, 2250, Australia",-33.421486,151.2917669,OK,"1 Kangoo Rd, Somersby NSW 2250, Australia"
SRPVTA15,The Vale - Solar w SGU - TAS,TAS,0.2274,7306,Solar,2/05/2022,Unsuspended,0,,"The Vale - Solar w SGU - TAS, TAS, 7306, Australia",-41.4332443,146.264274,OK,"The Vale, Claude Road TAS 7306, Australia"
SRPXNS78,St Augustine's College  - Solar  - NSW,NSW,0.2323,2100,Solar,29/04/2022,Unsuspended,0,,"St Augustine's College  - Solar  - NSW, NSW, 2100, Australia",-33.7595636,151.2708557,OK,"18-22 Alfred Rd, Brookvale NSW 2100, Australia"
SRPVQLT4,BLUE GRASS SOLAR FARM - SOLAR - QLD,QLD,199.8226,4413,Solar,29/04/2022,Unsuspended,0,,"BLUE GRASS SOLAR FARM - SOLAR - QLD, QLD, 4413, Australia",-26.691574,150.4992218,OK,"Warrego Hwy, Baking Board QLD 4413, Australia"
SRPXNS48,"ISPT Wrights Rd, Kellyville - Solar - NSW",NSW,0.3564,2155,Solar,28/04/2022,Unsuspended,0,,"ISPT Wrights Rd, Kellyville - Solar - NSW, NSW, 2155, Australia",-33.7141567,150.9733462,OK,"Wrights Rd, Kellyville NSW 2155, Australia"
SRPVQLV8,Sunny Queen Carol Park - Solar wSGU  - Qld,QLD,0.2095,4300,Solar,26/04/2022,Unsuspended,0,,"Sunny Queen Carol Park - Solar wSGU  - Qld, QLD, 4300, Australia",-27.6106777,152.9239044,OK,"145 Mica St, Carole Park QLD 4300, Australia"
SRPVQLV9,CedarGroveWWTP-Solar-QLD,QLD,0.1952,4285,Solar,22/04/2022,Unsuspended,0,,"CedarGroveWWTP-Solar-QLD, QLD, 4285, Australia",-27.8469913,152.9650796,OK,"Cedar Grove Rd, Cedar Grove QLD 4285, Australia"
SRPVQLV0,Woolooga Solar Farm - Solar - QLD,QLD,214.3372,4570,Solar,22/04/2022,Unsuspended,0,,"Woolooga Solar Farm - Solar - QLD, QLD, 4570, Australia",-26.0841377,152.4450438,OK,"Lower Wonga QLD 4570, Australia"
SRPXNS76,Lindisfarne Mahers Lane - Solar - NSW,NSW,0.3308,2486,Solar,22/04/2022,Unsuspended,0,,"Lindisfarne Mahers Lane - Solar - NSW, NSW, 2486, Australia",-28.234144,153.5069895,OK,"88/110 Mahers Ln, Terranora NSW 2486, Australia"
SRWDSA02,PAREP 1 PTY LIMITED-WIND SOLAR- SA,SA,316.8818,5700,Wind,19/04/2022,Unsuspended,0,,"PAREP 1 PTY LIMITED-WIND SOLAR- SA, SA, 5700, Australia",-32.5565655,137.8642145,OK,"Port Paterson SA 5700, Australia"
SRPXNS75,Energy Bay - B&J (Arndell Park) - Solar - NSW,NSW,0.1987,2148,Solar,14/04/2022,Unsuspended,0,,"Energy Bay - B&J (Arndell Park) - Solar - NSW, NSW, 2148, Australia",-33.7878243,150.8759624,OK,"Arndell Park NSW 2148, Australia"
SRPXVC61,"Eramosa Rd West, Somerville - Solar - VIC",VIC,0.7636,3912,Solar,12/04/2022,Unsuspended,0,,"Eramosa Rd West, Somerville - Solar - VIC, VIC, 3912, Australia",-38.2222387,145.1652174,OK,"Eramosa Rd W, Somerville VIC 3912, Australia"
SRPVQLV7,My Centre Nerang - Solar - QLD,QLD,0.5499,4211,Solar,7/04/2022,Unsuspended,0,,"My Centre Nerang - Solar - QLD, QLD, 4211, Australia",-27.9979313,153.3388898,OK,"57 Station St, Nerang QLD 4211, Australia"
SRPVWAF0,Gruyere Power Station - Solar Farm - WA,WA,13.6203,6440,Solar,6/04/2022,Unsuspended,0,,"Gruyere Power Station - Solar Farm - WA, WA, 6440, Australia",-27.7662558,123.7964613,OK,"Western Australia 6440, Australia"
SRPVWAF3,Balcatta Customer Centre - Solar w SGU - WA,WA,0.4097,6021,Solar,4/04/2022,Unsuspended,0,,"Balcatta Customer Centre - Solar w SGU - WA, WA, 6021, Australia",-31.8665987,115.8209018,OK,"Balcatta WA 6021, Australia"
SRPVQLV6,LoganholmeWWTP-Solar-QLD,QLD,1.3608,4129,Solar,4/04/2022,Unsuspended,0,,"LoganholmeWWTP-Solar-QLD, QLD, 4129, Australia",-27.684273,153.1950388,OK,"112 Chetwynd St, Loganholme QLD 4129, Australia"
SRPXNS73,Dudley Private Hospital - Solar - NSW,NSW,0.233,2800,Solar,31/03/2022,Unsuspended,0,,"Dudley Private Hospital - Solar - NSW, NSW, 2800, Australia",-33.2819677,149.1212378,OK,"261 March St, Orange NSW 2800, Australia"
SRPXNS74,BAYSHORE DEVELOPMENT PTY LTD - BYRON BAY - NSW - SOLAR,NSW,0.2,2481,Solar,31/03/2022,Unsuspended,0,,"BAYSHORE DEVELOPMENT PTY LTD - BYRON BAY - NSW - SOLAR, NSW, 2481, Australia",-28.6301114,153.5837387,OK,"Bayshore Dr, Byron Bay NSW 2481, Australia"
SRPVQLV4,Lakeside Homestead Pty Ltd - Solar - w SGU - QLD,QLD,0.2236,4216,Solar,31/03/2022,Unsuspended,0,,"Lakeside Homestead Pty Ltd - Solar - w SGU - QLD, QLD, 4216, Australia",-27.9223336,153.3560806,OK,"433 Brisbane Rd, Coombabah QLD 4216, Australia"
SRPXNS72,John Hunter Hospital 2398.5kW - Solar w SGU - NSW,NSW,2.3985,2305,Solar,28/03/2022,Unsuspended,0,,"John Hunter Hospital 2398.5kW - Solar w SGU - NSW, NSW, 2305, Australia",-32.9225887,151.6925059,OK,"Lookout Rd, New Lambton Heights NSW 2305, Australia"
SRPVQLV5,AusPost Sunshine Coast - Solar - QLD,QLD,0.1998,4560,Solar,22/03/2022,Unsuspended,0,,"AusPost Sunshine Coast - Solar - QLD, QLD, 4560, Australia",-26.6172733,153.0827646,OK,"9 Moomba St, Pacific Paradise QLD 4564, Australia"
SRPXNS71,AusPost DF St Leonards - Solar - NSW,NSW,0.1998,2065,Solar,22/03/2022,Unsuspended,0,,"AusPost DF St Leonards - Solar - NSW, NSW, 2065, Australia",-33.8193432,151.1919818,OK,"2 Herbert St, St Leonards NSW 2065, Australia"
SRPXNS70,Agile Energy NGR 330kW - Solar w SGU - NSW,NSW,0.3303,2112,Solar,22/03/2022,Unsuspended,0,,"Agile Energy NGR 330kW - Solar w SGU - NSW, NSW, 2112, Australia",-31.2532183,146.921099,OK,"New South Wales, Australia"
SRPVNT69,Batchelor Pell - Solar - NT,NT,12.5383,845,Solar,11/03/2022,Unsuspended,0,,"Batchelor Pell - Solar - NT, NT, 845, Australia",-13.0785018,131.0625213,OK,"Batchelor NT 0845, Australia"
SRPXNS68,The King's School Preparatory School - Solar w SGU - NSW,NSW,0.2117,2151,Solar,8/03/2022,Unsuspended,0,,"The King's School Preparatory School - Solar w SGU - NSW, NSW, 2151, Australia",-33.7892859,151.0197273,OK,"7 Masons Dr, North Parramatta NSW 2151, Australia"
SRPVSAQ0,Saint Ignatius' College - Solar w SGU - SA,SA,0.1989,5076,Solar,7/03/2022,Unsuspended,0,,"Saint Ignatius' College - Solar w SGU - SA, SA, 5076, Australia",-34.8758563,138.6974779,OK,"St Ignatius College, 2 Manresa Ct, Athelstone SA 5076, Australia"
SRPXNS45,Metz Solar Farm - Solar - NSW,NSW,141.5063,2350,Solar,1/03/2022,Unsuspended,0,,"Metz Solar Farm - Solar - NSW, NSW, 2350, Australia",-30.4941859,151.9813913,OK,"New South Wales 2350, Australia"
SRPXNS87,"McLaurin Road, Ettamogah - Solar - NSW",NSW,0.6323,2640,Solar,24/02/2022,Unsuspended,0,,"McLaurin Road, Ettamogah - Solar - NSW, NSW, 2640, Australia",-35.9977664,146.9722681,OK,"McLaurin Rd, Ettamogah NSW 2640, Australia"
SRPXNS64,Mirvac Energy - Locomotive Shed - Solar - NSW,NSW,0.6693,2015,Solar,23/02/2022,Suspended,0,,"Mirvac Energy - Locomotive Shed - Solar - NSW, NSW, 2015, Australia",-33.86255,151.207935,OK,"Level 28/200 George St, Sydney NSW 2000, Australia"
SRPXNS67,"GENELEC Newbridge Rd, Moorebank - Solar w SGU - NSW",NSW,0.3478,2170,Solar,21/02/2022,Unsuspended,0,,"GENELEC Newbridge Rd, Moorebank - Solar w SGU - NSW, NSW, 2170, Australia",-33.9293587,150.9432756,OK,"Newbridge Rd, Moorebank NSW 2170, Australia"
SRPXNS66,"Gymnasium Road, Macquarie Park - Solar - NSW",NSW,0.36,2113,Solar,21/02/2022,Unsuspended,0,,"Gymnasium Road, Macquarie Park - Solar - NSW, NSW, 2113, Australia",-33.7723905,151.1112397,OK,"Gymnasium Rd, Macquarie Park NSW 2113, Australia"
SRPVWAF1,Mount Magnet WTP - Solar PV - WA,WA,0.2016,6638,Solar,14/02/2022,Unsuspended,0,,"Mount Magnet WTP - Solar PV - WA, WA, 6638, Australia",-28.0652329,117.8487476,OK,"Mount Magnet WA 6638, Australia"
SRPXNS46,"ISPT Kookaburra Road, Prestons - Solar - NSW",NSW,0.3049,2170,Solar,9/02/2022,Unsuspended,0,,"ISPT Kookaburra Road, Prestons - Solar - NSW, NSW, 2170, Australia",-33.9462231,150.8573808,OK,"Kookaburra Rd, Prestons NSW 2170, Australia"
SRPVQLU9,"College Avenue, Forest Lake - SOLAR - Qld w SGU",QLD,0.2997,4078,Solar,9/02/2022,Unsuspended,0,,"College Avenue, Forest Lake - SOLAR - Qld w SGU, QLD, 4078, Australia",-27.6175929,152.9728349,OK,"College Ave, Forest Lake QLD 4078, Australia"
SRPXNS65,Wax Converters Rutherford - Solar w SGU - NSW,NSW,0.8008,2320,Solar,8/02/2022,Unsuspended,0,,"Wax Converters Rutherford - Solar w SGU - NSW, NSW, 2320, Australia",-32.716444,151.51452,OK,"77 Racecourse Rd, Rutherford NSW 2320, Australia"
WD00NS20,"Bango Wind Farm 2, feeder 999- NSW",NSW,84.8,2586,Wind,6/02/2022,Unsuspended,0,,"Bango Wind Farm 2, feeder 999- NSW, NSW, 2586, Australia",-34.5517015,148.7322235,OK,"Lachlan Valley Way, Boorowa NSW 2586, Australia"
SRPVSAP9,PA Power Microgrid 1 Pty Ltd - Solar - SA,SA,1.1945,5950,Solar,4/02/2022,Unsuspended,0,,"PA Power Microgrid 1 Pty Ltd - Solar - SA, SA, 5950, Australia",-34.9454042,138.5237246,OK,"Adelaide Airport SA 5950, Australia"
SRPVSAO7,Redmud Green Energy 93  - Solar - SA,SA,0.2368,5321,Solar,1/02/2022,Unsuspended,0,,"Redmud Green Energy 93  - Solar - SA, SA, 5321, Australia",-25.274398,133.775136,OK,Australia
SRPVSAO9,Redmud Green Energy 111 - Solar - SA,SA,0.2368,5333,Solar,1/02/2022,Unsuspended,0,,"Redmud Green Energy 111 - Solar - SA, SA, 5333, Australia",-34.1812186,140.7840005,OK,"Lot 41 Sturt Hwy, Paringa SA 5340, Australia"
SRPXVC80,South West Healthcare-Solar-Vic,VIC,0.2483,3280,Solar,1/02/2022,Unsuspended,0,,"South West Healthcare-Solar-Vic, VIC, 3280, Australia",-38.3801373,142.473434,OK,"25 Ryot St, Warrnambool VIC 3280, Australia"
SRPVNT68,Jabiru Solar Project - Solar - NT,NT,8.4496,886,Solar,1/02/2022,Unsuspended,0,,"Jabiru Solar Project - Solar - NT, NT, 886, Australia",-12.6744733,132.8325431,OK,"Jabiru NT 0886, Australia"
SRPXVC78,Diamond Valley Sports and Fitness Centre - Solar - VIC,VIC,0.1492,3088,Solar,27/01/2022,Unsuspended,0,,"Diamond Valley Sports and Fitness Centre - Solar - VIC, VIC, 3088, Australia",-37.6894579,145.1114385,OK,"44 Civic Dr, Greensborough VIC 3088, Australia"
SRPVQLU8,Toohey Road - Stage 2 - Solar w SGU - QLD,QLD,0.1998,4107,Solar,27/01/2022,Unsuspended,0,,"Toohey Road - Stage 2 - Solar w SGU - QLD, QLD, 4107, Australia",-27.5416263,153.0399585,OK,"Toohey Rd, Salisbury QLD 4107, Australia"
BEBGQL34,KGF Biogas Generation Plant - QLD,QLD,3.902,4515,Biomass,21/01/2022,Unsuspended,0,,"KGF Biogas Generation Plant - QLD, QLD, 4515, Australia",-26.789344,152.4973826,OK,"Winya QLD 4515, Australia"
SRPXNS63,The Iconic - Solar - NSW,NSW,0.3501,2161,Solar,19/01/2022,Unsuspended,0,,"The Iconic - Solar - NSW, NSW, 2161, Australia",-33.85660379999999,150.9582304,OK,"205-231 Fairfield Rd, Yennora NSW 2161, Australia"
SRPXNS49,AU870 Interchange Pk 22 Wonderland - Solar - NSW,NSW,0.2997,2766,Solar,12/01/2022,Unsuspended,0,,"AU870 Interchange Pk 22 Wonderland - Solar - NSW, NSW, 2766, Australia",-33.80395500000001,150.841843,OK,"22 Wonderland Dr, Eastern Creek NSW 2766, Australia"
SRPVSAO8,Redmud Green Energy 97 - Solar - SA,SA,0.2368,5341,Solar,11/01/2022,Unsuspended,0,,"Redmud Green Energy 97 - Solar - SA, SA, 5341, Australia",-34.1812186,140.7840005,OK,"Lot 41 Sturt Hwy, Paringa SA 5340, Australia"
SRPVQLU7,Bunnings North Lakes - Solar - QLD,QLD,0.499,4509,Solar,10/01/2022,Unsuspended,0,,"Bunnings North Lakes - Solar - QLD, QLD, 4509, Australia",-27.2119825,152.9972583,OK,"18-28 Cook Ct, North Lakes QLD 4509, Australia"
WD00VC46,Murra Warra Wind Farm Stage 2 - VIC,VIC,209.0,3401,Wind,23/12/2021,Unsuspended,0,,"Murra Warra Wind Farm Stage 2 - VIC, VIC, 3401, Australia",-36.43748310000001,142.2256038,OK,"Murra Warra VIC 3401, Australia"
SRPVQLU6,Woolworths DC Townsville 2996 - Solar - QLD,QLD,1.1137,4818,Solar,22/12/2021,Unsuspended,0,,"Woolworths DC Townsville 2996 - Solar - QLD, QLD, 4818, Australia",-19.2495978,146.7401267,OK,"21 Jay St, Mount St John QLD 4818, Australia"
SRPXVC76,Bunnings Leopold - Solar - VIC,VIC,0.1997,3224,Solar,21/12/2021,Unsuspended,0,,"Bunnings Leopold - Solar - VIC, VIC, 3224, Australia",-38.1845384,144.4522914,OK,"621-639 Bellarine Hwy, Leopold VIC 3224, Australia"
SRPXVC75,Bunnings Shepparton - Solar - VIC,VIC,0.2501,3630,Solar,21/12/2021,Unsuspended,0,,"Bunnings Shepparton - Solar - VIC, VIC, 3630, Australia",-36.3877574,145.4217733,OK,"90 Benalla Rd, Shepparton VIC 3630, Australia"
SRPXVC74,Bunnings Epsom - Solar - VIC,VIC,0.2997,3551,Solar,21/12/2021,Unsuspended,0,,"Bunnings Epsom - Solar - VIC, VIC, 3551, Australia",-36.711543,144.3134775,OK,"Cnr Midland Hwy &, Toma Ct, Epsom VIC 3551, Australia"
SRPXVC77,Bunnings Melton - Solar - VIC,VIC,0.3001,3337,Solar,21/12/2021,Unsuspended,0,,"Bunnings Melton - Solar - VIC, VIC, 3337, Australia",-37.6917935,144.6073389,OK,"56 High St, Melton VIC 3337, Australia"
SRPVSAP8,Bunnings Parafield - Solar - SA,SA,0.2493,5106,Solar,20/12/2021,Unsuspended,0,,"Bunnings Parafield - Solar - SA, SA, 5106, Australia",-34.7929419,138.6441134,OK,"Cnr Main North Road &, Kings Rd, Parafield SA 5106, Australia"
SRPVQLU4,Bunnings Maryborough - Solar - QLD,QLD,0.2706,4650,Solar,20/12/2021,Unsuspended,0,,"Bunnings Maryborough - Solar - QLD, QLD, 4650, Australia",-25.5361092,152.696163,OK,"107 Ferry St, Maryborough QLD 4650, Australia"
SRPVQLU5,Bunnings Morayfield - Solar - QLD,QLD,0.2993,4506,Solar,20/12/2021,Unsuspended,0,,"Bunnings Morayfield - Solar - QLD, QLD, 4506, Australia",-27.113713,152.950152,OK,"Morayfield Rd, Morayfield QLD 4506, Australia"
SRPXNS62,Bunnings Wallsend - Solar - NSW,NSW,0.36,2287,Solar,20/12/2021,Unsuspended,0,,"Bunnings Wallsend - Solar - NSW, NSW, 2287, Australia",-32.897361,151.673668,OK,"Corner Sandgate Road &, Minmi Rd, Wallsend NSW 2287, Australia"
SRPVQLU3,Bunnings Caloundra - Solar - QLD,QLD,0.4192,4551,Solar,20/12/2021,Unsuspended,0,,"Bunnings Caloundra - Solar - QLD, QLD, 4551, Australia",-26.7963301,153.1048762,OK,"54 Caloundra Rd, Caloundra QLD 4551, Australia"
SRPVQLT8,58 Kingston Drive-Solar-QLD,QLD,0.7257,4212,Solar,19/12/2021,Unsuspended,0,,"58 Kingston Drive-Solar-QLD, QLD, 4212, Australia",-27.9398923,153.3383438,OK,"58 Kingston Dr, Gaven QLD 4211, Australia"
SRPXVC73,Woolworths DC Melbourne Fresh MSB2 3953 - Solar - VIC,VIC,0.7488,3029,Solar,18/12/2021,Unsuspended,0,,"Woolworths DC Melbourne Fresh MSB2 3953 - Solar - VIC, VIC, 3029, Australia",-37.8307216,144.7637785,OK,"85 Foundation Rd, Truganina VIC 3029, Australia"
SRPXVC72,Woolworths DC Melbourne Fresh MSB1 3953 - Solar - VIC,VIC,0.7488,3029,Solar,18/12/2021,Unsuspended,0,,"Woolworths DC Melbourne Fresh MSB1 3953 - Solar - VIC, VIC, 3029, Australia",-37.8307216,144.7637785,OK,"85 Foundation Rd, Truganina VIC 3029, Australia"
SRPXNS99,"Brett Road, EUSTON - Solar - NSW",NSW,0.1998,2737,Solar,17/12/2021,Unsuspended,0,,"Brett Road, EUSTON - Solar - NSW, NSW, 2737, Australia",-34.5454361,142.7629901,OK,"Brett Rd, Euston NSW 2737, Australia"
SRPVAC32,Mitch Arch - Solar wSGU - ACT,ACT,0.1995,2911,Solar,16/12/2021,Unsuspended,0,,"Mitch Arch - Solar wSGU - ACT, ACT, 2911, Australia",-35.2154903,149.1415531,OK,"Mitchell ACT 2911, Australia"
SRPXNS56,Williams Sonoma Frasers Horsley Park No.2 - Solar PV - NSW,NSW,0.2754,2175,Solar,16/12/2021,Unsuspended,0,,"Williams Sonoma Frasers Horsley Park No.2 - Solar PV - NSW, NSW, 2175, Australia",-33.8295716,150.8217116,OK,"Johnston Cres, Horsley Park NSW 2175, Australia"
SRPXVC65,Ozito efm frasers Dandenong South No.1 - Solar PV - VIC,VIC,0.5013,3175,Solar,16/12/2021,Unsuspended,0,,"Ozito efm frasers Dandenong South No.1 - Solar PV - VIC, VIC, 3175, Australia",-38.0555281,145.2228658,OK,"25 Fox Dr, Dandenong South VIC 3175, Australia"
SRPXVC69,Flavour Makers Woodlands Drive West - Solar w SGU  - VIC,VIC,0.2538,3195,Solar,15/12/2021,Unsuspended,0,,"Flavour Makers Woodlands Drive West - Solar w SGU  - VIC, VIC, 3195, Australia",-37.9951596,145.1200232,OK,"91-97 Woodlands Dr, Braeside VIC 3195, Australia"
SRPXVCI4,Flavour Makers Woodlands Drive East - Solar w SGU  - VIC,VIC,0.1854,3195,Solar,15/12/2021,Unsuspended,0,,"Flavour Makers Woodlands Drive East - Solar w SGU  - VIC, VIC, 3195, Australia",-37.9951596,145.1200232,OK,"91-97 Woodlands Dr, Braeside VIC 3195, Australia"
SRPXVC68,Flavour Makers Governor Road - Solar w SGU - VIC,VIC,1.2501,3195,Solar,15/12/2021,Unsuspended,0,,"Flavour Makers Governor Road - Solar w SGU - VIC, VIC, 3195, Australia",-38.0075213,145.1083858,OK,"223-225 Governor Rd, Braeside VIC 3195, Australia"
SRPXVC70,Hygain Site 10 - Solar wSGU - VIC,VIC,0.1638,3809,Solar,14/12/2021,Unsuspended,0,,"Hygain Site 10 - Solar wSGU - VIC, VIC, 3809, Australia",-38.0673549,145.4139392,OK,"Officer South VIC 3809, Australia"
SRPXVC71,Hygain Site 20 - Solar wSGU - VIC,VIC,0.3888,3809,Solar,14/12/2021,Unsuspended,0,,"Hygain Site 20 - Solar wSGU - VIC, VIC, 3809, Australia",-38.0673549,145.4139392,OK,"Officer South VIC 3809, Australia"
SRPXNS55,Shoalhaven Energy Project - Solar - NSW,NSW,3.926,2540,Solar,14/12/2021,Unsuspended,0,,"Shoalhaven Energy Project - Solar - NSW, NSW, 2540, Australia",-35.1516626,150.5976674,OK,"Sanctuary Point NSW 2540, Australia"
SRPVQLU2,Robertson Brothers Sawmills - Solar  - QLD,QLD,0.3006,4570,Solar,10/12/2021,Unsuspended,0,,"Robertson Brothers Sawmills - Solar  - QLD, QLD, 4570, Australia",-26.1710286,152.683802,OK,"30 Old Wolvi Rd, Victory Heights QLD 4570, Australia"
SRPXNS69,"Vicinity - Corner Station St And Woodriff St, Penrith - Solar - NSW",NSW,0.7792,2750,Solar,10/12/2021,Unsuspended,0,,"Vicinity - Corner Station St And Woodriff St, Penrith - Solar - NSW, NSW, 2750, Australia",-33.7576445,150.6936035,OK,"Woodriff St, Penrith NSW 2750, Australia"
SRPVQLT6,DHLS24_WA DHL Berrinba - Solar - QLD,QLD,0.3502,4117,Solar,9/12/2021,Unsuspended,0,,"DHLS24_WA DHL Berrinba - Solar - QLD, QLD, 4117, Australia",-27.6728168,121.6283098,OK,"Western Australia, Australia"
SRPVSAP7,COLE8.1 - DC Edinburgh Parks - Solar - SA,SA,1.9017,5111,Solar,9/12/2021,Unsuspended,0,,"COLE8.1 - DC Edinburgh Parks - Solar - SA, SA, 5111, Australia",-34.7332678,138.6362515,OK,"Edinburgh SA 5111, Australia"
SRPXVC67,Iceland Cold Storage 282.6 kW - Solar - Vic,VIC,0.2826,3076,Solar,8/12/2021,Unsuspended,0,,"Iceland Cold Storage 282.6 kW - Solar - Vic, VIC, 3076, Australia",-37.6341341,145.016269,OK,"Epping VIC 3076, Australia"
SRPXVC66,Prima Printing Noble Park - Solar w SGU - VIC,VIC,0.1997,3174,Solar,2/12/2021,Unsuspended,0,,"Prima Printing Noble Park - Solar w SGU - VIC, VIC, 3174, Australia",-37.9502675,145.1836168,OK,"170-176 Browns Rd, Noble Park North VIC 3174, Australia"
SRPVSAP6,Cornerstone College - Solar w SGU - SA,SA,0.2205,5251,Solar,2/12/2021,Unsuspended,0,,"Cornerstone College - Solar w SGU - SA, SA, 5251, Australia",-35.0601443,138.854715,OK,"68 Adelaide Rd, Mount Barker SA 5251, Australia"
SRPVQLT1,Columboola Solar Farm - QLD,QLD,202.5005,4415,Solar,1/12/2021,Unsuspended,0,,"Columboola Solar Farm - QLD, QLD, 4415, Australia",-26.6734642,150.338875,OK,"Columboola QLD 4415, Australia"
SRPVQLT9,Carinity Gaythorne - Solar PV - QLD,QLD,0.2971,4051,Solar,1/12/2021,Unsuspended,0,,"Carinity Gaythorne - Solar PV - QLD, QLD, 4051, Australia",-27.4120826,152.9815063,OK,"53 Prospect Rd, Gaythorne QLD 4051, Australia"
SRPXNS57,Endeavour Spring Farm - 249.75 kW - Solar - NSW,NSW,0.2497,2526,Solar,29/11/2021,Unsuspended,0,,"Endeavour Spring Farm - 249.75 kW - Solar - NSW, NSW, 2526, Australia",-34.0703836,150.729412,OK,"Spring Farm NSW 2570, Australia"
SRPXNS58,Endeavour Huntingwood HO 456.8kW - Solar - NSW,NSW,0.4568,2148,Solar,29/11/2021,Unsuspended,0,,"Endeavour Huntingwood HO 456.8kW - Solar - NSW, NSW, 2148, Australia",-33.7973065,150.8767386,OK,"Huntingwood NSW 2148, Australia"
SRPVQLU0,Motorline BMW - Solar w SGU - QLD,QLD,0.2322,4127,Solar,29/11/2021,Unsuspended,0,,"Motorline BMW - Solar w SGU - QLD, QLD, 4127, Australia",-27.6354191,153.1372225,OK,"1/11 Old Chatswood Rd, Daisy Hill QLD 4127, Australia"
SRPVQLU1,Gold Coast BMW - Solar w SGU - NSW,QLD,0.1998,4215,Solar,29/11/2021,Unsuspended,0,,"Gold Coast BMW - Solar w SGU - NSW, QLD, 4215, Australia",-27.9762976,153.3873656,OK,"285 Southport Nerang Rd, Southport QLD 4215, Australia"
HYMCTA08,Little Fisher Hydro Power Station TAS,TAS,0.8,7304,Hydro,25/11/2021,Unsuspended,0,,"Little Fisher Hydro Power Station TAS, TAS, 7304, Australia",-41.70597718111885,146.2907600543407,OK,"Little Fisher River, Tasmania 7304, Australia"
SRPXNS54,Breakers Club Carpark - Solar w/ SGU - NSW,NSW,0.3459,2260,Solar,24/11/2021,Unsuspended,0,,"Breakers Club Carpark - Solar w/ SGU - NSW, NSW, 2260, Australia",-33.4299829,151.4370994,OK,"64 Dover Rd, Wamberal NSW 2260, Australia"
SRPVWAE8,Tellus Sandy Ridge - Solar - WA,WA,1.0752,6429,Solar,23/11/2021,Unsuspended,0,,"Tellus Sandy Ridge - Solar - WA, WA, 6429, Australia",-30.3628891,120.0964531,OK,"Wallaroo WA 6429, Australia"
SRPVSAP0,JAP-Solar-SA,SA,3.366,5690,Solar,19/11/2021,Unsuspended,0,,"JAP-Solar-SA, SA, 5690, Australia",-30.1519003,131.9196471,OK,"South Australia 5690, Australia"
SRPXNS42,Sebastopol Solar Farm - Solar - NSW,NSW,110.6132,2666,Solar,19/11/2021,Unsuspended,0,,"Sebastopol Solar Farm - Solar - NSW, NSW, 2666, Australia",-34.602951,147.5548858,OK,"Sebastopol NSW 2666, Australia"
SRPXVC64,CUB Abbotsford - Solar - VIC,VIC,1.7401,3067,Solar,18/11/2021,Unsuspended,0,,"CUB Abbotsford - Solar - VIC, VIC, 3067, Australia",-37.8085828,145.0046161,OK,"1 Southampton Cres, Abbotsford VIC 3067, Australia"
SRPXNS52,Cobar Water Board Hermidale - Solar - NSW,NSW,0.5997,2831,Solar,17/11/2021,Unsuspended,0,,"Cobar Water Board Hermidale - Solar - NSW, NSW, 2831, Australia",-31.5485971,146.7229785,OK,"Cobar St, Hermidale NSW 2831, Australia"
SRPXNS51,Cobar Water Board Nyngan - Solar - NSW,NSW,0.5997,2825,Solar,17/11/2021,Unsuspended,0,,"Cobar Water Board Nyngan - Solar - NSW, NSW, 2825, Australia",-31.5624881,147.1923572,OK,"Cobar St, Nyngan NSW 2825, Australia"
SRPVQLS8,Western Downs Green Power Hub - Solar - QLD,QLD,460.011,4413,Solar,17/11/2021,Unsuspended,0,,"Western Downs Green Power Hub - Solar - QLD, QLD, 4413, Australia",-26.3724452,150.7679216,OK,"Chances Plain QLD 4413, Australia"
SRPXVC63,Assisi Aged Care - Solar - VIC,VIC,0.2986,3084,Solar,16/11/2021,Unsuspended,0,,"Assisi Aged Care - Solar - VIC, VIC, 3084, Australia",-37.740502,145.0751554,OK,"230 Rosanna Rd, Rosanna VIC 3084, Australia"
SRPXNS53,Leppington Railway Station - Solar - NSW,NSW,0.6938,2179,Solar,16/11/2021,Unsuspended,0,,"Leppington Railway Station - Solar - NSW, NSW, 2179, Australia",-33.9544288,150.8080721,OK,"Leppington, 2179, 187 Rickard Rd, Leppington NSW 2179, Australia"
SRPVSAP2,Streaky Bay Energy Project - Solar - SA,SA,3.3844,5680,Solar,15/11/2021,Unsuspended,0,,"Streaky Bay Energy Project - Solar - SA, SA, 5680, Australia",-32.7947144,134.2180942,OK,"Streaky Bay SA 5680, Australia"
SRPXNS50,Parkes Hospital - 451.44kW - Solar w SGU - NSW,NSW,0.4514,2870,Solar,10/11/2021,Unsuspended,0,,"Parkes Hospital - 451.44kW - Solar w SGU - NSW, NSW, 2870, Australia",-33.1356614,148.1744534,OK,"Parkes NSW 2870, Australia"
SRPVSAP5,Aldinga Wastewater Treatment Plant Reserve (ALDWWTP) - Solar - SA,SA,1.5185,5173,Solar,10/11/2021,Unsuspended,0,,"Aldinga Wastewater Treatment Plant Reserve (ALDWWTP) - Solar - SA, SA, 5173, Australia",-35.2673827,138.4832219,OK,"Aldinga SA 5173, Australia"
SRPVSAP3,"ISPT Cheltenham Parade, St Clair - Solar - SA",SA,0.1539,5011,Solar,8/11/2021,Unsuspended,0,,"ISPT Cheltenham Parade, St Clair - Solar - SA, SA, 5011, Australia",-34.8674202,138.529063,OK,"Cheltenham Parade, St Clair SA 5011, Australia"
SRPVSAP4,Donovans Dairy - Solar w SGU - SA,SA,0.248,5291,Solar,8/11/2021,Unsuspended,0,,"Donovans Dairy - Solar w SGU - SA, SA, 5291, Australia",-38.0115012,140.9594121,OK,"Donovans SA 5291, Australia"
SRPXVC59,Uniqlo Solar System - Solar - VIC,VIC,0.3009,3029,Solar,7/11/2021,Unsuspended,0,,"Uniqlo Solar System - Solar - VIC, VIC, 3029, Australia",-37.8282806,144.7082568,OK,"Truganina VIC 3029, Australia"
SRPXVC60,Goodman McCormick Solar System - Solar - VIC,VIC,0.6001,3194,Solar,7/11/2021,Unsuspended,0,,"Goodman McCormick Solar System - Solar - VIC, VIC, 3194, Australia",-37.97289250000001,145.0884771,OK,"8 Northern Ave, Moorabbin Airport VIC 3194, Australia"
SRPXVC54,Tatura Solar Project - Solar - VIC,VIC,8.2134,3616,Solar,6/11/2021,Unsuspended,0,,"Tatura Solar Project - Solar - VIC, VIC, 3616, Australia",-36.4400613,145.2260066,OK,"Tatura VIC 3616, Australia"
SRPXVC57,Yarroweyah Solar Project - Solar - VIC,VIC,8.2574,3644,Solar,6/11/2021,Unsuspended,0,,"Yarroweyah Solar Project - Solar - VIC, VIC, 3644, Australia",-35.9254587,145.5594809,OK,"Yarroweyah VIC 3644, Australia"
SRPXVC53,Pine Lodge Solar Project - Solar - VIC,VIC,7.7056,3631,Solar,5/11/2021,Unsuspended,0,,"Pine Lodge Solar Project - Solar - VIC, VIC, 3631, Australia",-36.36474949999999,145.5315614,OK,"Pine Lodge VIC 3631, Australia"
SRPXVC56,Bamawm Solar Project - Solar - VIC,VIC,8.2134,3561,Solar,5/11/2021,Unsuspended,0,,"Bamawm Solar Project - Solar - VIC, VIC, 3561, Australia",-36.2711353,144.6171073,OK,"Bamawm VIC 3561, Australia"
SRPXVC55,Stanhope 5 Solar Project - Solar - VIC,VIC,8.2134,3623,Solar,4/11/2021,Unsuspended,0,,"Stanhope 5 Solar Project - Solar - VIC, VIC, 3623, Australia",-36.4481015,144.9822237,OK,"Stanhope VIC 3623, Australia"
SRPVQLT7,Stoddart Karawatha - SOLAR - Qld,QLD,0.8186,4117,Solar,3/11/2021,Unsuspended,0,,"Stoddart Karawatha - SOLAR - Qld, QLD, 4117, Australia",-27.6498947,153.0782775,OK,"39 Forest Way, Karawatha QLD 4117, Australia"
SRPVSAP1,Roseworthy SCBC - Solar w SGU - SA,SA,0.2306,5371,Solar,1/11/2021,Unsuspended,0,,"Roseworthy SCBC - Solar w SGU - SA, SA, 5371, Australia",-34.5341167,138.7468836,OK,"Roseworthy SA 5371, Australia"
SRPXNS40,Hillston Sun Farm - Solar - NSW,NSW,119.3814,2675,Solar,30/10/2021,Unsuspended,0,,"Hillston Sun Farm - Solar - NSW, NSW, 2675, Australia",-33.519282,145.5288354,OK,"Hillston NSW 2675, Australia"
SRPVQLT5,College St North Lakes - Solar - QLD,QLD,0.2808,4509,Solar,29/10/2021,Unsuspended,0,,"College St North Lakes - Solar - QLD, QLD, 4509, Australia",-27.2324378,153.0229401,OK,"College St, North Lakes QLD 4509, Australia"
SRPVQLT2,QIC Logan - SOLAR - QLD,QLD,4.9526,4128,Solar,29/10/2021,Unsuspended,0,,"QIC Logan - SOLAR - QLD, QLD, 4128, Australia",-27.6519632,153.1737578,OK,"Shailer Park QLD 4128, Australia"
SRPXNS47,AU870 Interchange Park 13 Interchange - Solar - NSW,NSW,0.2501,2766,Solar,28/10/2021,Unsuspended,0,,"AU870 Interchange Park 13 Interchange - Solar - NSW, NSW, 2766, Australia",-33.8018006,150.8436994,OK,"Interchange Park, Interchange Dr, Eastern Creek NSW 2766, Australia"
SRPXNS37,Wollongong Council Main Admin Building Carpark - Solar PV - NSW,NSW,0.2196,2500,Solar,26/10/2021,Unsuspended,0,,"Wollongong Council Main Admin Building Carpark - Solar PV - NSW, NSW, 2500, Australia",-34.4207112,150.8783824,OK,"Gwynneville NSW 2500, Australia"
SRPXVC58,HN Springvale - Solar - VIC,VIC,0.2723,3171,Solar,22/10/2021,Unsuspended,0,,"HN Springvale - Solar - VIC, VIC, 3171, Australia",-37.92791709999999,145.1430245,OK,"Homemaker Centre, Westall Rd, Springvale VIC 3171, Australia"
SRPXNS44,Tradies Helensburgh - Solar w SGU - NSW,NSW,0.1757,2508,Solar,19/10/2021,Unsuspended,0,,"Tradies Helensburgh - Solar w SGU - NSW, NSW, 2508, Australia",-34.1896503,150.9797723,OK,"30 Boomerang St, Helensburgh NSW 2508, Australia"
SRPVQLT3,Whitsunday Coast Airport Gunyarra - Solar - QLD,QLD,0.4005,4800,Solar,19/10/2021,Unsuspended,0,,"Whitsunday Coast Airport Gunyarra - Solar - QLD, QLD, 4800, Australia",-20.4922749,148.5583409,OK,"Whitsunday Coast Airport (PPP), Lascelles Ave, Gunyarra QLD 4800, Australia"
SRPXVC52,ECHUCA_SOLAR_VIC,VIC,0.4999,3564,Solar,15/10/2021,Unsuspended,0,,"ECHUCA_SOLAR_VIC, VIC, 3564, Australia",-36.1404431,144.7511231,OK,"Echuca VIC 3564, Australia"
SRPVNSS2,Borg 1090 Somersby - Solar - NSW,NSW,1.4043,2250,Solar,14/10/2021,Unsuspended,0,,"Borg 1090 Somersby - Solar - NSW, NSW, 2250, Australia",-33.3569025,151.2904349,OK,"Somersby NSW 2250, Australia"
WD00VC45,Diapur Wind Farm - VIC,VIC,8.0,3418,Wind,14/10/2021,Unsuspended,0,,"Diapur Wind Farm - VIC, VIC, 3418, Australia",-36.3430413,141.4478541,OK,"266 Diapur-Lawloit Rd, Nhill VIC 3418, Australia"
SRPXVC51,Casey ARC - Solar - VIC,VIC,0.3403,3805,Solar,11/10/2021,Unsuspended,0,,"Casey ARC - Solar - VIC, VIC, 3805, Australia",-38.0203578,145.3010009,OK,"10 Patrick NE Dr, Narre Warren VIC 3805, Australia"
SRPXNS39,Woolworths Kirrawee 1579 - Solar - NSW,NSW,0.3627,2232,Solar,1/10/2021,Unsuspended,0,,"Woolworths Kirrawee 1579 - Solar - NSW, NSW, 2232, Australia",-34.0320366,151.071563,OK,"Kirrawee NSW 2232, Australia"
SRPXVC50,"Lion-Beer, Spirit & Wine Pty Ltd - 650.4KW - Solar - VIC",VIC,0.6504,3220,Solar,1/10/2021,Unsuspended,0,,"Lion-Beer, Spirit & Wine Pty Ltd - 650.4KW - Solar - VIC, VIC, 3220, Australia",-38.155681,144.3521811,OK,"South Geelong VIC 3220, Australia"
SRPXNS38,Suttons_Chullora - Solar w SGU - NSW,NSW,0.3069,2190,Solar,29/09/2021,Unsuspended,0,,"Suttons_Chullora - Solar w SGU - NSW, NSW, 2190, Australia",-33.890933,151.0598123,OK,"Cnr Hume Highway &, Waterloo Rd, Chullora NSW 2190, Australia"
SRPVSAO6,Mannum Adelaide Pumping Station No 2 (MAPL2) - Solar - SA,SA,16.8538,5237,Solar,28/09/2021,Unsuspended,0,,"Mannum Adelaide Pumping Station No 2 (MAPL2) - Solar - SA, SA, 5237, Australia",-34.9284989,138.6007456,OK,"Adelaide SA, Australia"
SRPXVC45,Bialik College - Solar w SGU - VIC,VIC,0.3494,3122,Solar,21/09/2021,Unsuspended,0,,"Bialik College - Solar w SGU - VIC, VIC, 3122, Australia",-37.8425844,145.0445868,OK,"429 Auburn Rd, Hawthorn VIC 3122, Australia"
SRPVWAE6,Secret harbour - Solar - WA,WA,1.2182,6173,Solar,13/09/2021,Unsuspended,0,,"Secret harbour - Solar - WA, WA, 6173, Australia",-32.4051251,115.7634366,OK,"Secret Harbour WA 6173, Australia"
SRPXVC44,Altis Salmon Street - Solar - VIC,VIC,0.2503,3207,Solar,12/09/2021,Unsuspended,0,,"Altis Salmon Street - Solar - VIC, VIC, 3207, Australia",-37.8278895,144.9227929,OK,"Salmon St, Port Melbourne VIC 3207, Australia"
SRPXVC46,GAM Steel - Solar - VIC,VIC,0.3009,3025,Solar,12/09/2021,Unsuspended,0,,"GAM Steel - Solar - VIC, VIC, 3025, Australia",-37.8373769,144.8052103,OK,"14 Gordon Luck Ave, Altona North VIC 3025, Australia"
SRPVWAE7,CleanPeak Energy - Wanneroo - Solar - WA,WA,1.0665,6065,Solar,9/09/2021,Unsuspended,0,,"CleanPeak Energy - Wanneroo - Solar - WA, WA, 6065, Australia",-31.7509712,115.8027929,OK,"Wanneroo WA 6065, Australia"
SRPVQLT0,Max Stocks Food - Solar - QLD,QLD,0.1898,4870,Solar,8/09/2021,Unsuspended,0,,"Max Stocks Food - Solar - QLD, QLD, 4870, Australia",-16.9418676,145.7552787,OK,"347/351 Spence St, Bungalow QLD 4870, Australia"
SRPVWAE5,DHLS23 DHL Hazelmere - Solar - WA,WA,0.3504,6055,Solar,8/09/2021,Unsuspended,0,,"DHLS23 DHL Hazelmere - Solar - WA, WA, 6055, Australia",-31.9236164,116.0131738,OK,"Australia, Western Australia, Hazelmere, Talbot Rd, Gate 3"
SRPXNS36,Energy Bay - Artarmon Home HQ - Solar wSGU - NSW,NSW,0.5304,2064,Solar,6/09/2021,Unsuspended,0,,"Energy Bay - Artarmon Home HQ - Solar wSGU - NSW, NSW, 2064, Australia",-33.8172333,151.1883778,OK,"1 Frederick St, Artarmon NSW 2064, Australia"
SRPVSAO5,Myponga Depot (MYPONGA) - Solar - SA,SA,0.7934,5202,Solar,3/09/2021,Unsuspended,0,,"Myponga Depot (MYPONGA) - Solar - SA, SA, 5202, Australia",-35.3915748,138.4634171,OK,"Myponga SA 5202, Australia"
SRPVSAO4,RED CREST 1 - SOLAR W SGU - SA,SA,0.149,5254,Solar,1/09/2021,Unsuspended,0,The installed capacity includes capacity that received small-scale technology certificates (STCs) under the Small-scale Renewable Energy Target (SRES). ,"RED CREST 1 - SOLAR W SGU - SA, SA, 5254, Australia",-35.0380696,139.1625989,OK,"Rockleigh SA 5254, Australia"
SRPXNS34,AU470 Airgate 383 Coward St - Solar - NSW,NSW,0.1596,2020,Solar,25/08/2021,Unsuspended,0,,"AU470 Airgate 383 Coward St - Solar - NSW, NSW, 2020, Australia",-33.9230486,151.1783248,OK,"383 Coward St, Mascot NSW 2020, Australia"
SRPXNS35,LAKE CARGELLIGO - Solar w/sgu  - NSW,NSW,0.2214,2672,Solar,25/08/2021,Unsuspended,0,The installed capacity includes capacity that received small-scale technology certificates (STCs) under the Small-scale Renewable Energy Target (SRES). ,"LAKE CARGELLIGO - Solar w/sgu  - NSW, NSW, 2672, Australia",-33.2984067,146.3739784,OK,"Lake Cargelligo NSW 2672, Australia"
SRPXVC43,LRT 748 Irymple - Solar w SGU - VIC,VIC,0.3583,3498,Solar,24/08/2021,Unsuspended,0,,"LRT 748 Irymple - Solar w SGU - VIC, VIC, 3498, Australia",-34.2495272,142.159382,OK,"Irymple VIC 3498, Australia"
SRPXVC40,"Point Cook Rd, Point Cook - Solar - VIC",VIC,0.459,3030,Solar,24/08/2021,Unsuspended,0,,"Point Cook Rd, Point Cook - Solar - VIC, VIC, 3030, Australia",-37.9044356,144.75278,OK,"Point Cook Rd, Point Cook VIC 3030, Australia"
SRPVSAL8,Redmud Green Energy 95 - Solar - SA,SA,5.3366,5341,Solar,24/08/2021,Unsuspended,0,,"Redmud Green Energy 95 - Solar - SA, SA, 5341, Australia",-34.1812186,140.7840005,OK,"Lot 41 Sturt Hwy, Paringa SA 5340, Australia"
SRPXVC42,"Saints Rd , Salisbury Plain - Solar - SA",SA,0.2307,5109,Solar,23/08/2021,Unsuspended,0,,"Saints Rd , Salisbury Plain - Solar - SA, SA, 5109, Australia",-34.7626551,138.6635514,OK,"Saints Rd, Salisbury Plain SA 5109, Australia"
SRPXVC41,"Main Street, Bacchus Marsh - Solar - VIC",VIC,0.7551,3340,Solar,23/08/2021,Unsuspended,0,,"Main Street, Bacchus Marsh - Solar - VIC, VIC, 3340, Australia",-37.6755224,144.4354101,OK,"Main St, Bacchus Marsh VIC 3340, Australia"
SRPVWAD8,Carosue Dam Southern Solar Farm - WA,WA,2.6325,6434,Solar,22/08/2021,Unsuspended,0,,"Carosue Dam Southern Solar Farm - WA, WA, 6434, Australia",-30.1602514,122.3340922,OK,"Carosue Dm Acc Rd, Parkeston WA 6434, Australia"
SRPXVC39,Real Utilities Epping No 1 - Solar - VIC,VIC,0.9,3076,Solar,20/08/2021,Unsuspended,0,,"Real Utilities Epping No 1 - Solar - VIC, VIC, 3076, Australia",-37.6376748,145.026475,OK,"Epping VIC 3076, Australia"
SRPVNT67,Manton Dam Solar Power Station - Solar - NT,NT,12.5048,822,Solar,20/08/2021,Unsuspended,0,,"Manton Dam Solar Power Station - Solar - NT, NT, 822, Australia",-12.8584813,131.1212613,OK,"Manton Dam, Darwin River Dam NT 0822, Australia"
SRPVNT66,Batchelor Solar Power Station - Solar - NT,NT,12.5089,845,Solar,20/08/2021,Unsuspended,0,,"Batchelor Solar Power Station - Solar - NT, NT, 845, Australia",-13.0502905,131.0481795,OK,"Batchelor NT 0845, Australia"
SRPVWAD7,Carosue Dam Northern Solar Farm - WA,WA,2.6325,6434,Solar,17/08/2021,Unsuspended,0,,"Carosue Dam Northern Solar Farm - WA, WA, 6434, Australia",-30.1602514,122.3340922,OK,"Carosue Dm Acc Rd, Parkeston WA 6434, Australia"
SRPXVC36,Somers SRP035 Solar VIC,VIC,0.3203,3927,Solar,12/08/2021,Unsuspended,0,,"Somers SRP035 Solar VIC, VIC, 3927, Australia",-38.37937429999999,145.165179,OK,"Somers VIC 3927, Australia"
SRPXVC37,Pakenham SRP032 Solar VIC,VIC,0.4508,3810,Solar,12/08/2021,Unsuspended,0,,"Pakenham SRP032 Solar VIC, VIC, 3810, Australia",-38.0776708,145.4818724,OK,"Pakenham VIC 3810, Australia"
SRPXVC38,Moorabbin Airport - Solar - VIC,VIC,0.5987,3194,Solar,12/08/2021,Unsuspended,0,,"Moorabbin Airport - Solar - VIC, VIC, 3194, Australia",-37.976129,145.0946681,OK,"Moorabbin Airport (MBW), 66 Bundora Parade, Moorabbin Airport VIC 3194, Australia"
SRPXNS28,Marleyspoon - Solar - NSW,NSW,0.506,2164,Solar,9/08/2021,Unsuspended,0,,"Marleyspoon - Solar - NSW, NSW, 2164, Australia",-33.8453445,150.910614,OK,"2A/300 Victoria St, Wetherill Park NSW 2164, Australia"
SRPXNS33,Suntop Solar Farm - NSW,NSW,190.8673,2820,Solar,6/08/2021,Unsuspended,0,,"Suntop Solar Farm - NSW, NSW, 2820, Australia",-32.5799598,148.8382415,OK,"681 Suntop Rd, Suntop NSW 2820, Australia"
SRPXNS31,AU525 Oakdale South 1/6 Aristida - Solar wSGU - NSW,NSW,0.3996,2178,Solar,4/08/2021,Unsuspended,0,The installed capacity includes capacity that received small-scale technology certificates (STCs) under the Small-scale Renewable Energy Target (SRES). ,"AU525 Oakdale South 1/6 Aristida - Solar wSGU - NSW, NSW, 2178, Australia",-31.2532183,146.921099,OK,"New South Wales, Australia"
SRPXNS32,AU525 Oakdale South 2/6 Aristida - Solar wSGU - NSW,NSW,0.3996,2178,Solar,4/08/2021,Unsuspended,0,The installed capacity includes capacity that received small-scale technology certificates (STCs) under the Small-scale Renewable Energy Target (SRES). ,"AU525 Oakdale South 2/6 Aristida - Solar wSGU - NSW, NSW, 2178, Australia",-31.2532183,146.921099,OK,"New South Wales, Australia"
SRPXNS27,"Tyree Place, Braemar - Solar - NSW",NSW,0.5084,2575,Solar,3/08/2021,Unsuspended,0,,"Tyree Place, Braemar - Solar - NSW, NSW, 2575, Australia",-34.429539,150.4885894,OK,"Tyree Pl, Braemar NSW 2575, Australia"
SRPVQLS7,Holmwood Highgate Loganholme - SOLAR - Qld,QLD,0.6,4129,Solar,30/07/2021,Unsuspended,0,,"Holmwood Highgate Loganholme - SOLAR - Qld, QLD, 4129, Australia",-27.6820349,153.1903592,OK,"20-26 Burchill St, Loganholme QLD 4129, Australia"
SRPVWAE4,"Vicinity - Albany Highway, Victoria Park - Solar - WA",WA,0.3001,6100,Solar,28/07/2021,Unsuspended,0,,"Vicinity - Albany Highway, Victoria Park - Solar - WA, WA, 6100, Australia",-31.9739435,115.8970898,OK,"Albany Hwy, Victoria Park WA 6100, Australia"
SRPVWAE3,All Saints College - Solar - WA,WA,0.1797,6149,Solar,21/07/2021,Unsuspended,0,,"All Saints College - Solar - WA, WA, 6149, Australia",-32.0512991,115.8667855,OK,"28 Ewing Ave, Bull Creek WA 6149, Australia"
SRPVSAO0,Onkaparinga Hills Water Pump Station (TWPSONH137) - Solar - SA,SA,0.4104,5163,Solar,21/07/2021,Unsuspended,0,,"Onkaparinga Hills Water Pump Station (TWPSONH137) - Solar - SA, SA, 5163, Australia",-35.1332262,138.56876,OK,"Huntfield Heights SA 5163, Australia"
SRPVAC31,Majura Valley Community Solar Farm - Solar - ACT,ACT,1.2717,2609,Solar,20/07/2021,Unsuspended,0,,"Majura Valley Community Solar Farm - Solar - ACT, ACT, 2609, Australia",-35.3072796,149.1808044,OK,"Majura, ACT 2609, Australia"
SRPXNS09,Junee Solar Farm - Solar PV - NSW,NSW,39.3993,2663,Solar,16/07/2021,Unsuspended,0,,"Junee Solar Farm - Solar PV - NSW, NSW, 2663, Australia",-34.8111341,147.572842,OK,"346 Old Sydney Rd, Marinna NSW 2663, Australia"
SRPXNS30,Port Botany C1 - Solar w/sgu - NSW,NSW,0.2346,2136,Solar,15/07/2021,Unsuspended,0,,"Port Botany C1 - Solar w/sgu - NSW, NSW, 2136, Australia",-33.9759457,151.2154611,OK,"Port Botany NSW 2036, Australia"
SRPXNS10,Wagga Wagga North Solar Farm - Solar PV - NSW,NSW,39.3993,2650,Solar,14/07/2021,Unsuspended,0,,"Wagga Wagga North Solar Farm - Solar PV - NSW, NSW, 2650, Australia",-35.067067,147.4350063,OK,"E Bomen Rd, Bomen NSW 2650, Australia"
SRPVSAN9,Symbion Pty Ltd - Solar - SA,SA,0.3305,5032,Solar,12/07/2021,Unsuspended,0,,"Symbion Pty Ltd - Solar - SA, SA, 5032, Australia",-34.9262534,138.5437358,OK,"Brooklyn Park SA 5032, Australia"
SRPXVC35,"Lake Street, Caroline Springs - Solar - VIC",VIC,0.804,3023,Solar,9/07/2021,Unsuspended,0,,"Lake Street, Caroline Springs - Solar - VIC, VIC, 3023, Australia",-37.7316459,144.7446886,OK,"Lake St, Caroline Springs VIC 3023, Australia"
SRPXNS29,Earlyrise Baking Co Dubbo - Solar w SGU - NSW,NSW,0.2799,2830,Solar,8/07/2021,Unsuspended,0,The installed capacity includes capacity that received small-scale technology certificates (STCs) under the Small-scale Renewable Energy Target (SRES). ,"Earlyrise Baking Co Dubbo - Solar w SGU - NSW, NSW, 2830, Australia",-32.2444426,148.606502,OK,"113 Darling St, Dubbo NSW 2830, Australia"
SRPVSAN8,Trility - Swan Reach Water WFP Reserve (SW11553) - Solar - SA,SA,0.8892,5354,Solar,7/07/2021,Unsuspended,0,,"Trility - Swan Reach Water WFP Reserve (SW11553) - Solar - SA, SA, 5354, Australia",-34.5014147,139.5683029,OK,"Water Treatment Plant, 5245 Murraylands Rd, Swan Reach SA 5354, Australia"
SRPXVC34,Giofrelle Nominees- HV shed- Solar- VIC,VIC,0.399,3549,Solar,6/07/2021,Unsuspended,0,,"Giofrelle Nominees- HV shed- Solar- VIC, VIC, 3549, Australia",-34.6550569,142.7166331,OK,"4 Hocking Rd, Robinvale VIC 3549, Australia"
SRPVQLS5,"ISPT Telegraph Rd, Bracken Ridge - Solar - QLD",QLD,0.2218,4017,Solar,5/07/2021,Unsuspended,0,,"ISPT Telegraph Rd, Bracken Ridge - Solar - QLD, QLD, 4017, Australia",-27.3321593,153.0325527,OK,"Telegraph Rd, Bracken Ridge QLD, Australia"
SRPVQLS6,"ISPT Halpine Dr, Mango Hill - Solar - QLD",QLD,0.2534,4509,Solar,2/07/2021,Unsuspended,0,,"ISPT Halpine Dr, Mango Hill - Solar - QLD, QLD, 4509, Australia",-27.2444754,153.0265283,OK,"Halpine Dr, Mango Hill QLD 4509, Australia"
SRPVSAL7,Redmud Green Energy 43 - Solar - SA,SA,2.446,5550,Solar,1/07/2021,Unsuspended,0,,"Redmud Green Energy 43 - Solar - SA, SA, 5550, Australia",-25.274398,133.775136,OK,Australia
SRPXNS25,Gunnedah Solar Farm - Solar - NSW,NSW,153.7767,2380,Solar,29/06/2021,Unsuspended,0,,"Gunnedah Solar Farm - Solar - NSW, NSW, 2380, Australia",-30.9618656,150.3398437,OK,"765 Orange Grove Rd, Orange Grove NSW 2380, Australia"
SRPXVC32,Ivanhoe Grammar Middle Years Campus - Solar w SGU - VIC,VIC,0.299,3079,Solar,28/06/2021,Unsuspended,0,The installed capacity includes capacity that received small-scale technology certificates (STCs) under the Small-scale Renewable Energy Target (SRES). ,"Ivanhoe Grammar Middle Years Campus - Solar w SGU - VIC, VIC, 3079, Australia",-37.7753097,145.0440957,OK,"41 The Ridgeway, Ivanhoe VIC 3079, Australia"
SRPVSAN7,Flinders Medical Centre Solar PV SA,SA,1.1484,5042,Solar,25/06/2021,Unsuspended,0,,"Flinders Medical Centre Solar PV SA, SA, 5042, Australia",-35.0226671,138.5690943,OK,"Flinders Dr, Bedford Park SA 5042, Australia"
SRPVQLR9,Coles Arana Hills- Solar w SGU- QLD,QLD,0.2381,4054,Solar,24/06/2021,Unsuspended,0,The installed capacity includes capacity that received small-scale technology certificates (STCs) under the Small-scale Renewable Energy Target (SRES). ,"Coles Arana Hills- Solar w SGU- QLD, QLD, 4054, Australia",-27.399319,152.9589001,OK,"Patricks Road &, Patricks Place, Dawson Parade, Arana Hills QLD 4054, Australia"
SRPVWAE2,Intertek - Solar - WA,WA,0.9998,6109,Solar,23/06/2021,Unsuspended,0,,"Intertek - Solar - WA, WA, 6109, Australia",-31.9890697,115.9801466,OK,"7 Wharton Rd, Kewdale WA 6105, Australia"
BEBGVC25,Barwon Water - Colac WRP - Waste - VIC,VIC,0.36,3250,Biomass,22/06/2021,Unsuspended,0,,"Barwon Water - Colac WRP - Waste - VIC, VIC, 3250, Australia",-38.3387633,143.5899756,OK,"42 Hesse St, Colac VIC 3250, Australia"
SRPXVC31,Werribee Supa IGA - Solar w SGU - VIC,VIC,0.1989,3030,Solar,21/06/2021,Unsuspended,0,,"Werribee Supa IGA - Solar w SGU - VIC, VIC, 3030, Australia",-37.8886978,144.6615724,OK,"Shaws Rd & Tarneit Rd, Werribee VIC 3030, Australia"
SRPXVC30,Calendar Cheese Truganina - Solar - VIC,VIC,0.3004,3029,Solar,21/06/2021,Unsuspended,0,,"Calendar Cheese Truganina - Solar - VIC, VIC, 3029, Australia",-37.8379821,144.7616729,OK,"154 Foundation Rd, Truganina VIC 3029, Australia"
SRPXNS26,Melrose Village - Solar w SGU - NSW,NSW,0.1949,2145,Solar,18/06/2021,Unsuspended,0,The installed capacity includes capacity that received small-scale technology certificates (STCs) under the Small-scale Renewable Energy Target (SRES). ,"Melrose Village - Solar w SGU - NSW, NSW, 2145, Australia",-33.799897,150.959622,OK,"123-157 Bungaree Rd, Pendle Hill NSW 2145, Australia"
SRPXNS24,Proten Farm 68 - Solar  - NSW,NSW,0.2497,2680,Solar,17/06/2021,Unsuspended,0,,"Proten Farm 68 - Solar  - NSW, NSW, 2680, Australia",-34.3537309,145.9948391,OK,"Unnamed Road, Hanwood NSW 2680, Australia"
SRPXVC29,Sigma Healthcare Truganina - Solar - VIC,VIC,0.5002,3029,Solar,17/06/2021,Unsuspended,0,,"Sigma Healthcare Truganina - Solar - VIC, VIC, 3029, Australia",-37.8239802,144.7399381,OK,"580-610 Dohertys Rd, Truganina VIC 3029, Australia"
SRPXVC25,Latrobe Regional Hospital-Solar-Vic,VIC,0.6565,3844,Solar,16/06/2021,Unsuspended,0,,"Latrobe Regional Hospital-Solar-Vic, VIC, 3844, Australia",-38.2185193,146.4702181,OK,"10 Village Ave, Traralgon VIC 3844, Australia"
SRPXVC28,Latrobe Regional Hospital 2-Solar-Vic,VIC,0.7723,3844,Solar,16/06/2021,Unsuspended,0,,"Latrobe Regional Hospital 2-Solar-Vic, VIC, 3844, Australia",-38.2185193,146.4702181,OK,"10 Village Ave, Traralgon VIC 3844, Australia"
SRPXVC27,Prima Fresh - Solar w SGU - VIC,VIC,0.207,3616,Solar,11/06/2021,Unsuspended,0,The installed capacity includes capacity that received small-scale technology certificates (STCs) under the Small-scale Renewable Energy Target (SRES). ,"Prima Fresh - Solar w SGU - VIC, VIC, 3616, Australia",-36.448369,145.274661,OK,"460 Craven Rd, Tatura VIC 3616, Australia"
SRPXVC26,Giofrelle Nominees- Farm 4 Dam - Solar-VIC,VIC,0.3199,3549,Solar,11/06/2021,Unsuspended,0,,"Giofrelle Nominees- Farm 4 Dam - Solar-VIC, VIC, 3549, Australia",-34.6550569,142.7166331,OK,"4 Hocking Rd, Robinvale VIC 3549, Australia"
SRPVQLS0,IGA Pomona - SOLAR - QLD,QLD,0.1802,4568,Solar,7/06/2021,Unsuspended,0,,"IGA Pomona - SOLAR - QLD, QLD, 4568, Australia",-26.3647526,152.8543478,OK,"3-5 Reserve St, Pomona QLD 4568, Australia"
SRPXNS23,CleanPeak Energy - Highlands - Solar - NSW,NSW,0.8186,2575,Solar,7/06/2021,Unsuspended,0,,"CleanPeak Energy - Highlands - Solar - NSW, NSW, 2575, Australia",-34.358075,150.3500838,OK,"High Range NSW 2575, Australia"
SRPVWAE1,Welshpool Business Park Power Station - Solar - WA,WA,0.1998,6106,Solar,3/06/2021,Unsuspended,0,,"Welshpool Business Park Power Station - Solar - WA, WA, 6106, Australia",-31.9934404,115.9443544,OK,"Welshpool WA 6106, Australia"
SRPVSAN5,Balhannah Summit Storage WTP (SU11533) - Solar - SA,SA,1.1081,5242,Solar,3/06/2021,Unsuspended,0,,"Balhannah Summit Storage WTP (SU11533) - Solar - SA, SA, 5242, Australia",-35.0155434,138.8642684,OK,"Summit Storage, Balhannah SA 5242, Australia"
SRPXNS21,Erina Works Depot (Extension) - Solar w SGU - NSW,NSW,0.1997,2250,Solar,31/05/2021,Unsuspended,0,The installed capacity includes capacity that received small-scale technology certificates (STCs) under the Small-scale Renewable Energy Target (SRES). ,"Erina Works Depot (Extension) - Solar w SGU - NSW, NSW, 2250, Australia",-33.4338169,151.3900807,OK,"Erina NSW 2250, Australia"
SRPXNS22,Hillsong Epi Centre Baulkham Hills - Solar - NSW,NSW,0.351,2153,Solar,31/05/2021,Unsuspended,0,,"Hillsong Epi Centre Baulkham Hills - Solar - NSW, NSW, 2153, Australia",-33.73242640000001,150.9607889,OK,"13 Solent Cct, Norwest NSW 2153, Australia"
SRPVWAC9,Chichester Solar Farm - WA,WA,71.1417,6753,Solar,28/05/2021,Unsuspended,0,,"Chichester Solar Farm - WA, WA, 6753, Australia",-22.4193602,119.7467534,OK,"Christmas Creek Mine, Roy Hill Station, Newman WA 6753, Australia"
BEBGVC26,Hyland Highway Landfill Generator - LFG - VIC,VIC,0.9,3844,Biomass,26/05/2021,Unsuspended,0,,"Hyland Highway Landfill Generator - LFG - VIC, VIC, 3844, Australia",-38.2512238,146.5587866,OK,"Hyland Hwy, Loy Yang VIC 3844, Australia"
SRPVWAE0,Peel Renewable Energy Stake Hill - Solar - WA,WA,1.2196,6181,Solar,26/05/2021,Unsuspended,0,,"Peel Renewable Energy Stake Hill - Solar - WA, WA, 6181, Australia",-32.492398,115.798936,OK,"Stake Hill WA 6181, Australia"
SRPVSAM1,"Barossa Aquatic & Fitness Centre, Tanunda - Solar - SA",SA,0.2565,5352,Solar,24/05/2021,Unsuspended,0,,"Barossa Aquatic & Fitness Centre, Tanunda - Solar - SA, SA, 5352, Australia",-34.5181918,138.9797206,OK,"75 Magnolia Rd, Tanunda SA 5352, Australia"
WD00NS19,"Bango Wind Farm 1, feeder 973 - NSW",NSW,159.0,2586,Wind,23/05/2021,Unsuspended,0,,"Bango Wind Farm 1, feeder 973 - NSW, NSW, 2586, Australia",-34.5517015,148.7322235,OK,"Lachlan Valley Way, Boorowa NSW 2586, Australia"
SRPXNS17,Ausgrid Beresfield - Solar - NSW,NSW,0.132,2322,Solar,21/05/2021,Unsuspended,0,,"Ausgrid Beresfield - Solar - NSW, NSW, 2322, Australia",-32.8003162,151.6351168,OK,"53 Weakleys Dr, Beresfield NSW 2322, Australia"
SRPVNT65,Coles 486 Coolalinga - Solar - NT,NT,0.1792,839,Solar,19/05/2021,Unsuspended,0,,"Coles 486 Coolalinga - Solar - NT, NT, 839, Australia",-12.5188645,131.0406631,OK,"Coolalinga NT 0839, Australia"
SRPVNSW5,Leeton SF - Solar - NSW,NSW,7.261,2705,Solar,17/05/2021,Unsuspended,0,,"Leeton SF - Solar - NSW, NSW, 2705, Australia",-34.5517791,146.4055582,OK,"Leeton NSW 2705, Australia"
SRPVNSW4,Fivebough SF - Solar - NSW,NSW,7.261,2705,Solar,17/05/2021,Unsuspended,0,,"Fivebough SF - Solar - NSW, NSW, 2705, Australia",-34.51,146.45,OK,"Five Bough, Leeton NSW 2705, Australia"
SRPXVC23,Tahbilk Pty Ltd - Solar w/SGU - VIC,VIC,0.1983,3607,Solar,14/05/2021,Unsuspended,0,The installed capacity includes capacity that received small-scale technology certificates (STCs) under the Small-scale Renewable Energy Target (SRES). ,"Tahbilk Pty Ltd - Solar w/SGU - VIC, VIC, 3607, Australia",-36.8257084,145.0850577,OK,"254 Oneils Road, Nagambie VIC 3607, Australia"
SRPXVC24,Lake Fyans 96023 - Solar - VIC,VIC,0.2513,3381,Solar,13/05/2021,Unsuspended,0,,"Lake Fyans 96023 - Solar - VIC, VIC, 3381, Australia",-37.1512006,142.6369316,OK,"Lake Fyans VIC 3381, Australia"
SRPVQLS4,Woolworths Caloundra 2670 - Solar - QLD,QLD,0.3759,4551,Solar,11/05/2021,Unsuspended,0,,"Woolworths Caloundra 2670 - Solar - QLD, QLD, 4551, Australia",-26.8043999,153.1254643,OK,"Caloundra QLD 4551, Australia"
SRPXNS20,Eilbeck Ingleburn Site - Solar w SGU - NSW,NSW,0.2579,2565,Solar,7/05/2021,Unsuspended,0,The installed capacity includes capacity that received small-scale technology certificates (STCs) under the Small-scale Renewable Energy Target (SRES). ,"Eilbeck Ingleburn Site - Solar w SGU - NSW, NSW, 2565, Australia",-34.0044124,150.8630229,OK,"Ingleburn NSW 2565, Australia"
SRPXVC22,ABMT Textiles -SOLAR - VIC,VIC,0.4649,3338,Solar,7/05/2021,Unsuspended,0,,"ABMT Textiles -SOLAR - VIC, VIC, 3338, Australia",-37.7046012,144.600296,OK,"100/128 Ferris Rd, Cobblebank VIC 3338, Australia"
SRPVNSS5,AMP Capital - Peak Hill - Solar - NSW,NSW,6.6394,2869,Solar,3/05/2021,Unsuspended,0,,"AMP Capital - Peak Hill - Solar - NSW, NSW, 2869, Australia",-32.7255779,148.1915984,OK,"Peak Hill NSW 2869, Australia"
SRPXNS18,Woolworths Rosehill 1123 - Solar - NSW,NSW,0.225,2142,Solar,30/04/2021,Unsuspended,0,,"Woolworths Rosehill 1123 - Solar - NSW, NSW, 2142, Australia",-33.8239653,151.0212029,OK,"Rosehill NSW 2142, Australia"
SRPXNS19,Woolworths Emerton 1625 - Solar - NSW,NSW,0.2394,2770,Solar,30/04/2021,Unsuspended,0,,"Woolworths Emerton 1625 - Solar - NSW, NSW, 2770, Australia",-33.7428377,150.8055135,OK,"Emerton NSW 2770, Australia"
SRPVSAN4,Hahndorf Wastewater Treatment Plant Reserve (HA5088) - Solar - SA,SA,0.2565,5245,Solar,23/04/2021,Unsuspended,0,,"Hahndorf Wastewater Treatment Plant Reserve (HA5088) - Solar - SA, SA, 5245, Australia",-35.0314617,138.8095665,OK,"Verdun SA 5245, Australia"
SRPVWAD9,Gilmac-Wagin-Solar-WA,WA,0.3951,6315,Solar,23/04/2021,Unsuspended,0,,"Gilmac-Wagin-Solar-WA, WA, 6315, Australia",-33.294593,117.405251,OK,"LOT 676 Wagin-Dumbleyung Rd, Wagin WA 6315, Australia"
SRPVQLS3,IGA Cooroy - Solar - QLD,QLD,0.2664,4563,Solar,22/04/2021,Unsuspended,0,,"IGA Cooroy - Solar - QLD, QLD, 4563, Australia",-26.4170675,152.9091,OK,"3 Emerald St, Cooroy QLD 4563, Australia"
SRPVQLS2,Woolworths Bowen 2562 - Solar - QLD,QLD,0.2797,4805,Solar,22/04/2021,Unsuspended,0,,"Woolworths Bowen 2562 - Solar - QLD, QLD, 4805, Australia",-20.0131947,148.2468796,OK,"Bowen QLD 4805, Australia"
SRPVSAN1,Korvest Ltd - Solar w SGU - SA,SA,0.368,5084,Solar,21/04/2021,Unsuspended,0,The installed capacity includes capacity that received small-scale technology certificates (STCs) under the Small-scale Renewable Energy Target (SRES). ,"Korvest Ltd - Solar w SGU - SA, SA, 5084, Australia",-34.8553998,138.5937955,OK,"Blair Athol SA 5084, Australia"
SRPVAC29,Woolworths Dickson 1073 - Solar - ACT,ACT,0.1865,2602,Solar,20/04/2021,Unsuspended,0,,"Woolworths Dickson 1073 - Solar - ACT, ACT, 2602, Australia",-35.2518329,149.1399409,OK,"Dickson ACT 2602, Australia"
SRPVSAN3,South Hummocks 1 - Solar - SA,SA,5.94,5550,Solar,19/04/2021,Unsuspended,0,,"South Hummocks 1 - Solar - SA, SA, 5550, Australia",-34.0066251,138.1175619,OK,"South Hummocks SA 5550, Australia"
SRPVSAN2,Kadina 2 - Solar - SA,SA,6.0984,5554,Solar,19/04/2021,Unsuspended,0,,"Kadina 2 - Solar - SA, SA, 5554, Australia",-33.9632646,137.7148587,OK,"Kadina SA 5554, Australia"
SRPVSAN0,TQEH Solar PV SA,SA,0.3902,5011,Solar,15/04/2021,Unsuspended,0,,"TQEH Solar PV SA, SA, 5011, Australia",-34.8837417,138.5330755,OK,"28 Woodville Rd, Woodville South SA 5011, Australia"
SRPXNS15,Marrickville Metro - Solar - NSW,NSW,0.3825,2204,Solar,13/04/2021,Suspended,0,,"Marrickville Metro - Solar - NSW, NSW, 2204, Australia",-33.9081356,151.1717336,OK,"20 Smidmore St, Marrickville NSW 2204, Australia"
SRPVTA14,TasFresh - Moonah - Solar - Tas,TAS,0.4077,7009,Solar,12/04/2021,Unsuspended,0,,"TasFresh - Moonah - Solar - Tas, TAS, 7009, Australia",-42.8438808,147.2973856,OK,"44 Gormanston Rd, Moonah TAS 7009, Australia"
SRPVSAM8,Lyell McEwin Hospital Solar PV SA,SA,0.765,5112,Solar,12/04/2021,Unsuspended,0,,"Lyell McEwin Hospital Solar PV SA, SA, 5112, Australia",-34.7474522,138.6645671,OK,"Haydown Rd, Elizabeth Vale SA 5112, Australia"
SRPVNT64,Coles Oasis- Solar- NT,NT,0.2037,830,Solar,9/04/2021,Unsuspended,0,,"Coles Oasis- Solar- NT, NT, 830, Australia",-12.4835742,130.9854668,OK,"Oasis Shopping Village, Chung Wah Terrace, Palmerston City NT 0830, Australia"
SRPXNS16,Proten Farm 67 - Solar  - NSW,NSW,0.2497,2680,Solar,8/04/2021,Unsuspended,0,,"Proten Farm 67 - Solar  - NSW, NSW, 2680, Australia",-34.3480155,145.9903858,OK,"330 Gum Creek Rd, Hanwood NSW 2680, Australia"
SRPVSAM9,Swan Reach Pump Station 1 (SW3358) - Solar - SA,SA,6.308,5354,Solar,8/04/2021,Unsuspended,0,,"Swan Reach Pump Station 1 (SW3358) - Solar - SA, SA, 5354, Australia",-34.5685915,139.5966765,OK,"Swan Reach SA 5354, Australia"
WD00VC44,Ferguson South Wind Farm - VIC,VIC,8.0,3268,Wind,1/04/2021,Unsuspended,0,,"Ferguson South Wind Farm - VIC, VIC, 3268, Australia",-38.4984954,142.9385002,OK,"Nullawarre North VIC 3268, Australia"
SRPXNS14,CleanPeak Energy - Dubbo - Solar - NSW,NSW,0.5009,2830,Solar,31/03/2021,Unsuspended,0,,"CleanPeak Energy - Dubbo - Solar - NSW, NSW, 2830, Australia",-32.2443908,148.614418,OK,"Dubbo NSW 2830, Australia"
SRPVSAL9,Westminster School - Innovation Hub - Solar w SGU - SA,SA,0.1493,5043,Solar,26/03/2021,Unsuspended,0,The installed capacity includes capacity that received small-scale technology certificates (STCs) under the Small-scale Renewable Energy Target (SRES). ,"Westminster School - Innovation Hub - Solar w SGU - SA, SA, 5043, Australia",-35.0023171,138.5514428,OK,"Westminster School, 1-23 Alison Ave, Marion SA 5043, Australia"
SRPXNS13,Canterbury Hospital 551.86kW - Solar w SGU - NSW,NSW,0.5519,2194,Solar,26/03/2021,Unsuspended,0,The installed capacity includes capacity that received small-scale technology certificates (STCs) under the Small-scale Renewable Energy Target (SRES). ,"Canterbury Hospital 551.86kW - Solar w SGU - NSW, NSW, 2194, Australia",-33.9195525,151.0985197,OK,"575 Canterbury Rd, Campsie NSW 2194, Australia"
SRPVNT63,Coles Palmerston-Solar-NT,NT,0.2203,830,Solar,25/03/2021,Unsuspended,0,,"Coles Palmerston-Solar-NT, NT, 830, Australia",-12.4817757,130.9849618,OK,"Palmerston Shopping Centre, Temple Tce &, Chung Wah Terrace, Palmerston City NT 0830, Australia"
SRPVSAM7,South Hummocks 2 - Solar - SA,SA,5.94,5550,Solar,24/03/2021,Unsuspended,0,,"South Hummocks 2 - Solar - SA, SA, 5550, Australia",-34.0066251,138.1175619,OK,"South Hummocks SA 5550, Australia"
SRPXNS12,Barker College Rosewood Centre 209.kWp - Solar - NSW,NSW,0.2092,2077,Solar,23/03/2021,Suspended,0,,"Barker College Rosewood Centre 209.kWp - Solar - NSW, NSW, 2077, Australia",-33.7114759,151.102129,OK,"9 The Avenue, Hornsby NSW 2077, Australia"
SRPVSAM6,1182 Old Port Rd Power Station - Solar w SGU - SA,SA,0.1997,5014,Solar,22/03/2021,Unsuspended,0,The installed capacity includes capacity that received small-scale technology certificates (STCs) under the Small-scale Renewable Energy Target (SRES). ,"1182 Old Port Rd Power Station - Solar w SGU - SA, SA, 5014, Australia",-34.8635492,138.5081856,OK,"1182 Old Port Rd, Royal Park SA 5014, Australia"
SRPXNS03,Dicker Data Centre - Solar - NSW,NSW,0.278,2231,Solar,22/03/2021,Unsuspended,0,,"Dicker Data Centre - Solar - NSW, NSW, 2231, Australia",-34.0236293,151.1990189,OK,"238 Captain Cook Dr, Kurnell NSW 2231, Australia"
SRPVQLS1,CUB Yatala - Solar - QLD,QLD,3.007,4207,Solar,19/03/2021,Unsuspended,0,,"CUB Yatala - Solar - QLD, QLD, 4207, Australia",-27.7555094,153.2384282,OK,"Deliveries/55 Cuthbert Dr, Yatala QLD 4207, Australia"
SRPVSAM5,Morgan to Whyalla Pump Station 2 (MO3350) - Solar - SA,SA,5.8733,5320,Solar,17/03/2021,Unsuspended,0,,"Morgan to Whyalla Pump Station 2 (MO3350) - Solar - SA, SA, 5320, Australia",-33.034582,137.5756408,OK,"Whyalla SA 5600, Australia"
SRPVSAM4,Morgan to Whyalla Pump Station 1 and Water Filtration Plant Reserve (MO3348) - Solar - SA,SA,6.1286,5320,Solar,17/03/2021,Unsuspended,0,,"Morgan to Whyalla Pump Station 1 and Water Filtration Plant Reserve (MO3348) - Solar - SA, SA, 5320, Australia",-33.9294188,139.4466005,OK,"Morgan SA 5320, Australia"
SRPXVC21,J.J. Dwyer(Wholesale) Proprietary Limited - Solar w SGU  - VIC,VIC,0.2,3875,Solar,12/03/2021,Unsuspended,0,,"J.J. Dwyer(Wholesale) Proprietary Limited - Solar w SGU  - VIC, VIC, 3875, Australia",-37.6874281,147.5532762,OK,"Calulu VIC 3875, Australia"
SRPVSAM3,Coonalpyn SF - Solar - SA,SA,5.9092,5265,Solar,12/03/2021,Unsuspended,0,,"Coonalpyn SF - Solar - SA, SA, 5265, Australia",-35.6960228,139.8569279,OK,"Coonalpyn SA 5265, Australia"
SRPVSAM0,Coles Port Lincoln- Solar- SA,SA,0.1795,5606,Solar,11/03/2021,Unsuspended,0,,"Coles Port Lincoln- Solar- SA, SA, 5606, Australia",-34.7227594,135.861418,OK,"43 Liverpool St, Port Lincoln SA 5606, Australia"
SRPXVC20,Energy Bay - McCain Foods Ballarat - Solar - VIC,VIC,4.597,3355,Solar,11/03/2021,Unsuspended,0,,"Energy Bay - McCain Foods Ballarat - Solar - VIC, VIC, 3355, Australia",-37.5216548,143.8148743,OK,"1059 Ring Rd, Wendouree VIC 3355, Australia"
SRPVQLR6,Woolworths Highfields 2514 - Solar - QLD,QLD,0.2784,4352,Solar,9/03/2021,Unsuspended,0,,"Woolworths Highfields 2514 - Solar - QLD, QLD, 4352, Australia",-27.4494276,151.9453192,OK,"Highfields QLD 4352, Australia"
SRPXNS11,Woolworths Griffith North 1156 - Solar - NSW,NSW,0.2298,2680,Solar,5/03/2021,Unsuspended,0,,"Woolworths Griffith North 1156 - Solar - NSW, NSW, 2680, Australia",-34.2854091,146.0435423,OK,"2/12 Burrell Pl, Griffith NSW 2680, Australia"
SRPVSAM2,Morgan to Whyalla Pump Station 4 (MO3354) - Solar - SA,SA,5.8733,5381,Solar,5/03/2021,Unsuspended,0,,"Morgan to Whyalla Pump Station 4 (MO3354) - Solar - SA, SA, 5381, Australia",-33.9650324,139.0629956,OK,"Robertstown SA 5381, Australia"
SRPXVC19,Warragul WWTP- Solar- VIC,VIC,0.1998,3820,Solar,2/03/2021,Unsuspended,0,,"Warragul WWTP- Solar- VIC, VIC, 3820, Australia",-38.1692482,145.9469958,OK,"Lillico VIC 3820, Australia"
SRPXVC18,Warragul WTP- Solar- VIC,VIC,0.2501,3820,Solar,2/03/2021,Unsuspended,0,,"Warragul WTP- Solar- VIC, VIC, 3820, Australia",-38.1692482,145.9469958,OK,"Lillico VIC 3820, Australia"
SRPXNS08,Deepwater Plaza - Solar - NSW,NSW,0.2534,2256,Solar,2/03/2021,Unsuspended,0,,"Deepwater Plaza - Solar - NSW, NSW, 2256, Australia",-33.4869029,151.3228139,OK,"Railway St, Woy Woy NSW 2256, Australia"
SRPVQLR8,QIC Grand Central - Solar - QLD,QLD,0.9202,4350,Solar,2/03/2021,Unsuspended,0,,"QIC Grand Central - Solar - QLD, QLD, 4350, Australia",-27.5615522,151.950838,OK,"Dent Street &, Margaret St, Toowoomba City QLD 4350, Australia"
SRPVQLR7,Willows Shopping Centre - Solar - Qld,QLD,1.5129,4817,Solar,2/03/2021,Unsuspended,0,,"Willows Shopping Centre - Solar - Qld, QLD, 4817, Australia",-19.3201344,146.7053601,OK,"Willows Shopping Centre, 178 Hervey Range Rd, Kirwan QLD 4817, Australia"
SRPVSAL6,Morgan to Whyalla Pump Station 3 (MO3352) - Solar - SA,SA,7.371,5381,Solar,1/03/2021,Unsuspended,0,,"Morgan to Whyalla Pump Station 3 (MO3352) - Solar - SA, SA, 5381, Australia",-33.034582,137.5756408,OK,"Whyalla SA 5600, Australia"
SRPVVCZ5,APAM Agility Warehouse - Solar - VIC,VIC,1.8075,3045,Solar,26/02/2021,Unsuspended,0,,"APAM Agility Warehouse - Solar - VIC, VIC, 3045, Australia",-37.6679317,144.8401227,OK,"Melbourne Airport VIC 3045, Australia"
SRPVQLR1,Woolworths Parkhurst 2765 - Solar - QLD,QLD,0.3027,4702,Solar,25/02/2021,Unsuspended,0,,"Woolworths Parkhurst 2765 - Solar - QLD, QLD, 4702, Australia",-23.3064715,150.5146229,OK,"Parkhurst QLD 4702, Australia"
SRPVTA13,Porta - Bridgewater - Solar - TAS,TAS,0.32,7030,Solar,25/02/2021,Unsuspended,0,,"Porta - Bridgewater - Solar - TAS, TAS, 7030, Australia",-42.7346143,147.2406549,OK,"Bridgewater TAS 7030, Australia"
SRPVWAD5,Agrifresh - Solar wSGU - WA,WA,0.392,6521,Solar,25/02/2021,Unsuspended,0,The installed capacity includes capacity that received small-scale technology certificates (STCs) under the Small-scale Renewable Energy Target (SRES). ,"Agrifresh - Solar wSGU - WA, WA, 6521, Australia",-30.3910511,115.3785719,OK,"Badgingarra WA 6521, Australia"
SRPXNS07,Medline International Two - Solar w SGU - NSW,NSW,0.5497,2765,Solar,25/02/2021,Unsuspended,0,The installed capacity includes capacity that received small-scale technology certificates (STCs) under the Small-scale Renewable Energy Target (SRES). ,"Medline International Two - Solar w SGU - NSW, NSW, 2765, Australia",-33.7204131,150.8354234,OK,"2 Fairview Place, Marsden Park NSW 2765, Australia"
SRPXNS06,Woolworths West Ryde 1341 - Solar - NSW,NSW,0.2642,2114,Solar,18/02/2021,Unsuspended,0,,"Woolworths West Ryde 1341 - Solar - NSW, NSW, 2114, Australia",-33.8077091,151.0887126,OK,"West Ryde NSW 2114, Australia"
SRPXNS04,HammondCare Braeside with SGU - Solar - NSW,NSW,0.3242,2176,Solar,17/02/2021,Unsuspended,0,The installed capacity includes capacity that received small-scale technology certificates (STCs) under the Small-scale Renewable Energy Target (SRES). ,"HammondCare Braeside with SGU - Solar - NSW, NSW, 2176, Australia",-33.8618545,150.9028074,OK,"340 Prairie Vale Rd, Prairiewood NSW 2176, Australia"
SRPVWAD4,Yamarna Exploration Camp - Solar - WA,WA,0.1872,6440,Solar,16/02/2021,Unsuspended,0,,"Yamarna Exploration Camp - Solar - WA, WA, 6440, Australia",-28.1660019,123.6568847,OK,"Cosmo Newbery WA 6440, Australia"
SRPVWAD3,MARC-SOLAR-WA,WA,0.2,6210,Solar,16/02/2021,Unsuspended,0,,"MARC-SOLAR-WA, WA, 6210, Australia",-32.5369825,115.7369599,OK,"3/303 Pinjarra Rd, Mandurah WA 6210, Australia"
SRPVQLR5,Shalom College Bundaberg - Solar - QLD,QLD,0.8102,4670,Solar,16/02/2021,Unsuspended,0,,"Shalom College Bundaberg - Solar - QLD, QLD, 4670, Australia",-24.895867,152.3394085,OK,"9 Fitzgerald St, Bundaberg Central QLD 4670, Australia"
SRPXVC17,Edlyn Foods Epping - Solar w SGU - VIC,VIC,0.2241,3076,Solar,15/02/2021,Unsuspended,0,The installed capacity includes capacity that received small-scale technology certificates (STCs) under the Small-scale Renewable Energy Target (SRES). ,"Edlyn Foods Epping - Solar w SGU - VIC, VIC, 3076, Australia",-37.6429383,145.0000624,OK,"13 Ricky Way, Epping VIC 3076, Australia"
SRPVTA12,Hillwood Berries - Solar w SGU - TAS,TAS,0.3029,7252,Solar,15/02/2021,Unsuspended,0,The installed capacity includes capacity that received small-scale technology certificates (STCs) under the Small-scale Renewable Energy Target (SRES). ,"Hillwood Berries - Solar w SGU - TAS, TAS, 7252, Australia",-41.2438452,147.002595,OK,"139 Hillwood Rd, Hillwood TAS 7252, Australia"
SRPXVC16,Balgownie Estate - Solar - VIC,VIC,0.2,3775,Solar,12/02/2021,Unsuspended,0,,"Balgownie Estate - Solar - VIC, VIC, 3775, Australia",-37.6320571,145.4012298,OK,"1309 Melba Hwy, Yarra Glen VIC 3775, Australia"
SRPXNS01,Suttons_Huntingwood - Solar w SGU - NSW,NSW,0.2745,2148,Solar,12/02/2021,Unsuspended,0,The installed capacity includes capacity that received small-scale technology certificates (STCs) under the Small-scale Renewable Energy Target (SRES). ,"Suttons_Huntingwood - Solar w SGU - NSW, NSW, 2148, Australia",-33.7973065,150.8767386,OK,"Huntingwood NSW 2148, Australia"
SRPXNS02,V&N Glass Pty Ltd - Solar - NSW,NSW,0.4996,2164,Solar,12/02/2021,Unsuspended,0,,"V&N Glass Pty Ltd - Solar - NSW, NSW, 2164, Australia",-33.847641,150.881151,OK,"22/20-24 Newton Rd, Wetherill Park NSW 2164, Australia"
SRPVNSW0,Corowa Solar Farm - Solar PV - NSW,NSW,39.4178,2646,Solar,12/02/2021,Unsuspended,0,,"Corowa Solar Farm - Solar PV - NSW, NSW, 2646, Australia",-35.9852523,146.3604583,OK,"Santos Rd, Corowa NSW 2646, Australia"
SRPVWAD2,Karratha City EPC - Solar - WA,WA,2.3009,6714,Solar,9/02/2021,Unsuspended,0,,"Karratha City EPC - Solar - WA, WA, 6714, Australia",-20.7382342,116.843475,OK,"Karratha WA 6714, Australia"
SRPVVCZ3,Winton Solar Farm - VIC,VIC,100.2481,3673,Solar,9/02/2021,Unsuspended,0,,"Winton Solar Farm - VIC, VIC, 3673, Australia",-36.4997641,146.1142323,OK,"458 Winton-Glenrowan Rd, Winton VIC 3673, Australia"
SRPXVC10,Numurkah Solar Project No. 2 - Solar - VIC,VIC,8.2746,3636,Solar,8/02/2021,Unsuspended,0,,"Numurkah Solar Project No. 2 - Solar - VIC, VIC, 3636, Australia",-36.1596789,145.4738272,OK,"296 Wunghnu Rd, Drumanure VIC 3636, Australia"
SRPVQLR4,Crumptons Kingaroy - Solar - QLD,QLD,0.2688,4610,Solar,6/02/2021,Unsuspended,0,,"Crumptons Kingaroy - Solar - QLD, QLD, 4610, Australia",-26.5370868,151.8903979,OK,"FV7R+55, Kingaroy QLD 4610, Australia"
SRPXVC14,NEWater Wodonga RHQ - Solar w SGU - VIC,VIC,0.1456,3690,Solar,5/02/2021,Unsuspended,0,The installed capacity includes capacity that received small-scale technology certificates (STCs) under the Small-scale Renewable Energy Target (SRES). ,"NEWater Wodonga RHQ - Solar w SGU - VIC, VIC, 3690, Australia",-36.1118041,146.8423556,OK,"Wodonga VIC 3690, Australia"
SRPVWAD1,West Coast Eagles - Solar - WA,WA,0.2871,6100,Solar,5/02/2021,Unsuspended,0,,"West Coast Eagles - Solar - WA, WA, 6100, Australia",-31.9734456,115.9074143,OK,"42 Bishopsgate St, Lathlain WA 6100, Australia"
WD00VC43,Berrybank 1 Wind Farm - Wind - VIC,VIC,180.6,3323,Wind,5/02/2021,Unsuspended,0,,"Berrybank 1 Wind Farm - Wind - VIC, VIC, 3323, Australia",-37.9779902,143.4885877,OK,"Berrybank VIC 3323, Australia"
SRPXVC15,Vigliaturo Stonefuit Ardmona - Solar w SGU - VIC,VIC,0.2202,3629,Solar,4/02/2021,Unsuspended,0,The installed capacity includes capacity that received small-scale technology certificates (STCs) under the Small-scale Renewable Energy Target (SRES). ,"Vigliaturo Stonefuit Ardmona - Solar w SGU - VIC, VIC, 3629, Australia",-36.3834574,145.3134323,OK,"Ardmona VIC 3629, Australia"
SRPVQLR3,Brisbane Parcel Facility - Solar  - QLD,QLD,0.9994,4301,Solar,4/02/2021,Unsuspended,0,,"Brisbane Parcel Facility - Solar  - QLD, QLD, 4301, Australia",-27.5845877,152.8729004,OK,"5 Birdwood Cres, Redbank QLD 4301, Australia"
SRPVNT62,Gateway Shopping Centre Yarrawonga Stage 1 - Solar - NT,NT,1.1204,830,Solar,4/02/2021,Unsuspended,0,,"Gateway Shopping Centre Yarrawonga Stage 1 - Solar - NT, NT, 830, Australia",-12.4704729,130.9830292,OK,"1 Roystonea Ave, Yarrawonga NT 0830, Australia"
SRPVNSX7,BRIGHT PRINT - SOLAR w SGU - NSW,NSW,0.1491,2164,Solar,2/02/2021,Unsuspended,0,The installed capacity includes capacity that received small-scale technology certificates (STCs) under the Small-scale Renewable Energy Target (SRES). ,"BRIGHT PRINT - SOLAR w SGU - NSW, NSW, 2164, Australia",-33.84155459999999,150.9025812,OK,"8/10 Frank St, Wetherill Park NSW 2164, Australia"
SRPVNST1,Orana Mall Dubbo Solar - NSW,NSW,0.4039,2830,Solar,1/02/2021,Unsuspended,0,,"Orana Mall Dubbo Solar - NSW, NSW, 2830, Australia",-32.2556215,148.6315143,OK,"56 Windsor Parade, Dubbo NSW 2830, Australia"
SRPVNST3,Park Beach Plaza Coffs Harbour Solar - NSW,NSW,0.554,2450,Solar,1/02/2021,Unsuspended,0,,"Park Beach Plaza Coffs Harbour Solar - NSW, NSW, 2450, Australia",-30.2826806,153.1313722,OK,"253 Pacific Hwy, Coffs Harbour NSW 2450, Australia"
SRPXVC13,Grizzly Engineering Swan Hill - Solar w SGU - VIC,VIC,0.1994,3585,Solar,28/01/2021,Unsuspended,0,The installed capacity includes capacity that received small-scale technology certificates (STCs) under the Small-scale Renewable Energy Target (SRES). ,"Grizzly Engineering Swan Hill - Solar w SGU - VIC, VIC, 3585, Australia",-35.3432982,143.5329652,OK,"2 McAllister Rd, Swan Hill VIC 3585, Australia"
SRPXVC12,Murphy Fresh - Solar w SGU - VIC,VIC,0.2978,3722,Solar,28/01/2021,Unsuspended,0,,"Murphy Fresh - Solar w SGU - VIC, VIC, 3722, Australia",-36.969651,146.118927,OK,"1098 Mansfield-Whitfield Rd, Mansfield VIC 3722, Australia"
SRPXVC08,Kyabram and District Health Services - Solar - VIC,VIC,0.1997,3620,Solar,27/01/2021,Unsuspended,0,,"Kyabram and District Health Services - Solar - VIC, VIC, 3620, Australia",-36.3151718,145.0425369,OK,"86-96 Fenaughty St, Kyabram VIC 3620, Australia"
SRPVQLQ0,Runaway Bay Centre - Solar - QLD,QLD,1.3086,4216,Solar,27/01/2021,Unsuspended,0,,"Runaway Bay Centre - Solar - QLD, QLD, 4216, Australia",-27.9141265,153.400167,OK,"10-12 Lae Dr, Runaway Bay QLD 4216, Australia"
SRPXVC11,Gazzola Farms Somerville - Solar - VIC,VIC,0.25,3912,Solar,25/01/2021,Unsuspended,0,,"Gazzola Farms Somerville - Solar - VIC, VIC, 3912, Australia",-38.2398504,145.2105156,OK,"63-69 Bungower Rd, Somerville VIC 3912, Australia"
SRPVNSX3,Woolworths Rutherford 1208 - Solar - NSW,NSW,0.3922,2320,Solar,25/01/2021,Unsuspended,0,,"Woolworths Rutherford 1208 - Solar - NSW, NSW, 2320, Australia",-32.7151729,151.5251819,OK,"Rutherford NSW 2320, Australia"
SRPVSAL4,Woolworths Brighton 5798 - Solar - SA,SA,0.1998,5048,Solar,22/01/2021,Unsuspended,0,,"Woolworths Brighton 5798 - Solar - SA, SA, 5048, Australia",-35.0208318,138.5232312,OK,"Brighton SA 5048, Australia"
SRPXVC05,Monash University Power Station Caulfield - Solar - VIC,VIC,0.2556,3145,Solar,22/01/2021,Unsuspended,0,,"Monash University Power Station Caulfield - Solar - VIC, VIC, 3145, Australia",-37.8773524,145.0450003,OK,"900 Dandenong Rd, Caulfield East VIC 3145, Australia"
SRPVQLR0,Edmonton WWTP Ground Mount - Solar w SGU - QLD,QLD,0.259,4869,Solar,22/01/2021,Unsuspended,0,The installed capacity includes capacity that received small-scale technology certificates (STCs) under the Small-scale Renewable Energy Target (SRES). ,"Edmonton WWTP Ground Mount - Solar w SGU - QLD, QLD, 4869, Australia",-16.9928786,145.7602856,OK,"Edmonton QLD 4869, Australia"
SRPVSAL5,Grundfos Pump - Solar w SGU - SA,SA,0.4272,5010,Solar,22/01/2021,Unsuspended,0,The installed capacity includes capacity that received small-scale technology certificates (STCs) under the Small-scale Renewable Energy Target (SRES). ,"Grundfos Pump - Solar w SGU - SA, SA, 5010, Australia",-30.0002315,136.2091547,OK,"South Australia, Australia"
SRPVQLQ7,Northern WWTP Ground Mount - Solar w SGU - QLD,QLD,0.691,4870,Solar,22/01/2021,Unsuspended,0,The installed capacity includes capacity that received small-scale technology certificates (STCs) under the Small-scale Renewable Energy Target (SRES). ,"Northern WWTP Ground Mount - Solar w SGU - QLD, QLD, 4870, Australia",-16.9142203,145.7463044,OK,"West St, Manunda QLD 4870, Australia"
SRPVQLQ8,Southern WWTP Ground Mount - Solar w SGU - QLD,QLD,0.691,4868,Solar,22/01/2021,Unsuspended,0,The installed capacity includes capacity that received small-scale technology certificates (STCs) under the Small-scale Renewable Energy Target (SRES). ,"Southern WWTP Ground Mount - Solar w SGU - QLD, QLD, 4868, Australia",-16.9678678,145.7464633,OK,"Woree QLD 4868, Australia"
SRPXVC06,Monash University Power Station Peninsula - Solar - VIC,VIC,0.695,3199,Solar,22/01/2021,Unsuspended,0,,"Monash University Power Station Peninsula - Solar - VIC, VIC, 3199, Australia",-38.1532012,145.1340508,OK,"Monash University, 47 Moorooduc Hwy, Frankston VIC 3199, Australia"
SRPXVC03,Stanhope Solar Project No. 4 - Solar - VIC,VIC,8.2611,3623,Solar,22/01/2021,Unsuspended,0,,"Stanhope Solar Project No. 4 - Solar - VIC, VIC, 3623, Australia",-36.4481015,144.9822237,OK,"Stanhope VIC 3623, Australia"
SRPXVCC0,Ovida Rocky Lamattina WEMEN  - Solar - VIC,VIC,0.5,3549,Solar,21/01/2021,Unsuspended,0,,"Ovida Rocky Lamattina WEMEN  - Solar - VIC, VIC, 3549, Australia",-34.75832,142.667536,OK,"3916 Hattah-Robinvale Rd, Wemen VIC 3549, Australia"
SRPVNSY7,Coles Kings Langley- Solar w SGU- NSW,NSW,0.181,2147,Solar,20/01/2021,Unsuspended,0,The installed capacity includes capacity that received small-scale technology certificates (STCs) under the Small-scale Renewable Energy Target (SRES). ,"Coles Kings Langley- Solar w SGU- NSW, NSW, 2147, Australia",-33.7434654,150.9234284,OK,"James Cook Drive &, Ravenhill St, Kings Langley NSW 2147, Australia"
SRPVNSY8,Coles Morisset Square- Solar with SGU- NSW,NSW,0.2523,2264,Solar,20/01/2021,Unsuspended,0,The installed capacity includes capacity that received small-scale technology certificates (STCs) under the Small-scale Renewable Energy Target (SRES). ,"Coles Morisset Square- Solar with SGU- NSW, NSW, 2264, Australia",-33.1066507,151.4878111,OK,"35 Yambo St, Morisset NSW 2264, Australia"
SRPVSAN6,DINKO TUNA FAMERS PTY LTD-Solar-W- SGU-SA,SA,0.1989,5606,Solar,19/01/2021,Unsuspended,0,The installed capacity includes capacity that received small-scale technology certificates (STCs) under the Small-scale Renewable Energy Target (SRES). ,"DINKO TUNA FAMERS PTY LTD-Solar-W- SGU-SA, SA, 5606, Australia",-34.7557918,135.8385974,OK,"112-120 Proper Bay Rd, Port Lincoln SA 5606, Australia"
SRPVQLQ9,Hilton Foods - Solar - QLD,QLD,1.6488,4110,Solar,18/01/2021,Unsuspended,0,,"Hilton Foods - Solar - QLD, QLD, 4110, Australia",-27.6444235,152.9878515,OK,"22 Seeana Pl, Heathwood QLD 4110, Australia"
SRPVQLQ6,Marlin Coast WWTP Ground Mount - Solar w SGU - QLD,QLD,0.4057,4878,Solar,15/01/2021,Unsuspended,0,The installed capacity includes capacity that received small-scale technology certificates (STCs) under the Small-scale Renewable Energy Target (SRES). ,"Marlin Coast WWTP Ground Mount - Solar w SGU - QLD, QLD, 4878, Australia",-16.8201979,145.6946041,OK,"Shop 1-2 Campus Shopping Village Cnr McGregor Rd, and, Captain Cook Hwy, Smithfield QLD 4878, Australia"
SRPXVC09,QIC Watergardens - SOLAR - VIC,VIC,2.4524,3038,Solar,15/01/2021,Unsuspended,0,,"QIC Watergardens - SOLAR - VIC, VIC, 3038, Australia",-37.6995475,144.7773828,OK,"399 Melton Hwy, Taylors Lakes VIC 3038, Australia"
SRPVNSZ8,Woolworths Kempsey 1170 - Solar w SGU - NSW,NSW,0.3579,2440,Solar,8/01/2021,Unsuspended,0,The installed capacity includes capacity that received small-scale technology certificates (STCs) under the Small-scale Renewable Energy Target (SRES). ,"Woolworths Kempsey 1170 - Solar w SGU - NSW, NSW, 2440, Australia",-31.0804831,152.8418039,OK,"Kempsey NSW 2440, Australia"
SRPVVCZ9,Traralgon WTP- Solar PV- VIC,VIC,0.2003,3844,Solar,7/01/2021,Unsuspended,0,,"Traralgon WTP- Solar PV- VIC, VIC, 3844, Australia",-38.1940197,146.5336107,OK,"Traralgon VIC 3844, Australia"
SRPXVC01,Moe WWTP- Solar PV- VIC,VIC,0.2004,3825,Solar,7/01/2021,Unsuspended,0,,"Moe WWTP- Solar PV- VIC, VIC, 3825, Australia",-38.1594758,146.2666647,OK,"Moe VIC 3825, Australia"
SRPVWAD0,Newtown Toyota (Forward St) - Solar - WA,WA,0.1798,6106,Solar,6/01/2021,Unsuspended,0,,"Newtown Toyota (Forward St) - Solar - WA, WA, 6106, Australia",-31.9928661,115.9164476,OK,"10 Forward St, East Victoria Park WA 6101, Australia"
SRPVSAL3,Woolworths Mt Barker 5682 - Solar - SA,SA,0.2001,5251,Solar,6/01/2021,Unsuspended,0,,"Woolworths Mt Barker 5682 - Solar - SA, SA, 5251, Australia",-35.0731986,138.8575836,OK,"Mount Barker SA 5251, Australia"
SRPVQLQ5,Woolworths Dakabin 2660 - Solar - QLD,QLD,0.259,4503,Solar,6/01/2021,Unsuspended,0,,"Woolworths Dakabin 2660 - Solar - QLD, QLD, 4503, Australia",-27.2267702,152.9825314,OK,"Dakabin QLD 4503, Australia"
SRPVNSZ7,Woolworths Bomaderry 1641 - Solar - NSW,NSW,0.3022,2541,Solar,6/01/2021,Unsuspended,0,,"Woolworths Bomaderry 1641 - Solar - NSW, NSW, 2541, Australia",-34.8427191,150.5943631,OK,"Bomaderry NSW 2541, Australia"
SRPVQLQ3,Robina Town Centre - Solar - QLD,QLD,5.4027,4226,Solar,6/01/2021,Unsuspended,0,,"Robina Town Centre - Solar - QLD, QLD, 4226, Australia",-28.077576,153.385569,OK,"Robina Town Centre Dr, Robina QLD 4226, Australia"
SRPVNSZ6,Woolworths Cameron Park 1278 - Solar - NSW,NSW,0.3347,2285,Solar,5/01/2021,Unsuspended,0,,"Woolworths Cameron Park 1278 - Solar - NSW, NSW, 2285, Australia",-32.9107871,151.6156653,OK,"Cameron Park NSW 2285, Australia"
SRPVQLQ2,CleanPeak Energy - Atherton - Solar - QLD,QLD,0.1702,4883,Solar,4/01/2021,Unsuspended,0,,"CleanPeak Energy - Atherton - Solar - QLD, QLD, 4883, Australia",-17.2666843,145.4768687,OK,"Atherton QLD 4883, Australia"
SRPVNSZ3,CleanPeak Energy - Sydney St - Solar - QLD,QLD,0.2948,4740,Solar,4/01/2021,Unsuspended,0,,"CleanPeak Energy - Sydney St - Solar - QLD, QLD, 4740, Australia",-21.1454359,149.1864716,OK,"Sydney St, Mackay QLD 4740, Australia"
SRPVQLQ1,CleanPeak Energy - Allenstown - Solar - QLD,QLD,0.5044,4700,Solar,4/01/2021,Unsuspended,0,,"CleanPeak Energy - Allenstown - Solar - QLD, QLD, 4700, Australia",-23.387849,150.5020832,OK,"Allenstown QLD 4700, Australia"
SRPVNSZ5,CleanPeak Energy - Goulburn - Solar - NSW,NSW,0.7524,2580,Solar,4/01/2021,Unsuspended,0,,"CleanPeak Energy - Goulburn - Solar - NSW, NSW, 2580, Australia",-34.7672843,149.6977996,OK,"Shop 7/102 Hume St, Goulburn NSW 2580, Australia"
SRPVNSZ2,CleanPeak Energy - Carnes Hill - Solar - NSW,NSW,0.8369,2171,Solar,4/01/2021,Unsuspended,0,,"CleanPeak Energy - Carnes Hill - Solar - NSW, NSW, 2171, Australia",-33.9363141,150.8469362,OK,"Carnes Hill NSW 2171, Australia"
SRPVNSZ4,CleanPeak Energy - Bass Hill - Solar - NSW,NSW,1.0234,2197,Solar,4/01/2021,Unsuspended,0,,"CleanPeak Energy - Bass Hill - Solar - NSW, NSW, 2197, Australia",-33.8363771,151.2077989,OK,"21/201 Miller St, North Sydney NSW 2060, Australia"
SRPVNSZ1,CleanPeak Energy - Campbelltown - Solar - NSW,NSW,1.4872,2560,Solar,4/01/2021,Unsuspended,0,,"CleanPeak Energy - Campbelltown - Solar - NSW, NSW, 2560, Australia",-34.0666148,150.8195571,OK,"Campbelltown NSW 2560, Australia"
SRPVQLP7,Astivita Rocklea - Solar - QLD,QLD,0.3026,4106,Solar,1/01/2021,Unsuspended,0,,"Astivita Rocklea - Solar - QLD, QLD, 4106, Australia",-27.5587101,152.999317,OK,"15 Suscatand St, Rocklea QLD 4106, Australia"
SRPXVC07,Colac Area Health-Solar-Vic,VIC,0.2488,3250,Solar,24/12/2020,Unsuspended,0,,"Colac Area Health-Solar-Vic, VIC, 3250, Australia",-38.34123750000001,143.5825894,OK,"2-28 Connor St, Colac VIC 3250, Australia"
SRPXVC04,Tatura Fresh - Solar  - VIC,VIC,0.4048,3616,Solar,23/12/2020,Unsuspended,0,,"Tatura Fresh - Solar  - VIC, VIC, 3616, Australia",-36.4400613,145.2260066,OK,"Tatura VIC 3616, Australia"
SRPVNSZ0,CleanPeak Energy - Orange - Solar - NSW,NSW,0.4068,2800,Solar,22/12/2020,Unsuspended,0,,"CleanPeak Energy - Orange - Solar - NSW, NSW, 2800, Australia",-33.2815802,149.0862242,OK,"Orange NSW 2800, Australia"
SRPXVC02,Stanhope Solar Project No. 3 - Solar - VIC,VIC,8.1827,3623,Solar,22/12/2020,Unsuspended,0,,"Stanhope Solar Project No. 3 - Solar - VIC, VIC, 3623, Australia",-36.4481015,144.9822237,OK,"Stanhope VIC 3623, Australia"
SRPVSAK7,Woolworths Virginia 5681 - Solar - SA,SA,0.2401,5120,Solar,21/12/2020,Unsuspended,0,,"Woolworths Virginia 5681 - Solar - SA, SA, 5120, Australia",-34.66851279999999,138.5611103,OK,"Virginia SA 5120, Australia"
SRPVNSY9,Costco Crossroads - Solar - NSW,NSW,0.9702,2170,Solar,21/12/2020,Unsuspended,0,,"Costco Crossroads - Solar - NSW, NSW, 2170, Australia",-33.95940119999999,150.8783341,OK,"20 Parkers Farm Pl, Casula NSW 2170, Australia"
SRPVNT61,Katherine Solar Power Station - Solar - NT,NT,33.7212,850,Solar,21/12/2020,Unsuspended,0,,"Katherine Solar Power Station - Solar - NT, NT, 850, Australia",-14.4278371,132.2274635,OK,"Emungalan NT 0850, Australia"
SRPVNSX5,Woolworths Jerrabomberra 1407 - Solar - NSW,NSW,0.2935,2619,Solar,16/12/2020,Unsuspended,0,,"Woolworths Jerrabomberra 1407 - Solar - NSW, NSW, 2619, Australia",-35.3829753,149.2107365,OK,"Jerrabomberra NSW 2619, Australia"
SRPVNSY5,Hornsby Hospital Solar PV NSW,NSW,0.8653,2077,Solar,15/12/2020,Unsuspended,0,,"Hornsby Hospital Solar PV NSW, NSW, 2077, Australia",-33.7028353,151.1112232,OK,"HOPE Building, Palmerston Rd, Hornsby NSW 2077, Australia"
SRPVNSY4,Ashfield Aquatic Centre - Solar - NSW,NSW,0.2502,2132,Solar,14/12/2020,Unsuspended,0,,"Ashfield Aquatic Centre - Solar - NSW, NSW, 2132, Australia",-33.8842669,151.1192664,OK,"160 Elizabeth St, Ashfield NSW 2131, Australia"
SRPVNSY3,Blacktown Hospital 760kW - Solar - NSW,NSW,0.76,2148,Solar,14/12/2020,Unsuspended,0,,"Blacktown Hospital 760kW - Solar - NSW, NSW, 2148, Australia",-33.7759126,150.9165494,OK,"Blacktown Hospital, Outpatient Clinic, Level 2 Blacktown Rd, Blacktown NSW 2148, Australia"
SRPVNSX9,Costco Marsden Park - Solar - NSW,NSW,0.9077,2765,Solar,14/12/2020,Unsuspended,0,,"Costco Marsden Park - Solar - NSW, NSW, 2765, Australia",-33.7225737,150.8405317,OK,"10 Langford Dr, Marsden Park NSW 2765, Australia"
SRPVVCZ8,Wunghnu Solar Project - Solar - VIC,VIC,8.2574,3635,Solar,14/12/2020,Unsuspended,0,,"Wunghnu Solar Project - Solar - VIC, VIC, 3635, Australia",-36.1531794,145.4317883,OK,"Wunghnu VIC 3635, Australia"
SRPVSAL2,Woolworths Christies Beach 5739 - Solar - SA,SA,0.2198,5165,Solar,10/12/2020,Unsuspended,0,,"Woolworths Christies Beach 5739 - Solar - SA, SA, 5165, Australia",-35.1392579,138.4741924,OK,"Christies Beach SA 5165, Australia"
SRPVNSX8,Euston Club Microgrid - Solar wSGU - NSW,NSW,0.5063,2737,Solar,9/12/2020,Unsuspended,0,The installed capacity includes capacity that received small-scale technology certificates (STCs) under the Small-scale Renewable Energy Target (SRES). ,"Euston Club Microgrid - Solar wSGU - NSW, NSW, 2737, Australia",-34.3341497,142.9599661,OK,"Euston NSW 2737, Australia"
SRPVVCY1,Glenrowan West Solar Farm - Solar - VIC,VIC,148.9182,3675,Solar,8/12/2020,Unsuspended,0,,"Glenrowan West Solar Farm - Solar - VIC, VIC, 3675, Australia",-36.4881172,146.1454925,OK,"Glenrowan West VIC 3675, Australia"
SRPVNSY1,Woolworths Norwest Support Office West Building - Solar - NSW,NSW,0.2322,2153,Solar,7/12/2020,Unsuspended,0,,"Woolworths Norwest Support Office West Building - Solar - NSW, NSW, 2153, Australia",-33.7368983,150.9503344,OK,"1 Woolworths Way, Bella Vista NSW 2153, Australia"
SRPVNSY0,Woolworths Norwest Support Office North Building - Solar - NSW,NSW,0.2458,2153,Solar,7/12/2020,Unsuspended,0,,"Woolworths Norwest Support Office North Building - Solar - NSW, NSW, 2153, Australia",-33.7368983,150.9503344,OK,"1 Woolworths Way, Bella Vista NSW 2153, Australia"
SRPVVCZ7,Fragapane Farms - Solar - Vic,VIC,0.3295,3030,Solar,7/12/2020,Unsuspended,0,,"Fragapane Farms - Solar - Vic, VIC, 3030, Australia",-37.9481719,144.7077707,OK,"820 Duncans Rd, Werribee South VIC 3030, Australia"
SRPVSAL0,Vinpac - Solar - SA,SA,1.0019,5353,Solar,7/12/2020,Unsuspended,0,,"Vinpac - Solar - SA, SA, 5353, Australia",-34.4957882,139.0276063,OK,"773 Stockwell Rd, Angaston SA 5353, Australia"
SRPVSAL1,Swan Reach Pump Station 2 (SW3359) - Solar - SA,SA,2.777,5353,Solar,7/12/2020,Unsuspended,0,,"Swan Reach Pump Station 2 (SW3359) - Solar - SA, SA, 5353, Australia",-34.5685915,139.5966765,OK,"Swan Reach SA 5354, Australia"
SRPVNSW3,Jemalong Solar Project - Solar PV - NSW,NSW,61.4372,2871,Solar,7/12/2020,Unsuspended,0,,"Jemalong Solar Project - Solar PV - NSW, NSW, 2871, Australia",-33.4071807,147.7234587,OK,"Jemalong NSW 2871, Australia"
SRPVVCY7,Girgarre Solar Project No. 2 - Solar - VIC,VIC,8.2869,3624,Solar,4/12/2020,Unsuspended,0,,"Girgarre Solar Project No. 2 - Solar - VIC, VIC, 3624, Australia",-36.4031385,144.9501708,OK,"Girgarre VIC 3624, Australia"
SRPVNSX6,Jaycar 799.68KW - Solar - NSW,NSW,0.7997,2766,Solar,3/12/2020,Unsuspended,0,,"Jaycar 799.68KW - Solar - NSW, NSW, 2766, Australia",-33.8077774,150.8366241,OK,"46 Eastern Creek Dr, Eastern Creek NSW 2766, Australia"
SRPVVCZ6,APAM Oakland Junction - Solar - VIC,VIC,12.2194,3428,Solar,3/12/2020,Unsuspended,0,,"APAM Oakland Junction - Solar - VIC, VIC, 3428, Australia",-37.6342319,144.7961441,OK,"Bulla VIC 3428, Australia"
SRPVVCY8,Stanhope Solar Project No. 2 - Solar - VIC,VIC,8.3241,3623,Solar,2/12/2020,Unsuspended,0,,"Stanhope Solar Project No. 2 - Solar - VIC, VIC, 3623, Australia",-36.4481015,144.9822237,OK,"Stanhope VIC 3623, Australia"
SRPVQLP6,Gangarri Solar Farm - Solar - QLD,QLD,144.0118,4419,Solar,2/12/2020,Unsuspended,0,,"Gangarri Solar Farm - Solar - QLD, QLD, 4419, Australia",-26.2690166,149.7643865,OK,"Woleebee QLD 4419, Australia"
SRPVNSX4,Woolworths Mudgee 1086 - Solar - NSW,NSW,0.2903,2850,Solar,1/12/2020,Unsuspended,0,,"Woolworths Mudgee 1086 - Solar - NSW, NSW, 2850, Australia",-32.5992508,149.5871313,OK,"Mudgee NSW 2850, Australia"
SRPVSAK6,Adelaide Youth Training Centre - Solar - SA,SA,0.4612,5094,Solar,30/11/2020,Unsuspended,0,,"Adelaide Youth Training Centre - Solar - SA, SA, 5094, Australia",-34.8279012,138.6037709,OK,"26-56 Goldsborough Rd, Cavan SA 5094, Australia"
SRPVVCV0,Yatpool Solar Farm - Solar PV - Vic,VIC,106.4974,3494,Solar,30/11/2020,Unsuspended,0,,"Yatpool Solar Farm - Solar PV - Vic, VIC, 3494, Australia",-34.3943523,142.1846235,OK,"Carwarp VIC 3494, Australia"
WD00NS18,Crudine Ridge Wind Farm - Wind - NSW,NSW,141.71,2850,Wind,28/11/2020,Unsuspended,0,,"Crudine Ridge Wind Farm - Wind - NSW, NSW, 2850, Australia",-32.8994051,149.6484026,OK,"250 Aarons Pass Rd, Pyramul NSW 2850, Australia"
SRPVQLP9,Sentinel Countrywide Retail Emerald - Solar - QLD,QLD,0.22,4720,Solar,26/11/2020,Unsuspended,0,,"Sentinel Countrywide Retail Emerald - Solar - QLD, QLD, 4720, Australia",-23.4910211,148.1483346,OK,"5 Sir Leslie Wilson Drive, Emerald QLD 4720, Australia"
SRPVNSX0,Woolworths Pemulwuy 1368 - Solar - NSW,NSW,0.297,2145,Solar,26/11/2020,Unsuspended,0,,"Woolworths Pemulwuy 1368 - Solar - NSW, NSW, 2145, Australia",-33.8158742,150.9208808,OK,"Pemulwuy NSW 2145, Australia"
SRPVSAK9,Cedar Christian College EUtility 199.93kW - Solar w SGU - SA,SA,0.2051,5085,Solar,24/11/2020,Unsuspended,0,The installed capacity includes capacity that received small-scale technology certificates (STCs) under the Small-scale Renewable Energy Target (SRES). ,"Cedar Christian College EUtility 199.93kW - Solar w SGU - SA, SA, 5085, Australia",-30.0002315,136.2091547,OK,"South Australia, Australia"
SRPVNSV6,National Institute of Dramatic Art - Solar - NSW,NSW,0.1552,2033,Solar,23/11/2020,Unsuspended,0,,"National Institute of Dramatic Art - Solar - NSW, NSW, 2033, Australia",-33.9161314,151.2252686,OK,"215 Anzac Parade, Kensington NSW 2033, Australia"
SRPVNSW6,Woolworths Parkes 1181 - Solar - NSW,NSW,0.2999,2870,Solar,23/11/2020,Unsuspended,0,,"Woolworths Parkes 1181 - Solar - NSW, NSW, 2870, Australia",-33.1339955,148.1746063,OK,"307 Clarinda St, Parkes NSW 2870, Australia"
SRPVNSX2,Toronto Swim Centre - Solar - NSW,NSW,0.1387,5112,Solar,19/11/2020,Unsuspended,0,,"Toronto Swim Centre - Solar - NSW, NSW, 5112, Australia",-33.008289,151.5789072,OK,"280 Awaba Rd, Toronto NSW 2283, Australia"
SRPVVCZ4,University of Melbourne Shepparton Rural Health - Solar - VIC,VIC,0.1772,3630,Solar,19/11/2020,Unsuspended,0,,"University of Melbourne Shepparton Rural Health - Solar - VIC, VIC, 3630, Australia",-36.363658,145.4035599,OK,"University of Melbourne, Shepparton Campus, Shepparton VIC 3630, Australia"
SRPVNSX1,Angelo Anestis Aquatic Centre - Solar - NSW,NSW,0.2259,2207,Solar,19/11/2020,Unsuspended,0,,"Angelo Anestis Aquatic Centre - Solar - NSW, NSW, 2207, Australia",-33.947192,151.1148338,OK,"98C Preddys Rd, Bexley North NSW 2207, Australia"
SRPVSAK8,Elizabeth Aquadome - Solar w SGU - SA,SA,0.2541,5112,Solar,19/11/2020,Unsuspended,0,,"Elizabeth Aquadome - Solar w SGU - SA, SA, 5112, Australia",-34.7216115,138.6692119,OK,"Elizabeth SA 5112, Australia"
SRPVNSW8,Zammit Ham 2 - Solar - NSW,NSW,0.2811,2145,Solar,17/11/2020,Unsuspended,0,,"Zammit Ham 2 - Solar - NSW, NSW, 2145, Australia",-33.79791230000001,150.9564335,OK,"131-133 Ballandella Rd, Pendle Hill NSW 2145, Australia"
SRPVNSW1,Wellington Solar Farm - Solar - NSW,NSW,200.02,2820,Solar,14/11/2020,Unsuspended,0,,"Wellington Solar Farm - Solar - NSW, NSW, 2820, Australia",-32.5134503,148.9721397,OK,"FXPC+JV, Wuuluman NSW 2820, Australia"
SRPVNSW7,Peninsula Leisure Centre - Solar w SGU - NSW,NSW,0.1997,2256,Solar,13/11/2020,Unsuspended,0,,"Peninsula Leisure Centre - Solar w SGU - NSW, NSW, 2256, Australia",-33.4967077,151.3283659,OK,"243 Blackwall Rd, Woy Woy NSW 2256, Australia"
SRPVQLP8,Metagenics - Solar - QLD,QLD,0.78,4013,Solar,13/11/2020,Unsuspended,0,,"Metagenics - Solar - QLD, QLD, 4013, Australia",-27.3966203,153.0767852,OK,"741 Nudgee Rd, Northgate QLD 4013, Australia"
SRPVNT60,Woolworths Katherine 5636 - Solar - NT,NT,0.3097,850,Solar,12/11/2020,Unsuspended,0,,"Woolworths Katherine 5636 - Solar - NT, NT, 850, Australia",-14.4660893,132.2650671,OK,"5 Katherine Terrace, Katherine NT 0850, Australia"
SRPVVCZ2,Bunnings Bendigo - Solar - VIC,VIC,0.3277,3555,Solar,11/11/2020,Unsuspended,0,,"Bunnings Bendigo - Solar - VIC, VIC, 3555, Australia",-36.8084762,144.2426427,OK,"263 High St, Kangaroo Flat VIC 3555, Australia"
WD00NS17,Collector Wind Farm - NSW,NSW,226.8,2581,Wind,10/11/2020,Unsuspended,0,,"Collector Wind Farm - NSW, NSW, 2581, Australia",-34.9145936,149.4404029,OK,"Collector NSW 2581, Australia"
SRPVQLP2,Domain Building I2 - Solar - QLD,QLD,0.5214,4814,Solar,6/11/2020,Unsuspended,0,,"Domain Building I2 - Solar - QLD, QLD, 4814, Australia",-19.2878252,146.7552341,OK,"Cranbrook QLD 4814, Australia"
SRPVNSW2,Woolworths Temora 1254 - Solar w SGU - NSW,NSW,0.2912,2666,Solar,3/11/2020,Unsuspended,0,,"Woolworths Temora 1254 - Solar w SGU - NSW, NSW, 2666, Australia",-34.4468114,147.533896,OK,"Temora NSW 2666, Australia"
WD00VC42,Ferguson North Wind Farm - VIC,VIC,4.0,3268,Wind,2/11/2020,Unsuspended,0,,"Ferguson North Wind Farm - VIC, VIC, 3268, Australia",-38.4984954,142.9385002,OK,"Nullawarre North VIC 3268, Australia"
SRPVVCU6,South Melbourne Market w SGU - Solar - VIC,VIC,0.2341,3205,Solar,30/10/2020,Unsuspended,0,The installed capacity includes capacity that received small-scale technology certificates (STCs) under the Small-scale Renewable Energy Target (SRES). ,"South Melbourne Market w SGU - Solar - VIC, VIC, 3205, Australia",-37.8320111,144.9559391,OK,"322-326 Coventry St, South Melbourne VIC 3205, Australia"
SRPVVCZ1,Bunnings Wodonga - Solar - VIC,VIC,0.1998,3690,Solar,29/10/2020,Unsuspended,0,,"Bunnings Wodonga - Solar - VIC, VIC, 3690, Australia",-36.13723299999999,146.906615,OK,"Anzac Parade, Wodonga VIC 3690, Australia"
SRPVNSW9,Molong Solar Farm - Solar - NSW,NSW,39.0556,2866,Solar,29/10/2020,Unsuspended,0,,"Molong Solar Farm - Solar - NSW, NSW, 2866, Australia",-33.0896944,148.9124849,OK,"Belgravia Rd, Molong NSW 2866, Australia"
SRPVVCZ0,Giofrelle Nominees-Farm 4 shed - Solar - VIC,VIC,0.2318,3549,Solar,27/10/2020,Unsuspended,0,,"Giofrelle Nominees-Farm 4 shed - Solar - VIC, VIC, 3549, Australia",-34.6550569,142.7166331,OK,"4 Hocking Rd, Robinvale VIC 3549, Australia"
SRPVAC27,Bunnings Gungahlin - Solar - ACT,ACT,0.4802,2912,Solar,27/10/2020,Unsuspended,0,,"Bunnings Gungahlin - Solar - ACT, ACT, 2912, Australia",-35.1838713,149.1303139,OK,"10 Gribble St, Gungahlin ACT 2912, Australia"
SRPVQLP5,Domain Building M - Solar - QLD,QLD,0.1201,4814,Solar,26/10/2020,Unsuspended,0,,"Domain Building M - Solar - QLD, QLD, 4814, Australia",-19.2878252,146.7552341,OK,"Cranbrook QLD 4814, Australia"
SRPVQLP4,Domain Building G - Solar - QLD,QLD,0.1422,4814,Solar,26/10/2020,Unsuspended,0,,"Domain Building G - Solar - QLD, QLD, 4814, Australia",-19.2878252,146.7552341,OK,"Cranbrook QLD 4814, Australia"
SRPVQLP3,Domain Building E - Solar - QLD,QLD,0.2133,4814,Solar,26/10/2020,Unsuspended,0,,"Domain Building E - Solar - QLD, QLD, 4814, Australia",-22.575197,144.0847926,OK,"Queensland, Australia"
SRPVSAK5,Tennyson Medical Center - Solar w SGU - SA,SA,0.2702,5037,Solar,26/10/2020,Unsuspended,0,,"Tennyson Medical Center - Solar w SGU - SA, SA, 5037, Australia",-30.0002315,136.2091547,OK,"South Australia, Australia"
SRPVQLP1,Domain Building I1 - Solar  - QLD,QLD,0.32,4814,Solar,26/10/2020,Unsuspended,0,,"Domain Building I1 - Solar  - QLD, QLD, 4814, Australia",-19.2878252,146.7552341,OK,"Cranbrook QLD 4814, Australia"
SRPVWAC8,Garden Island Microgrid - Solar - WA,WA,1.984,6168,Solar,24/10/2020,Unsuspended,0,,"Garden Island Microgrid - Solar - WA, WA, 6168, Australia",-32.2043254,115.6776274,OK,"Garden Island, WA 6168, Australia"
SRPVVCU4,Onluckdonvale - Solar w SGU - VIC,VIC,0.2536,3111,Solar,23/10/2020,Unsuspended,0,,"Onluckdonvale - Solar w SGU - VIC, VIC, 3111, Australia",-37.7901921,145.1872619,OK,"Donvale VIC 3111, Australia"
SRPVNSV9,Lake Macquarie Fair Solar PV NSW,NSW,0.574,2290,Solar,23/10/2020,Unsuspended,0,,"Lake Macquarie Fair Solar PV NSW, NSW, 2290, Australia",-32.984615,151.672558,OK,"46 Wilsons Rd, Mount Hutton NSW 2290, Australia"
SRPVSAK2,Life Care - Gaynes Park S2 - Solar [w SGU] -SA,SA,0.1366,5070,Solar,22/10/2020,Unsuspended,0,,"Life Care - Gaynes Park S2 - Solar [w SGU] -SA, SA, 5070, Australia",-34.9026316,138.6331379,OK,"247 Payneham Rd, Joslin SA 5070, Australia"
SRPVVCY9,Giofrelle Nominees-Farm 5 shed - Solar - VIC,VIC,0.2464,3549,Solar,22/10/2020,Unsuspended,0,,"Giofrelle Nominees-Farm 5 shed - Solar - VIC, VIC, 3549, Australia",-34.7552395,142.7455935,OK,"Robinvale VIC 3549, Australia"
SRPVNSV8,Mirvac Energy - ATP B2 - Solar - NSW,NSW,0.3787,2015,Solar,21/10/2020,Suspended,0,,"Mirvac Energy - ATP B2 - Solar - NSW, NSW, 2015, Australia",-33.86255,151.207935,OK,"Level 28/200 George St, Sydney NSW 2000, Australia"
SRPVVCY6,Methodist Ladies College Kew - Solar w SGU - VIC,VIC,0.219,3101,Solar,20/10/2020,Unsuspended,0,,"Methodist Ladies College Kew - Solar w SGU - VIC, VIC, 3101, Australia",-37.8137016,145.0387396,OK,"207 Barkers Rd, Kew VIC 3101, Australia"
SRPVSAK4,Eldercare Hendon Nursing Home - Solar - SA,SA,0.1428,5014,Solar,19/10/2020,Unsuspended,0,,"Eldercare Hendon Nursing Home - Solar - SA, SA, 5014, Australia",-34.8729879,138.5129684,OK,"81 Tapleys Hill Rd, Hendon SA 5014, Australia"
SRPVNSV0,Boronia - Solar w SGU - NSW,NSW,0.1689,2534,Solar,16/10/2020,Unsuspended,0,,"Boronia - Solar w SGU - NSW, NSW, 2534, Australia",-34.7373565,150.7911697,OK,"Gerringong NSW 2534, Australia"
SRPVNSS7,Flame Cut Pty Ltd 227.36 kWp Solar - NSW,NSW,0.2273,2164,Solar,16/10/2020,Unsuspended,0,,"Flame Cut Pty Ltd 227.36 kWp Solar - NSW, NSW, 2164, Australia",-33.8374119,150.9021333,OK,"68 Elizabeth St, Wetherill Park NSW 2164, Australia"
SRPVNSV5,Vincent Court Hostel Kempsey - Solar - NSW,NSW,0.196,2440,Solar,13/10/2020,Unsuspended,0,,"Vincent Court Hostel Kempsey - Solar - NSW, NSW, 2440, Australia",-31.0609696,152.8262846,OK,"Vincent Court, 88 Leith St, West Kempsey NSW 2440, Australia"
SRPVVCY5,RACV Cape Schanck - Solar wSGU - VIC,VIC,0.2654,3939,Solar,13/10/2020,Unsuspended,0,The installed capacity includes capacity that received small-scale technology certificates (STCs) under the Small-scale Renewable Energy Target (SRES). ,"RACV Cape Schanck - Solar wSGU - VIC, VIC, 3939, Australia",-38.4617997,144.8930945,OK,"Trent Jones Dr, Cape Schanck VIC 3939, Australia"
SRPVVCY4,Grape Co Pty Ltd - Solar - VIC,VIC,0.2432,3505,Solar,9/10/2020,Unsuspended,0,,"Grape Co Pty Ltd - Solar - VIC, VIC, 3505, Australia",-34.2047066,142.0172491,OK,"872 Paschendale Ave, Merbein South VIC 3505, Australia"
SRPVNSV4,Sydney Markets Warehouse Z - Solar - NSW,NSW,0.1246,2140,Solar,7/10/2020,Unsuspended,0,,"Sydney Markets Warehouse Z - Solar - NSW, NSW, 2140, Australia",-33.863152,151.0718821,OK,"Sydney Markets, 250-318 Parramatta Rd, Homebush West NSW 2140, Australia"
SRPVSAK3,Woolworths Kadina 5610 - Solar - SA,SA,0.1914,5554,Solar,6/10/2020,Unsuspended,0,,"Woolworths Kadina 5610 - Solar - SA, SA, 5554, Australia",-33.9632646,137.7148587,OK,"Kadina SA 5554, Australia"
BEBGVC24,Kia-Ora Piggery - Agricultural Waste - VIC,VIC,0.25,3575,Biomass,6/10/2020,Unsuspended,0,,"Kia-Ora Piggery - Agricultural Waste - VIC, VIC, 3575, Australia",-36.1769811,143.995486,OK,"413 Yarrawalla W Rd, Yarrawalla VIC 3575, Australia"
SRPVVCY3,Genis Steel Somerton - Solar - VIC,VIC,0.2996,3062,Solar,6/10/2020,Unsuspended,0,,"Genis Steel Somerton - Solar - VIC, VIC, 3062, Australia",-37.6299216,144.9565346,OK,"45-65 O'Herns Road, Somerton VIC 3062, Australia"
SRPVAC26,LDK Greenway Pty Ltd - Solar - ACT,ACT,0.6915,2900,Solar,6/10/2020,Unsuspended,0,,"LDK Greenway Pty Ltd - Solar - ACT, ACT, 2900, Australia",-35.419509,149.0633368,OK,"260 Soward Way, Greenway ACT 2900, Australia"
SRPVSAK1,Yatala Labour Prison - Solar - SA,SA,0.1733,5085,Solar,5/10/2020,Unsuspended,0,,"Yatala Labour Prison - Solar - SA, SA, 5085, Australia",-34.8439211,138.627533,OK,"Peter Brown Dr, Northfield SA 5085, Australia"
BEBGQL33,Caloundra - LFG - QLD,QLD,0.85,4551,Biomass,30/09/2020,Unsuspended,0,,"Caloundra - LFG - QLD, QLD, 4551, Australia",-26.8043999,153.1254643,OK,"Caloundra QLD 4551, Australia"
SRPVSAJ6,Redmud Green Energy 92 - Solar - SA,SA,0.2113,5341,Solar,25/09/2020,Unsuspended,0,,"Redmud Green Energy 92 - Solar - SA, SA, 5341, Australia",-34.1812186,140.7840005,OK,"Lot 41 Sturt Hwy, Paringa SA 5340, Australia"
SRPVNSV2,Edmondson Park Town Centre Solar NSW,NSW,0.9095,2174,Solar,25/09/2020,Unsuspended,0,,"Edmondson Park Town Centre Solar NSW, NSW, 2174, Australia",-33.9651827,150.8580282,OK,"Edmondson Park NSW 2174, Australia"
SRPVVCY2,Henkell SF Waurn Ponds - Solar - VIC,VIC,0.2998,3216,Solar,24/09/2020,Unsuspended,0,,"Henkell SF Waurn Ponds - Solar - VIC, VIC, 3216, Australia",-38.1747227,144.3139277,OK,"Grovedale VIC 3216, Australia"
SRPVNSV3,Civardi Furniture PTY LTD - Solar w SGU - NSW,NSW,0.1989,2116,Solar,22/09/2020,Unsuspended,0,,"Civardi Furniture PTY LTD - Solar w SGU - NSW, NSW, 2116, Australia",-33.8134498,151.031002,OK,"42 Bridge St, Rydalmere NSW 2116, Australia"
SRPVWAC6,Sunrise Asset Holdings Boonanarring - Solar - WA,WA,3.0302,6503,Solar,21/09/2020,Unsuspended,0,,"Sunrise Asset Holdings Boonanarring - Solar - WA, WA, 6503, Australia",-31.1706264,115.9104648,OK,"Boonanarring WA 6503, Australia"
SRPVNSS6,AMP Capital - Trundle - Solar - NSW,NSW,6.72,2875,Solar,21/09/2020,Unsuspended,0,,"AMP Capital - Trundle - Solar - NSW, NSW, 2875, Australia",-32.9219114,147.7096509,OK,"Trundle NSW 2875, Australia"
SRPVSAK0,Caroona - Solar - SA,SA,1.98,5700,Solar,18/09/2020,Unsuspended,0,,"Caroona - Solar - SA, SA, 5700, Australia",-32.5334801,137.6918046,OK,"Caroona Rd, South Australia 5700, Australia"
SRPVWAC7,St Hilda's Bayview Tce - Solar w/SGU - WA,WA,0.2079,6012,Solar,16/09/2020,Unsuspended,0,,"St Hilda's Bayview Tce - Solar w/SGU - WA, WA, 6012, Australia",-32.004935,115.7689054,OK,"26 Bay View Terrace, Mosman Park WA 6012, Australia"
SRPVNSV1,Woolworths Mt Isa 2539 - Solar w SGU - NSW,QLD,0.1999,4825,Solar,15/09/2020,Unsuspended,0,,"Woolworths Mt Isa 2539 - Solar w SGU - NSW, QLD, 4825, Australia",-20.7263687,139.4930159,OK,"Mount Isa City QLD 4825, Australia"
SRPVNT59,BIDFOOD DARWIN - SOLAR - NT,NT,0.239,822,Solar,15/09/2020,Unsuspended,0,,"BIDFOOD DARWIN - SOLAR - NT, NT, 822, Australia",-12.4675393,130.9231965,OK,"94 O'Sullivan Cct, East Arm NT 0822, Australia"
SRPVQLP0,BIDFOOD CAIRNS - SOLAR _QLD,QLD,0.2916,4868,Solar,15/09/2020,Unsuspended,0,,"BIDFOOD CAIRNS - SOLAR _QLD, QLD, 4868, Australia",-16.9573147,145.7527044,OK,"41/53 Links Dr, Woree QLD 4868, Australia"
SRPVQLO9,Whitsunday Plaza - Solar - QLD,QLD,0.3067,4802,Solar,11/09/2020,Unsuspended,0,,"Whitsunday Plaza - Solar - QLD, QLD, 4802, Australia",-20.2902352,148.6736564,OK,"8 Galbraith Park Rd, Cannonvale QLD 4802, Australia"
SRPVSAJ9,BLETCHLEY-SOLAR-SA,SA,0.198,5255,Solar,10/09/2020,Unsuspended,0,,"BLETCHLEY-SOLAR-SA, SA, 5255, Australia",-35.2509882,138.9925605,OK,"Bletchley SA 5255, Australia"
SRPVQLO8,Birkdale Fair - Solar - QLD,QLD,0.3003,4159,Solar,10/09/2020,Unsuspended,0,,"Birkdale Fair - Solar - QLD, QLD, 4159, Australia",-27.4911063,153.2183983,OK,"Cnr Mary Pleasant Drive &, Birkdale Rd, Birkdale QLD 4159, Australia"
SRPVVCY0,St John's Regional College Dandenong - Solar - VIC,VIC,0.3072,3175,Solar,10/09/2020,Unsuspended,0,,"St John's Regional College Dandenong - Solar - VIC, VIC, 3175, Australia",-37.9902326,145.2258519,OK,"5/11 Caroline St, Dandenong VIC 3175, Australia"
SRPVQLO7,Shapecut Pty Ltd-Solar-Qld,QLD,0.4002,4300,Solar,10/09/2020,Unsuspended,0,,"Shapecut Pty Ltd-Solar-Qld, QLD, 4300, Australia",-27.605806,152.926288,OK,"19 Formation St, Wacol QLD 4076, Australia"
SRPVVCX9,Orbost Regional Health - Solar - Vic,VIC,0.15,3888,Solar,8/09/2020,Unsuspended,0,,"Orbost Regional Health - Solar - Vic, VIC, 3888, Australia",-37.7018973,148.4655867,OK,"104 Boundary Rd, Orbost VIC 3888, Australia"
SRPVVCX7,Wonthaggi Hospital - Solar - VIC,VIC,0.444,3995,Solar,8/09/2020,Unsuspended,0,,"Wonthaggi Hospital - Solar - VIC, VIC, 3995, Australia",-38.6059852,145.5910459,OK,"Wonthaggi VIC 3995, Australia"
SRPVNSU9,University of New England Solar Farm - Solar - NSW,NSW,3.2565,2350,Solar,8/09/2020,Unsuspended,0,,"University of New England Solar Farm - Solar - NSW, NSW, 2350, Australia",-30.4899535,151.6410199,OK,"Armidale NSW 2350, Australia"
SRPVVCX1,Kiamal Solar Farm - Solar - VIC,VIC,256.4803,3490,Solar,4/09/2020,Unsuspended,0,,"Kiamal Solar Farm - Solar - VIC, VIC, 3490, Australia",-35.0181236,142.3029207,OK,"Old Kia Rd, Ouyen VIC 3490, Australia"
SRPVNSU8,Fairfield Hospital Solar PV NSW,NSW,0.6588,2176,Solar,31/08/2020,Unsuspended,0,,"Fairfield Hospital Solar PV NSW, NSW, 2176, Australia",-33.8598172,150.9040889,OK,"Polding St & Prairie Vale Road, Prairiewood NSW 2176, Australia"
SRPVNSU6,Zammit Ham - Solar wSGU - NSW,NSW,0.2976,2145,Solar,27/08/2020,Unsuspended,0,,"Zammit Ham - Solar wSGU - NSW, NSW, 2145, Australia",-33.79791230000001,150.9564335,OK,"131-133 Ballandella Rd, Pendle Hill NSW 2145, Australia"
SRPVAC25,Bunnings Belconnen - Solar - ACT,ACT,0.3299,2617,Solar,25/08/2020,Unsuspended,0,,"Bunnings Belconnen - Solar - ACT, ACT, 2617, Australia",-35.2444848,149.0638128,OK,"15 Lathlain St, Belconnen ACT 2617, Australia"
SRPVWAC4,Churchlands Senior High School - Solar w SGU - WA,WA,0.4103,6018,Solar,25/08/2020,Unsuspended,0,,"Churchlands Senior High School - Solar w SGU - WA, WA, 6018, Australia",-31.9170041,115.7887241,OK,"20 Lucca St, Churchlands WA 6018, Australia"
SRPVVCX8,Burwood Brickworks - Solar - VIC,VIC,1.0106,3151,Solar,25/08/2020,Unsuspended,0,,"Burwood Brickworks - Solar - VIC, VIC, 3151, Australia",-37.848911,145.1331374,OK,"70 Middleborough Rd, Burwood East VIC 3151, Australia"
SRPVSAJ7,REDMALLEEPOULTRY-SOLAR-SA,SA,0.2293,5259,Solar,20/08/2020,Unsuspended,0,,"REDMALLEEPOULTRY-SOLAR-SA, SA, 5259, Australia",-35.1569017,139.4129796,OK,"922 Kepa Rd, Kepa SA 5259, Australia"
SRPVSAJ8,WHITEMALLEEPOULTRY-SOLAR-SA,SA,0.2294,5259,Solar,20/08/2020,Unsuspended,0,,"WHITEMALLEEPOULTRY-SOLAR-SA, SA, 5259, Australia",-35.153596,139.3745803,OK,"Unnamed Road, Kepa SA 5259, Australia"
SRPVWAC5,Mammoth Cold Store wSGU - Solar - WA,WA,0.3494,6057,Solar,19/08/2020,Unsuspended,0,,"Mammoth Cold Store wSGU - Solar - WA, WA, 6057, Australia",-27.6728168,121.6283098,OK,"Western Australia, Australia"
SRPVQLO0,Brisbane International Cruise Terminal - Solar - QLD,QLD,0.7892,4008,Solar,18/08/2020,Unsuspended,0,,"Brisbane International Cruise Terminal - Solar - QLD, QLD, 4008, Australia",-27.3820211,153.153504,OK,"1 Cruise Terminal Dr, Pinkenba QLD 4008, Australia"
BEBGVC23,Melton Recycled Water Plant - Waste - VIC,VIC,0.7012,3024,Biomass,14/08/2020,Unsuspended,0,,"Melton Recycled Water Plant - Waste - VIC, VIC, 3024, Australia",-37.7036843,144.6102977,OK,"33 Ferris Rd, Cobblebank VIC 3338, Australia"
SRPVVCU8,Castlemaine Health - Solar - VIC,VIC,0.1997,3450,Solar,12/08/2020,Unsuspended,0,,"Castlemaine Health - Solar - VIC, VIC, 3450, Australia",-37.0542662,144.2116766,OK,"142 Cornish St, Castlemaine VIC 3450, Australia"
SRPVQLO5,Gold Coast Sports and Leisure Centre  - Carrara - Solar - QLD,QLD,0.1254,4211,Solar,7/08/2020,Unsuspended,0,,"Gold Coast Sports and Leisure Centre  - Carrara - Solar - QLD, QLD, 4211, Australia",-28.0044172,153.3640337,OK,"296 Nerang Broadbeach Rd, Carrara QLD 4211, Australia"
SRPVWAC2,Fremantle City Cold Stores - Solar wSGU - WA,WA,0.2049,6163,Solar,6/08/2020,Unsuspended,0,,"Fremantle City Cold Stores - Solar wSGU - WA, WA, 6163, Australia",-32.05594,115.7634366,OK,"Fremantle, WA, Australia"
SRPVVCX5,La Trobe University Caval - Solar - Vic,VIC,0.2263,3083,Solar,6/08/2020,Unsuspended,0,,"La Trobe University Caval - Solar - Vic, VIC, 3083, Australia",-37.71712,145.04411,OK,"La Trobe University, Bundoora VIC 3083, Australia"
SRPVNSU5,Master Benchtops - Solar w SGU - NSW,NSW,0.2863,2164,Solar,6/08/2020,Unsuspended,0,,"Master Benchtops - Solar w SGU - NSW, NSW, 2164, Australia",-33.8491235,150.9361513,OK,"69 O'Connell St, Smithfield NSW 2164, Australia"
SRPVVCX4,La Trobe University Sports Park - Solar w SGU - Vic,VIC,0.7424,3083,Solar,6/08/2020,Unsuspended,0,The installed capacity includes capacity that received small-scale technology certificates (STCs) under the Small-scale Renewable Energy Target (SRES). ,"La Trobe University Sports Park - Solar w SGU - Vic, VIC, 3083, Australia",-37.6987006,145.0548502,OK,"Bundoora VIC 3083, Australia"
SRPVVCX6,La Trobe University Main Network - Solar w SGU - Vic,VIC,1.6474,3083,Solar,6/08/2020,Unsuspended,0,,"La Trobe University Main Network - Solar w SGU - Vic, VIC, 3083, Australia",-37.6987006,145.0548502,OK,"Bundoora VIC 3083, Australia"
SRPVNSU7,Qube MPE Warehouse 1 - Solar - NSW,NSW,3.002,2170,Solar,6/08/2020,Unsuspended,0,,"Qube MPE Warehouse 1 - Solar - NSW, NSW, 2170, Australia",-33.9543403,150.9229654,OK,"1 Container Place, Moorebank NSW 2170, Australia"
SRPVVCX3,Heritage Care Sydenham - Solar - VIC,VIC,0.1999,3037,Solar,5/08/2020,Unsuspended,0,,"Heritage Care Sydenham - Solar - VIC, VIC, 3037, Australia",-37.70318,144.7738508,OK,"Sydenham Rd, Sydenham VIC 3037, Australia"
WD00WA24,Warradarge Wind Farm - Wind - WA,WA,183.6,6518,Wind,5/08/2020,Unsuspended,0,,"Warradarge Wind Farm - Wind - WA, WA, 6518, Australia",-29.9385054,115.5336716,OK,"3G6M+HC, Warradarge WA 6518, Australia"
SRPVNSU4,Woolworths Narooma 1274 - Solar - NSW,NSW,0.1848,2546,Solar,29/07/2020,Unsuspended,0,,"Woolworths Narooma 1274 - Solar - NSW, NSW, 2546, Australia",-36.2239409,150.1275425,OK,"185 Princes Hwy, Narooma NSW 2546, Australia"
SRPVNST6,Yuhu Group Pymble Solar - NSW,NSW,0.2772,2073,Solar,29/07/2020,Unsuspended,0,,"Yuhu Group Pymble Solar - NSW, NSW, 2073, Australia",-33.7510453,151.1450531,OK,"Pymble Corporate Centre, Suite 4, GF, Building 2/20 Bridge St, Pymble NSW 2073, Australia"
SRPVSAJ0,Redmud Green Energy 88 - Solar - SA,SA,0.2268,5333,Solar,27/07/2020,Unsuspended,0,,"Redmud Green Energy 88 - Solar - SA, SA, 5333, Australia",-25.274398,133.775136,OK,Australia
SRPVNSU3,Bunnings Grafton - Solar - NSW,NSW,0.147,2460,Solar,24/07/2020,Unsuspended,0,,"Bunnings Grafton - Solar - NSW, NSW, 2460, Australia",-29.70591829999999,152.9442182,OK,"1251 Big River Way, Grafton NSW 2460, Australia"
SRPVWAC3,Bunnings Australind - Solar - WA,WA,0.2405,6233,Solar,24/07/2020,Unsuspended,0,,"Bunnings Australind - Solar - WA, WA, 6233, Australia",-33.2807724,115.7447606,OK,"58 The Promenade, Australind WA 6233, Australia"
SRPVVCX2,Bonaccord Ingram Walpa - Solar - VIC,VIC,0.328,3875,Solar,24/07/2020,Unsuspended,0,,"Bonaccord Ingram Walpa - Solar - VIC, VIC, 3875, Australia",-37.7871781,147.4231666,OK,"Bonaccord Ingram, 95 Bon Accord Rd, Walpa VIC 3875, Australia"
SRPVQLO3,Albert park Motor Inn Solar Qld,QLD,0.14,4730,Solar,23/07/2020,Unsuspended,0,,"Albert park Motor Inn Solar Qld, QLD, 4730, Australia",-22.575197,144.0847926,OK,"Queensland, Australia"
SRPVSAJ2,Woolworths Port Augusta 5601 - Solar - SA,SA,0.1999,5700,Solar,23/07/2020,Unsuspended,0,,"Woolworths Port Augusta 5601 - Solar - SA, SA, 5700, Australia",-32.4899211,137.7616659,OK,"25 Tassie St, Port Augusta SA 5700, Australia"
SRPVSAJ3,Woolworths Woodcroft 5622 - Solar - SA,SA,0.1999,5162,Solar,23/07/2020,Unsuspended,0,,"Woolworths Woodcroft 5622 - Solar - SA, SA, 5162, Australia",-35.1036707,138.5546926,OK,"Woodcroft SA 5162, Australia"
SRPVVCX0,Keysborough South 3805 - Solar - VIC,VIC,0.2412,3173,Solar,23/07/2020,Unsuspended,0,,"Keysborough South 3805 - Solar - VIC, VIC, 3173, Australia",-38.0118837,145.1605722,OK,"217 Chapel Rd, Keysborough VIC 3173, Australia"
SRPVNSU2,Woolworths Granville 1759 - Solar - NSW,NSW,0.271,2142,Solar,23/07/2020,Unsuspended,0,,"Woolworths Granville 1759 - Solar - NSW, NSW, 2142, Australia",-33.8354575,151.0095056,OK,"Granville NSW 2142, Australia"
SRPVNSU1,Woolworths Gregory Hills 1331 - Solar - NSW,NSW,0.3142,2557,Solar,23/07/2020,Unsuspended,0,,"Woolworths Gregory Hills 1331 - Solar - NSW, NSW, 2557, Australia",-34.0279397,150.7751289,OK,"Gregory Hills NSW 2557, Australia"
SRPVQLO1,Middlemount Solar Farm - Solar - QLD,QLD,33.7938,4746,Solar,21/07/2020,Unsuspended,0,,"Middlemount Solar Farm - Solar - QLD, QLD, 4746, Australia",-22.818892,148.7221327,OK,"Unnamed Road, Middlemount QLD 4746, Australia"
SRPVVCW7,GVW - Shepparton HRAL WMF - Solar - VIC,VIC,0.252,3631,Solar,17/07/2020,Unsuspended,0,,"GVW - Shepparton HRAL WMF - Solar - VIC, VIC, 3631, Australia",-36.3799972,145.4022827,OK,"104-110 Fryers St, Shepparton VIC 3630, Australia"
SRPVVCW8,GVW - Shepparton Aerators (North) - Solar - VIC,VIC,0.252,3631,Solar,17/07/2020,Unsuspended,0,,"GVW - Shepparton Aerators (North) - Solar - VIC, VIC, 3631, Australia",-36.3799972,145.4022827,OK,"104-110 Fryers St, Shepparton VIC 3630, Australia"
SRPVVCW9,GVW - Shepparton Aerators (South) - Solar - VIC,VIC,0.252,3631,Solar,17/07/2020,Unsuspended,0,,"GVW - Shepparton Aerators (South) - Solar - VIC, VIC, 3631, Australia",-36.3799972,145.4022827,OK,"104-110 Fryers St, Shepparton VIC 3630, Australia"
SRPVQLO2,University of the Sunshine Coast - Solar - QLD,QLD,2.3561,4556,Solar,17/07/2020,Unsuspended,0,,"University of the Sunshine Coast - Solar - QLD, QLD, 4556, Australia",-26.7171007,153.0655898,OK,"90 Sippy Downs Dr, Sippy Downs QLD 4556, Australia"
WD00WA23,Yandin Wind Farm - WA,WA,214.2,6507,Wind,13/07/2020,Unsuspended,0,,"Yandin Wind Farm - WA, WA, 6507, Australia",-30.7682763,115.6429709,OK,"6JJV+M5, Dandaragan WA 6507, Australia"
SRPVNSS1,Borg Oberon Solar - NSW,NSW,10.1033,2787,Solar,9/07/2020,Unsuspended,0,,"Borg Oberon Solar - NSW, NSW, 2787, Australia",-33.6980389,149.855247,OK,"2 Lowes Mount Rd, Oberon NSW 2787, Australia"
SRPVVCW6,GVW - Fryers St Office - Solar - VIC,VIC,0.1192,3630,Solar,8/07/2020,Unsuspended,0,,"GVW - Fryers St Office - Solar - VIC, VIC, 3630, Australia",-36.3799972,145.4022827,OK,"104-110 Fryers St, Shepparton VIC 3630, Australia"
SRPVNSU0,Vesuvius Australia Pty Ltd - Solar - NSW,NSW,0.132,2505,Solar,7/07/2020,Unsuspended,0,,"Vesuvius Australia Pty Ltd - Solar - NSW, NSW, 2505, Australia",-34.4796676,150.9121246,OK,"40-46 Gloucester Blvd, Port Kembla NSW 2505, Australia"
SRPVVCW4,RACV Healesville Country Club - Solar - VIC,VIC,0.3699,3777,Solar,7/07/2020,Unsuspended,0,,"RACV Healesville Country Club - Solar - VIC, VIC, 3777, Australia",-37.6501056,145.5034556,OK,"122 Healesville-Kinglake Rd, Healesville VIC 3777, Australia"
SRPVVCW5,RACV Torquay Resort - Solar - VIC,VIC,0.5158,3228,Solar,7/07/2020,Unsuspended,0,,"RACV Torquay Resort - Solar - VIC, VIC, 3228, Australia",-38.3405354,144.3115179,OK,"1 Great Ocean Rd, Torquay VIC 3228, Australia"
SRPVVCW2,RACV Noble Park - Solar - VIC,VIC,0.6002,3174,Solar,7/07/2020,Unsuspended,0,,"RACV Noble Park - Solar - VIC, VIC, 3174, Australia",-37.9528599,145.1799035,OK,"550 Princes Hwy, Noble Park VIC 3174, Australia"
SRPVWAC1,MSUII - Solar - WA,WA,1.0144,6434,Solar,6/07/2020,Unsuspended,0,,"MSUII - Solar - WA, WA, 6434, Australia",-27.6728168,121.6283098,OK,"Western Australia, Australia"
SRPVWAC0,Nova Nickel Solar WA,WA,6.0967,6443,Solar,6/07/2020,Unsuspended,0,,"Nova Nickel Solar WA, WA, 6443, Australia",-31.9046219,124.1531947,OK,"Western Australia 6443, Australia"
SRPVNST9,Q Eastern Creek 0.9 MW - Solar NSW,NSW,0.9984,2766,Solar,2/07/2020,Unsuspended,0,,"Q Eastern Creek 0.9 MW - Solar NSW, NSW, 2766, Australia",-33.8102184,150.85064,OK,"Eastern Creek NSW 2766, Australia"
SRPVSAJ1,Redmud Green Energy 90 - Solar - SA,SA,0.2268,5355,Solar,1/07/2020,Unsuspended,0,,"Redmud Green Energy 90 - Solar - SA, SA, 5355, Australia",-34.1812186,140.7840005,OK,"Lot 41 Sturt Hwy, Paringa SA 5340, Australia"
SRPVNST7,Epiq Marketplace Lennox Head - Solar - NSW,NSW,0.2989,2478,Solar,30/06/2020,Unsuspended,0,,"Epiq Marketplace Lennox Head - Solar - NSW, NSW, 2478, Australia",-28.8074359,153.5824396,OK,"Cnr Hutley Dr &, Snapper Dr, Lennox Head NSW 2478, Australia"
SRPVVCV6,Katamatite Solar Project - Solar - VIC,VIC,8.3851,3649,Solar,29/06/2020,Unsuspended,0,,"Katamatite Solar Project - Solar - VIC, VIC, 3649, Australia",-36.0760805,145.6871835,OK,"Katamatite VIC 3649, Australia"
SRPVSAI9,DORRIEN ESTATE WINERY - Solar wSGU - SA,SA,0.3805,5352,Solar,28/06/2020,Unsuspended,0,,"DORRIEN ESTATE WINERY - Solar wSGU - SA, SA, 5352, Australia",-34.4991071,138.9870498,OK,"28 Siegersdorf Rd, Tanunda SA 5352, Australia"
SRPVVCW1,White Swan WTP - Solar - Vic,VIC,0.3881,3352,Solar,25/06/2020,Unsuspended,0,,"White Swan WTP - Solar - Vic, VIC, 3352, Australia",-37.51640700000001,143.9264898,OK,"Glen Park VIC 3352, Australia"
SRPVVCV7,GVW - Broadford WMF - Solar - VIC,VIC,0.1152,3658,Solar,23/06/2020,Unsuspended,0,,"GVW - Broadford WMF - Solar - VIC, VIC, 3658, Australia",-37.2054708,145.0453751,OK,"Broadford VIC 3658, Australia"
SRPVVCV9,GVW - Shepparton No5 PS - Solar - VIC,VIC,0.1656,3630,Solar,23/06/2020,Unsuspended,0,,"GVW - Shepparton No5 PS - Solar - VIC, VIC, 3630, Australia",-36.3799972,145.4022827,OK,"104-110 Fryers St, Shepparton VIC 3630, Australia"
SRPVVCV8,GVW - Tatura WMF - Solar - VIC,VIC,0.1872,3616,Solar,23/06/2020,Unsuspended,0,,"GVW - Tatura WMF - Solar - VIC, VIC, 3616, Australia",-36.4400613,145.2260066,OK,"Tatura VIC 3616, Australia"
SRPVVCW3,Ballarat North WRP wSGU - Solar - Vic,VIC,0.8764,3352,Solar,23/06/2020,Unsuspended,0,,"Ballarat North WRP wSGU - Solar - Vic, VIC, 3352, Australia",-37.4585878,143.7803147,OK,"City of Ballarat, VIC, Australia"
SRPVVCW0,Robinvale Solar - Solar Energy - VIC,VIC,9.4696,3549,Solar,23/06/2020,Unsuspended,0,,"Robinvale Solar - Solar Energy - VIC, VIC, 3549, Australia",-34.5866578,142.7764604,OK,"Robinvale VIC 3549, Australia"
SRPVSAI8,Redmud Green Energy 85 -  Solar - SA,SA,0.2268,5333,Solar,19/06/2020,Unsuspended,0,,"Redmud Green Energy 85 -  Solar - SA, SA, 5333, Australia",-25.274398,133.775136,OK,Australia
SRPVNST8,NuPure Frasers Horsley Park No.1 - Solar PV - NSW,NSW,1.5196,2175,Solar,19/06/2020,Unsuspended,0,,"NuPure Frasers Horsley Park No.1 - Solar PV - NSW, NSW, 2175, Australia",-33.8305435,150.8215332,OK,"4 Johnston Cres, Horsley Park NSW 2175, Australia"
SRPVVCV4,Extrusions Australia - Solar - VIC,VIC,0.42,3029,Solar,18/06/2020,Unsuspended,0,,"Extrusions Australia - Solar - VIC, VIC, 3029, Australia",-37.8068926,144.7449796,OK,"25-28 Andretti Ct, Truganina VIC 3029, Australia"
SRPVVCV5,Numurkah Solar Project - Solar - VIC,VIC,8.3851,3636,Solar,18/06/2020,Unsuspended,0,,"Numurkah Solar Project - Solar - VIC, VIC, 3636, Australia",-36.1596789,145.4738272,OK,"296 Wunghnu Rd, Drumanure VIC 3636, Australia"
SRPVNSS0,B J Ball Solar PV NSW,NSW,0.1248,2145,Solar,17/06/2020,Unsuspended,0,,"B J Ball Solar PV NSW, NSW, 2145, Australia",-33.8173961,150.9481887,OK,"Girraween NSW 2145, Australia"
SRPVVCV3,"ISPT Cranbourne Rd, Karingal - Solar w SGU - VIC",VIC,0.793,3199,Solar,17/06/2020,Unsuspended,0,,"ISPT Cranbourne Rd, Karingal - Solar w SGU - VIC, VIC, 3199, Australia",-38.1492974,145.1478854,OK,"Cranbourne Rd, Karingal Centre VIC 3199, Australia"
SRPVSAI7,City of Onkaparinga Field Operations Centre - Solar - SA,SA,0.1191,5169,Solar,16/06/2020,Unsuspended,0,,"City of Onkaparinga Field Operations Centre - Solar - SA, SA, 5169, Australia",-35.1772813,138.4903566,OK,"LOT 10 Railway Rd, Seaford Meadows SA 5169, Australia"
SRPVQLN9,Stanbroke Beef Chinchilla - Solar - QLD,QLD,0.3672,4413,Solar,16/06/2020,Suspended,0,,"Stanbroke Beef Chinchilla - Solar - QLD, QLD, 4413, Australia",-26.8120913,150.4153565,OK,"1847 Greenswamp Rd, Chinchilla QLD 4413, Australia"
SRPVNT58,Oasis Shopping Village - Solar - NT,NT,0.5476,830,Solar,15/06/2020,Unsuspended,0,,"Oasis Shopping Village - Solar - NT, NT, 830, Australia",-12.4836153,130.9854789,OK,"15 Temple Terrace, Palmerston City NT 0830, Australia"
SRPVNSS8,Goonumbla Solar Farm - NSW,NSW,89.1168,2870,Solar,15/06/2020,Unsuspended,0,,"Goonumbla Solar Farm - NSW, NSW, 2870, Australia",-33.1064126,148.0992738,OK,"Parkes NSW 2870, Australia"
BEBGAC03,Mugga Lane - LFG - ACT,ACT,4.26,2609,Biomass,11/06/2020,Unsuspended,0,,"Mugga Lane - LFG - ACT, ACT, 2609, Australia",-35.3713126,149.1311863,OK,"Mugga Ln, Pialligo ACT 2609, Australia"
SRPVQLN2,Brisbane Convention And Exhibition Centre - Solar - QLD,QLD,0.3094,4101,Solar,10/06/2020,Unsuspended,0,,"Brisbane Convention And Exhibition Centre - Solar - QLD, QLD, 4101, Australia",-27.4764671,153.0184001,OK,"Merivale St, South Brisbane QLD 4101, Australia"
SRPVVCV2,GVW - Shepparton WTP - Solar - VIC,VIC,0.148,3630,Solar,9/06/2020,Unsuspended,0,,"GVW - Shepparton WTP - Solar - VIC, VIC, 3630, Australia",-36.3799972,145.4022827,OK,"104-110 Fryers St, Shepparton VIC 3630, Australia"
SRPVWAB9,Total Laser Cutting Services - Solar - WA,WA,0.2,6054,Solar,9/06/2020,Unsuspended,0,,"Total Laser Cutting Services - Solar - WA, WA, 6054, Australia",-31.9054757,115.9307908,OK,"323 Collier Rd, Bassendean WA 6054, Australia"
SRPVSAI4,Redmud Green Energy 82 - Solar - SA,SA,0.2268,5238,Solar,3/06/2020,Unsuspended,0,,"Redmud Green Energy 82 - Solar - SA, SA, 5238, Australia",-34.1812186,140.7840005,OK,"Lot 41 Sturt Hwy, Paringa SA 5340, Australia"
SRPVSAH9,Knoll Edinburgh North NMI 545 - solar w SGU - SA,SA,0.1986,5113,Solar,2/06/2020,Unsuspended,0,,"Knoll Edinburgh North NMI 545 - solar w SGU - SA, SA, 5113, Australia",-34.7040843,138.6635471,OK,"Edinburgh North SA 5113, Australia"
SRPVWAB8,Merredin Solar WA,WA,131.9651,6415,Solar,1/06/2020,Unsuspended,0,,"Merredin Solar WA, WA, 6415, Australia",-31.5450952,118.2272246,OK,"Robartson Rd, Merredin WA 6415, Australia"
SRPVWAB7,Mawson Trig - Solar - WA,WA,0.2079,6383,Solar,29/05/2020,Unsuspended,0,,"Mawson Trig - Solar - WA, WA, 6383, Australia",-31.9218948,117.2048638,OK,"Doodenanning-Mawson Rd, Balkuling WA 6383, Australia"
SRPVVCU9,Yatpool broadcasting tower - Solar - VIC,VIC,0.2198,3494,Solar,29/05/2020,Unsuspended,0,,"Yatpool broadcasting tower - Solar - VIC, VIC, 3494, Australia",-34.36,142.18,OK,"Yatpool, Red Cliffs VIC 3496, Australia"
SRPVVCU3,Lal Lal WTP - Solar - VIC,VIC,0.2911,3352,Solar,28/05/2020,Unsuspended,0,,"Lal Lal WTP - Solar - VIC, VIC, 3352, Australia",-37.6749994,144.013532,OK,"Lal Lal VIC 3352, Australia"
SRPVSAI6,Eldercare Evanston Park  Nursing Home - Solar - SA,SA,0.1502,5116,Solar,26/05/2020,Unsuspended,0,,"Eldercare Evanston Park  Nursing Home - Solar - SA, SA, 5116, Australia",-34.6222069,138.7424608,OK,"17 Morrow Ave, Evanston Park SA 5116, Australia"
SRPVSAI1,Eldercare Seaford Nursing Home - Solar - SA,SA,0.1503,5169,Solar,26/05/2020,Unsuspended,0,,"Eldercare Seaford Nursing Home - Solar - SA, SA, 5169, Australia",-35.181295,138.48049,OK,"100 Seaford Rd, Seaford SA 5169, Australia"
SRPVSAI2,Eldercare The Lodge Nursing Home-Solar-SA,SA,0.1741,5034,Solar,26/05/2020,Unsuspended,0,,"Eldercare The Lodge Nursing Home-Solar-SA, SA, 5034, Australia",-34.9457782,138.5986767,OK,"14-24 King William Rd, Wayville SA 5034, Australia"
SRPVQLN5,Tarbat - Solar - QLD,QLD,0.2673,4480,Solar,26/05/2020,Unsuspended,0,,"Tarbat - Solar - QLD, QLD, 4480, Australia",-26.7342767,143.7369154,OK,"Quilpie QLD 4480, Australia"
SRPVSAI5,Coles Warradale- Solar- SA,SA,0.1788,5046,Solar,25/05/2020,Unsuspended,0,,"Coles Warradale- Solar- SA, SA, 5046, Australia",-35.0084887,138.5394192,OK,"238 Diagonal Rd, Oaklands Park SA 5046, Australia"
SRPVNSS9,Hay Solar - NSW,NSW,0.3927,2711,Solar,21/05/2020,Suspended,0,,"Hay Solar - NSW, NSW, 2711, Australia",-34.512799,144.8664339,OK,"Hay Solar Farm, Hay NSW 2711, Australia"
SRPXVCI3,Astral Pools - Solar PV  - Vic,VIC,0.1752,3173,Solar,21/05/2020,Unsuspended,0,,"Astral Pools - Solar PV  - Vic, VIC, 3173, Australia",-38.0066511,145.186815,OK,"111 Indian Dr, Keysborough VIC 3173, Australia"
SRPVVCT3,St Vincent's Werribee 0.5 MW Solar VIC,VIC,0.4772,3030,Solar,19/05/2020,Unsuspended,0,,"St Vincent's Werribee 0.5 MW Solar VIC, VIC, 3030, Australia",-37.8879563,144.7012542,OK,"240 Hoppers Ln, Werribee VIC 3030, Australia"
SRPVVCU0,Ballarat South WWTP - Solar - Vic,VIC,0.8316,3350,Solar,19/05/2020,Unsuspended,0,,"Ballarat South WWTP - Solar - Vic, VIC, 3350, Australia",-37.5691772,143.8459214,OK,"South St, Ballarat Central VIC 3350, Australia"
SRPVNSR9,CleanPeak Energy - Salamander Bay - Solar - NSW,NSW,0.9517,2317,Solar,19/05/2020,Unsuspended,0,,"CleanPeak Energy - Salamander Bay - Solar - NSW, NSW, 2317, Australia",-32.7237523,152.077946,OK,"Salamander Bay NSW 2317, Australia"
SRPVQLN7,White Industries Dalby - Solar - QLD - w SGU,QLD,0.1974,4405,Solar,15/05/2020,Unsuspended,0,,"White Industries Dalby - Solar - QLD - w SGU, QLD, 4405, Australia",-27.1750756,151.2502083,OK,"18130 Warrego Hwy, Dalby QLD 4405, Australia"
SRPVQLN0,Marist College Emerald w SGU - Solar - QLD,QLD,0.2998,4720,Solar,15/05/2020,Unsuspended,0,,"Marist College Emerald w SGU - Solar - QLD, QLD, 4720, Australia",-23.5434665,148.1590171,OK,"Jeppesen Dr, Emerald QLD 4720, Australia"
WD00VC41,Moorabool Wind Farm - Vic,VIC,312.0,3342,Wind,15/05/2020,Unsuspended,0,,"Moorabool Wind Farm - Vic, VIC, 3342, Australia",-37.7394582,144.1715885,OK,"Bungal VIC 3334, Australia"
SRPVVCT2,Ky D-PAK - Solar - VIC,VIC,0.3043,3620,Solar,14/05/2020,Unsuspended,0,,"Ky D-PAK - Solar - VIC, VIC, 3620, Australia",-36.3139821,145.0982343,OK,"292 Lancaster Rd, Kyabram VIC 3620, Australia"
SRPVNSR4,"ISPT White Cross Rd, Winmalee - Solar - NSW",NSW,0.1492,2777,Solar,12/05/2020,Unsuspended,0,,"ISPT White Cross Rd, Winmalee - Solar - NSW, NSW, 2777, Australia",-33.6683862,150.6088971,OK,"White Cross Rd, Winmalee NSW 2777, Australia"
SRPVVCU2,"GVIP Doyles Road, Grahamvale - Solar w SGU - VIC",VIC,0.3166,3631,Solar,12/05/2020,Unsuspended,0,,"GVIP Doyles Road, Grahamvale - Solar w SGU - VIC, VIC, 3631, Australia",-36.36645499999999,145.4333038,OK,"25 Doyles Rd, Grahamvale VIC 3631, Australia"
WD00VC40,Bulgana Green Power Hub - Wind - VIC,VIC,204.4,3384,Wind,12/05/2020,Unsuspended,0,,"Bulgana Green Power Hub - Wind - VIC, VIC, 3384, Australia",-37.03921589999999,142.9826272,OK,"Bulgana VIC 3377, Australia"
SRPVQLN6,Wickham Farms Killarney - Solar - QLD,QLD,0.1782,4373,Solar,8/05/2020,Unsuspended,0,,"Wickham Farms Killarney - Solar - QLD, QLD, 4373, Australia",-28.3323713,152.2955801,OK,"25 Ivy St, Killarney QLD 4373, Australia"
SRPVQLN3,Bunnings Southport - Solar - QLD,QLD,0.2563,4214,Solar,8/05/2020,Unsuspended,0,,"Bunnings Southport - Solar - QLD, QLD, 4214, Australia",-27.9722687,153.375714,OK,"500 Olsen Ave, Southport QLD 4215, Australia"
SRPVQLN8,Gardner Close - Solar - QLD,QLD,0.1946,4064,Solar,6/05/2020,Unsuspended,0,,"Gardner Close - Solar - QLD, QLD, 4064, Australia",-27.4731556,153.0035689,OK,"Gardner Cl, Milton QLD 4064, Australia"
SRPVQLM9,Gympie Road - Solar - QLD,QLD,0.2001,4032,Solar,6/05/2020,Unsuspended,0,,"Gympie Road - Solar - QLD, QLD, 4032, Australia",-27.3839935,153.0301652,OK,"Gympie Rd, Chermside West QLD 4032, Australia"
SRPVVCT1,Jenkin Bros Bayswater Solar - VIC,VIC,0.2006,3153,Solar,6/05/2020,Unsuspended,0,,"Jenkin Bros Bayswater Solar - VIC, VIC, 3153, Australia",-37.8415092,145.2844826,OK,"8/6 Ramage St, Bayswater VIC 3153, Australia"
SRPVNT57,Temple Bar Solar Power Station - Solar - NT,NT,0.2976,873,Solar,6/05/2020,Unsuspended,0,,"Temple Bar Solar Power Station - Solar - NT, NT, 873, Australia",-23.7615611,133.7827826,OK,"875 Ilparpa Rd, Arumbera NT 0870, Australia"
SRPVNSS3,Darlington Point North Bore - Solar - NSW,NSW,0.2925,2706,Solar,5/05/2020,Unsuspended,0,,"Darlington Point North Bore - Solar - NSW, NSW, 2706, Australia",-34.6280192,145.8690603,OK,"Darlington Point NSW 2706, Australia"
SRPVNSS4,Darlington Point South Bore - Solar - NSW,NSW,0.2925,2706,Solar,5/05/2020,Unsuspended,0,,"Darlington Point South Bore - Solar - NSW, NSW, 2706, Australia",-34.6280192,145.8690603,OK,"Darlington Point NSW 2706, Australia"
SRPVVCT4,GVW - Numurkah WTP - Numurkah - Solar - VIC,VIC,0.1104,3636,Solar,1/05/2020,Unsuspended,0,,"GVW - Numurkah WTP - Numurkah - Solar - VIC, VIC, 3636, Australia",-36.1596789,145.4738272,OK,"296 Wunghnu Rd, Drumanure VIC 3636, Australia"
SRPVVCT5,GVW - Shepparton OC - Shepparton - Solar - VIC,VIC,0.1104,3630,Solar,1/05/2020,Unsuspended,0,,"GVW - Shepparton OC - Shepparton - Solar - VIC, VIC, 3630, Australia",-36.3799972,145.4022827,OK,"104-110 Fryers St, Shepparton VIC 3630, Australia"
SRPVNSR5,BTPS Horsley Park - Solar - NSW,NSW,1.7019,2178,Solar,30/04/2020,Unsuspended,0,,"BTPS Horsley Park - Solar - NSW, NSW, 2178, Australia",-33.8769426,150.8027952,OK,"Kemps Creek NSW 2178, Australia"
SRPVVCT8,Heritage Gardens Bayswater North Solar - VIC,VIC,0.2,3153,Solar,29/04/2020,Unsuspended,0,,"Heritage Gardens Bayswater North Solar - VIC, VIC, 3153, Australia",-37.8328528,145.2659727,OK,"325 Canterbury Rd, Bayswater North VIC 3153, Australia"
SRPVVCS6,The Mill Castlemaine Solar wSGU - VIC,VIC,0.2008,3450,Solar,28/04/2020,Unsuspended,0,,"The Mill Castlemaine Solar wSGU - VIC, VIC, 3450, Australia",-37.0568203,144.2145033,OK,"1/9 Walker St, Castlemaine VIC 3450, Australia"
WD00VC39,Stockyard Hill - Wind - VIC,VIC,531.93,3373,Wind,28/04/2020,Unsuspended,0,,"Stockyard Hill - Wind - VIC, VIC, 3373, Australia",-37.5185211,143.2671292,OK,"Stockyard Hill VIC 3373, Australia"
SRPVSAH4,Bunnings Mile End - Solar - SA,SA,0.2999,5031,Solar,27/04/2020,Unsuspended,0,,"Bunnings Mile End - Solar - SA, SA, 5031, Australia",-34.9329647,138.5748727,OK,"108 Railway Terrace, Mile End SA 5031, Australia"
SRPVSAI0,Bunnings Windsor Gardens - Solar - SA,SA,0.3005,5087,Solar,27/04/2020,Unsuspended,0,,"Bunnings Windsor Gardens - Solar - SA, SA, 5087, Australia",-34.8641674,138.6481189,OK,"432 North East Road, Windsor Gardens SA 5087, Australia"
SRPVQLM5,Bunnings Cannon Hill - Solar - QLD,QLD,0.5096,4170,Solar,27/04/2020,Unsuspended,0,,"Bunnings Cannon Hill - Solar - QLD, QLD, 4170, Australia",-27.4733718,153.0973398,OK,"1881 Creek Rd, Cannon Hill QLD 4170, Australia"
SRPVQLN1,Bunnings Maroochydore - Solar - QLD,QLD,0.5749,4558,Solar,27/04/2020,Unsuspended,0,,"Bunnings Maroochydore - Solar - QLD, QLD, 4558, Australia",-26.6645504,153.0845429,OK,"70-98 Dalton Dr, Maroochydore QLD 4558, Australia"
SRPVQLM4,Warwick Solar Farm - Solar - QLD,QLD,78.172,4370,Solar,24/04/2020,Unsuspended,0,,"Warwick Solar Farm - Solar - QLD, QLD, 4370, Australia",-28.1828975,152.0671539,OK,"Jensen Rd, Sladevale QLD 4370, Australia"
SRPVSAH8,Knoll Edinburgh North NMI A752 - solar w SGU - SA,SA,0.1995,5113,Solar,23/04/2020,Unsuspended,0,,"Knoll Edinburgh North NMI A752 - solar w SGU - SA, SA, 5113, Australia",-34.7040843,138.6635471,OK,"Edinburgh North SA 5113, Australia"
SRPVVCS8,Tabulam and Templar Homes for Aged - Solar wSGU - VIC,VIC,0.1995,3153,Solar,23/04/2020,Unsuspended,0,,"Tabulam and Templar Homes for Aged - Solar wSGU - VIC, VIC, 3153, Australia",-37.8554585,145.2639014,OK,"31/41 Elizabeth St, Bayswater VIC 3153, Australia"
SRPVSAH2,CleanPeak Energy - Southgate Square - Solar - SA,SA,0.7441,5162,Solar,22/04/2020,Unsuspended,0,,"CleanPeak Energy - Southgate Square - Solar - SA, SA, 5162, Australia",-30.0002315,136.2091547,OK,"South Australia, Australia"
SRPVNST4,State Archives and Records - Solar - NSW,NSW,0.2655,2747,Solar,21/04/2020,Unsuspended,0,,"State Archives and Records - Solar - NSW, NSW, 2747, Australia",-33.7568098,150.7330562,OK,"Werrington NSW 2747, Australia"
SRPVVCV1,Presbyterian Ladies College Burwood Solar - VIC,VIC,0.6053,3125,Solar,21/04/2020,Unsuspended,0,,"Presbyterian Ladies College Burwood Solar - VIC, VIC, 3125, Australia",-37.8499459,145.1058405,OK,"Presbyterian Ladies College/Burwood Hwy, Burwood VIC 3125, Australia"
SRPVQLM6,WERNER-SOLAR w SGU-QLD,QLD,0.1456,4740,Solar,16/04/2020,Unsuspended,0,,"WERNER-SOLAR w SGU-QLD, QLD, 4740, Australia",-27.3038723,152.9515507,OK,"Warner QLD 4500, Australia"
SRPVQLM7,Coomera Indoor Sports Centre Solar - QLD,QLD,0.4403,4209,Solar,16/04/2020,Unsuspended,0,,"Coomera Indoor Sports Centre Solar - QLD, QLD, 4209, Australia",-27.8665462,153.3197532,OK,"35 Beattie Rd, Coomera QLD 4209, Australia"
SRPVQLM8,Australian Laboratory Services - Solar w SGU - QLD,QLD,0.219,4053,Solar,15/04/2020,Unsuspended,0,,"Australian Laboratory Services - Solar w SGU - QLD, QLD, 4053, Australia",-27.412138,153.0078477,OK,"32 Shand St, Stafford QLD 4053, Australia"
SRPVVCT0,Denfood Bairnsdale wSGU - Solar VIC,VIC,0.3,3875,Solar,15/04/2020,Unsuspended,0,,"Denfood Bairnsdale wSGU - Solar VIC, VIC, 3875, Australia",-37.8365866,147.5993731,OK,"Bairnsdale VIC 3875, Australia"
SRPVVCT7,Cohuna Solar Farm - VIC,VIC,34.2418,3567,Solar,15/04/2020,Unsuspended,0,,"Cohuna Solar Farm - VIC, VIC, 3567, Australia",-35.8806392,144.2214594,OK,"935 Leitchville-Kerang Rd, Horfield VIC 3567, Australia"
SRPVNSR7,Schwartz Family Solar Farm Solar PV NSW,NSW,4.94,2325,Solar,14/04/2020,Unsuspended,0,,"Schwartz Family Solar Farm Solar PV NSW, NSW, 2325, Australia",-32.9380528,151.1869325,OK,"Aberdare NSW 2325, Australia"
SRPVVCS2,CleanPeak Energy - Lansell Square - Solar - VIC,VIC,1.0779,3555,Solar,9/04/2020,Unsuspended,0,,"CleanPeak Energy - Lansell Square - Solar - VIC, VIC, 3555, Australia",-36.8104086,144.2424245,OK,"267 High St, Kangaroo Flat VIC 3555, Australia"
SRPVSAH6,Collins Transport - Wingfield - Solar - SA,SA,0.4999,5013,Solar,6/04/2020,Unsuspended,0,,"Collins Transport - Wingfield - Solar - SA, SA, 5013, Australia",-34.8405133,138.5746888,OK,"247 Cormack Rd, Wingfield SA 5013, Australia"
SRPVNSQ7,Airly Mine - Solar - NSW,NSW,2.0,2846,Solar,2/04/2020,Unsuspended,0,,"Airly Mine - Solar - NSW, NSW, 2846, Australia",-33.1130709,150.0149367,OK,"Capertee NSW 2846, Australia"
SRPVSAH5,Ovida Happy Valley Solar - SA,SA,0.1498,5159,Solar,1/04/2020,Unsuspended,0,,"Ovida Happy Valley Solar - SA, SA, 5159, Australia",-35.0822073,138.5655149,OK,"Happy Valley SA 5159, Australia"
SRPVVCS4,Andpak - Solar - VIC,VIC,0.2698,3498,Solar,1/04/2020,Unsuspended,0,,"Andpak - Solar - VIC, VIC, 3498, Australia",-34.2367128,142.1665287,OK,"731-733 Koorlong Ave, Irymple VIC 3498, Australia"
SRPVNSQ4,Stockland Yennora - Solar - NSW,NSW,0.7695,2161,Solar,1/04/2020,Unsuspended,0,,"Stockland Yennora - Solar - NSW, NSW, 2161, Australia",-33.85792,150.9705592,OK,"Loftus Rd, Yennora NSW 2161, Australia"
SRPVNSR3,Costco Oakdale - Solar - NSW,NSW,1.0,2178,Solar,1/04/2020,Unsuspended,0,,"Costco Oakdale - Solar - NSW, NSW, 2178, Australia",-33.8389347,150.8113563,OK,"15 Ottelia Rd, Kemps Creek NSW 2178, Australia"
SRPVSAH3,Costco Adelaide - Solar - SA,SA,1.0001,5084,Solar,1/04/2020,Unsuspended,0,,"Costco Adelaide - Solar - SA, SA, 5084, Australia",-34.86357,138.5810354,OK,"404-406 Churchill Rd, Kilburn SA 5084, Australia"
SRPVQLL9,Costco North Lakes - Solar - QLD,QLD,1.0999,4509,Solar,1/04/2020,Unsuspended,0,,"Costco North Lakes - Solar - QLD, QLD, 4509, Australia",-27.2135565,152.9951057,OK,"17-39 Cook Ct, North Lakes QLD 4509, Australia"
SRPVQLM3,"AUS ZOO Steve Irwin Way, Beerwah - Solar - QLD",QLD,0.6386,4519,Solar,31/03/2020,Unsuspended,0,,"AUS ZOO Steve Irwin Way, Beerwah - Solar - QLD, QLD, 4519, Australia",-26.8357181,152.963113,OK,"Australia Zoo, 1638 Steve Irwin Way, Beerwah QLD 4519, Australia"
SRPVWAB4,Beatty Park Leisure Centre - Solar w SGU - WA,WA,0.1161,6006,Solar,30/03/2020,Unsuspended,0,,"Beatty Park Leisure Centre - Solar w SGU - WA, WA, 6006, Australia",-31.9356784,115.8495864,OK,"220 Vincent St, North Perth WA 6006, Australia"
SRPVQLN4,Calamvale Central Shopping Center - QLD,QLD,0.8524,4116,Solar,26/03/2020,Unsuspended,0,,"Calamvale Central Shopping Center - QLD, QLD, 4116, Australia",-27.6128435,153.0530328,OK,"662 Compton Rd, Calamvale QLD 4116, Australia"
SRPVVCR5,Kolbe Catholic College - Solar w SGU - VIC,VIC,0.1804,3059,Solar,23/03/2020,Unsuspended,0,,"Kolbe Catholic College - Solar w SGU - VIC, VIC, 3059, Australia",-37.61467469999999,144.9088434,OK,"39 Lysterfield Dr, Greenvale VIC 3059, Australia"
SRPVVCS3,The Trustee for Kataria Superannuation Fund-Solar-VIC,VIC,0.2,3175,Solar,20/03/2020,Unsuspended,0,,"The Trustee for Kataria Superannuation Fund-Solar-VIC, VIC, 3175, Australia",-38.0191689,145.2148736,OK,"Dandenong North VIC 3175, Australia"
SRPVNSQ5,Club Mulwala-Solar w SGU-NSW,NSW,0.296,2647,Solar,20/03/2020,Unsuspended,0,,"Club Mulwala-Solar w SGU-NSW, NSW, 2647, Australia",-36.0033455,146.0009284,OK,"271 Melbourne St, Mulwala NSW 2647, Australia"
SRPVVCS1,Amstel Club Cranbourne - Solar - VIC,VIC,0.1608,3977,Solar,19/03/2020,Unsuspended,0,,"Amstel Club Cranbourne - Solar - VIC, VIC, 3977, Australia",-38.1113863,145.2582878,OK,"1000 Cranbourne-Frankston Rd, Cranbourne VIC 3977, Australia"
BEBGQL31,Reedy Creek - LFG - QLD,QLD,0.85,4220,Biomass,19/03/2020,Unsuspended,0,,"Reedy Creek - LFG - QLD, QLD, 4220, Australia",-28.1099597,153.4055706,OK,"Reedy Creek QLD 4227, Australia"
SRPVQLL7,Bidfood Richlands Solar QLD,QLD,0.2101,4077,Solar,17/03/2020,Unsuspended,0,,"Bidfood Richlands Solar QLD, QLD, 4077, Australia",-27.5869579,152.9424133,OK,"79 Macgregor Pl, Richlands QLD 4077, Australia"
SRPVVCR6,Australian Meat Group - Solar - VIC,VIC,1.2337,3175,Solar,16/03/2020,Unsuspended,0,,"Australian Meat Group - Solar - VIC, VIC, 3175, Australia",-38.0288298,145.202349,OK,"342 Hammond Rd, Dandenong South VIC 3175, Australia"
SRPVNSR0,Bomen Solar Farm - NSW,NSW,121.5399,2650,Solar,16/03/2020,Unsuspended,0,,"Bomen Solar Farm - NSW, NSW, 2650, Australia",-35.0492632,147.4441281,OK,"Trahairs Rd, Bomen NSW 2650, Australia"
SRPVVCR4,Southern Cross Ceramics - Solar - VIC,VIC,0.2508,3170,Solar,11/03/2020,Unsuspended,0,,"Southern Cross Ceramics - Solar - VIC, VIC, 3170, Australia",-37.9108909,145.1559025,OK,"28 Dunlop Rd, Mulgrave VIC 3170, Australia"
SRPVAC23,Molonglo - HNCD - Solar - ACT,ACT,0.2726,2609,Solar,11/03/2020,Unsuspended,0,,"Molonglo - HNCD - Solar - ACT, ACT, 2609, Australia",-35.3211131,149.1642784,OK,"Building 7/1 Dairy Rd, Fyshwick ACT 2609, Australia"
SRPVQLM2,Stockland Baringa Shopping Centre - Birtinya - Solar - QLD,QLD,0.3706,4551,Solar,11/03/2020,Unsuspended,0,,"Stockland Baringa Shopping Centre - Birtinya - Solar - QLD, QLD, 4551, Australia",-26.8093449,153.0828549,OK,"1 Edwards Tce, Baringa QLD 4551, Australia"
SRPVNSR8,Coca-Cola Amatil - Eastern Creek - Solar w SGU- NSW,NSW,1.8265,2766,Solar,11/03/2020,Unsuspended,0,,"Coca-Cola Amatil - Eastern Creek - Solar w SGU- NSW, NSW, 2766, Australia",-33.8187412,150.8476287,OK,"9 Roussell Rd, Eastern Creek NSW 2766, Australia"
WD00VC37,Dundonnell Wind Farm - VIC,VIC,336.0,3271,Wind,11/03/2020,Unsuspended,0,,"Dundonnell Wind Farm - VIC, VIC, 3271, Australia",-37.8411508,142.8755802,OK,"Woorndoo-Streatham Rd, Woorndoo VIC 3272, Australia"
SRPVVCS0,Aldi Derrimut DC - Solar - VIC,VIC,1.4002,3026,Solar,10/03/2020,Unsuspended,0,,"Aldi Derrimut DC - Solar - VIC, VIC, 3026, Australia",-37.8045434,144.7778337,OK,"60 Swann Dr, Derrimut VIC 3026, Australia"
SRPVNSQ0,DHL Arndell Park - Solar - NSW,NSW,0.1701,2148,Solar,9/03/2020,Unsuspended,0,,"DHL Arndell Park - Solar - NSW, NSW, 2148, Australia",-33.7950737,150.8905598,OK,"227 Walters Rd, Arndell Park NSW 2148, Australia"
SRPVNSQ6,Bunnings Port Macquarie - Solar - NSW,NSW,0.2604,2444,Solar,6/03/2020,Unsuspended,0,,"Bunnings Port Macquarie - Solar - NSW, NSW, 2444, Australia",-31.4545575,152.8722694,OK,"18 John Oxley Dr, Port Macquarie NSW 2444, Australia"
SRPVQLL8,Aspley Homemaker City - Solar - QLD,QLD,0.5008,4034,Solar,6/03/2020,Unsuspended,0,,"Aspley Homemaker City - Solar - QLD, QLD, 4034, Australia",-27.355191,153.0178066,OK,"815 Zillmere Rd, Aspley QLD 4034, Australia"
SRPVSAH7,Enwave Tonsley - Solar - SA,SA,2.3413,5042,Solar,6/03/2020,Unsuspended,0,,"Enwave Tonsley - Solar - SA, SA, 5042, Australia",-35.014633,138.5706901,OK,"Tonsley SA 5042, Australia"
SRPVVCR9,Sundown Furniture Derrimut - Solar - VIC,VIC,0.1999,3026,Solar,5/03/2020,Unsuspended,0,,"Sundown Furniture Derrimut - Solar - VIC, VIC, 3026, Australia",-37.801437,144.781811,OK,"23-31 Bliss Ct, Derrimut VIC 3026, Australia"
SRPVNSQ8,Sigma Pharmaceutical Kemps Creek - NSW - Solar,NSW,0.2614,2178,Solar,5/03/2020,Unsuspended,0,,"Sigma Pharmaceutical Kemps Creek - NSW - Solar, NSW, 2178, Australia",-33.8336046,150.811774,OK,"Ottelia Rd, Kemps Creek NSW 2178, Australia"
WD00WA22,PGWF - Wind and Solar - WA,WA,3.6351,6535,Wind,5/03/2020,Unsuspended,0,,"PGWF - Wind and Solar - WA, WA, 6535, Australia",-28.2831844,114.6192899,OK,"Yallabatharra WA 6535, Australia"
SRPVNT56,Asian United Food Services Stage 2 - Solar - NT,NT,0.3298,820,Solar,4/03/2020,Unsuspended,0,,"Asian United Food Services Stage 2 - Solar - NT, NT, 820, Australia",-12.4318744,130.8567499,OK,"47 Bishop St, Woolner NT 0820, Australia"
SRPVNSR2,Waroongah Aged Care - Solar w SGU - NSW,NSW,0.1733,2076,Solar,3/03/2020,Unsuspended,0,,"Waroongah Aged Care - Solar w SGU - NSW, NSW, 2076, Australia",-33.7173849,151.1140385,OK,"3/9 Woonona Ave, Wahroonga NSW 2076, Australia"
SRPVNSQ3,Bingo Auburn - Solar - NSW,NSW,0.2613,2144,Solar,3/03/2020,Unsuspended,0,,"Bingo Auburn - Solar - NSW, NSW, 2144, Australia",-33.8360894,151.0262901,OK,"19 Short St, Auburn NSW 2144, Australia"
WD00VC38,Cherry Tree Wind Farm - VIC,VIC,57.6,3660,Wind,3/03/2020,Unsuspended,0,,"Cherry Tree Wind Farm - VIC, VIC, 3660, Australia",-37.0820599,145.2761434,OK,"595 Homewood Rd, Whiteheads Creek VIC 3660, Australia"
SRPVVCT6,AMASYA-SOLAR-VIC,VIC,0.727,3062,Solar,27/02/2020,Unsuspended,0,,"AMASYA-SOLAR-VIC, VIC, 3062, Australia",-37.6332889,144.944665,OK,"Somerton VIC 3062, Australia"
SRPVTA11,Britton Timbers Dry Mill - Solar - TAS,TAS,0.1543,7330,Solar,26/02/2020,Unsuspended,0,,"Britton Timbers Dry Mill - Solar - TAS, TAS, 7330, Australia",-40.8571909,145.1402805,OK,"3 Brittons Rd, Smithton TAS 7330, Australia"
SRPVQLL6,QLD Health Forensic & Scientific Services - QLD - Solar,QLD,0.3312,4108,Solar,26/02/2020,Unsuspended,0,,"QLD Health Forensic & Scientific Services - QLD - Solar, QLD, 4108, Australia",-27.5590817,153.0436689,OK,"39 Kessels Rd, Coopers Plains QLD 4108, Australia"
SRPVVCR8,Brooklyn River Pump - Solar - VIC,VIC,0.264,3599,Solar,25/02/2020,Unsuspended,0,,"Brooklyn River Pump - Solar - VIC, VIC, 3599, Australia",-34.7296801,143.1012826,OK,"Brooklyn Ln, Boundary Bend VIC 3599, Australia"
SRPVNSO5,Blaney Cold Storage - Solar - NSW,NSW,0.6008,2799,Solar,24/02/2020,Unsuspended,0,,"Blaney Cold Storage - Solar - NSW, NSW, 2799, Australia",-33.5995926,149.265005,OK,"Barry NSW 2799, Australia"
SRPVNSP3,CleanPeak Energy - Bateau Bay - Solar - NSW,NSW,1.6848,2261,Solar,21/02/2020,Unsuspended,0,,"CleanPeak Energy - Bateau Bay - Solar - NSW, NSW, 2261, Australia",-33.3856724,151.4724881,OK,"Bateau Bay NSW 2261, Australia"
SRPVVCR7,Botanicca Building 3 - Solar - VIC,VIC,0.1505,3121,Solar,20/02/2020,Unsuspended,0,,"Botanicca Building 3 - Solar - VIC, VIC, 3121, Australia",-37.8273849,145.0184631,OK,"Unit 3/574 Swan St, Burnley VIC 3121, Australia"
SRPVNSP7,Bankstown District Solar - NSW,NSW,0.5398,2200,Solar,19/02/2020,Unsuspended,0,,"Bankstown District Solar - NSW, NSW, 2200, Australia",-33.9361501,150.9749198,OK,"101 Raleigh Rd, Milperra NSW 2214, Australia"
BEBGQL32,Bettapork-Waste-QLD,QLD,0.56,4715,Biomass,19/02/2020,Unsuspended,0,,"Bettapork-Waste-QLD, QLD, 4715, Australia",-24.2830872,150.5413835,OK,"Dawson Hwy, Biloela QLD 4715, Australia"
SRPVNSO6,Green Camel Cobbitty - Solar - NSW,NSW,0.7456,2570,Solar,19/02/2020,Unsuspended,0,,"Green Camel Cobbitty - Solar - NSW, NSW, 2570, Australia",-34.0158081,150.6711273,OK,"Cobbitty NSW 2570, Australia"
SRPVWAB2,Geraldton Aquarena - Solar wSGU - WA,WA,0.1931,6530,Solar,18/02/2020,Unsuspended,0,,"Geraldton Aquarena - Solar wSGU - WA, WA, 6530, Australia",-28.7700673,114.6279886,OK,"1 Pass St, Wonthella WA 6530, Australia"
SRPVVCR1,Havilah Hostel Inc - Solar - VIC,VIC,0.1996,3465,Solar,18/02/2020,Unsuspended,0,,"Havilah Hostel Inc - Solar - VIC, VIC, 3465, Australia",-37.0382652,143.7436523,OK,"11 Harkness St, Maryborough VIC 3465, Australia"
SRPVNSQ1,Bunnings Taree - Solar - NSW,NSW,0.2097,2430,Solar,17/02/2020,Unsuspended,0,,"Bunnings Taree - Solar - NSW, NSW, 2430, Australia",-31.8914786,152.4461707,OK,"Cnr Wingham Road &, Bushland Dr, Taree NSW 2430, Australia"
SRPVNSQ2,Bunnings Tamworth - Solar - NSW,NSW,0.3304,2340,Solar,17/02/2020,Unsuspended,0,,"Bunnings Tamworth - Solar - NSW, NSW, 2340, Australia",-31.0888799,150.9077754,OK,"Corner Jewry &, Lockheed St, Tamworth NSW 2340, Australia"
SRPVNSP9,Bunnings Coffs Harbour - Solar - NSW,NSW,0.4494,2450,Solar,17/02/2020,Unsuspended,0,,"Bunnings Coffs Harbour - Solar - NSW, NSW, 2450, Australia",-30.31371309999999,153.0949738,OK,"Cnr Pacific Hwy &, Cook Dr, Coffs Harbour NSW 2450, Australia"
SRPVNSR6,Charles Sturt University Orange 0.64MW - Solar NSW,NSW,0.6408,2800,Solar,14/02/2020,Unsuspended,0,,"Charles Sturt University Orange 0.64MW - Solar NSW, NSW, 2800, Australia",-33.2480992,149.1151889,OK,"346 Leeds Parade, Orange NSW 2800, Australia"
SRPVVCS5,Traralgon Head Office - Solar PV - VIC,VIC,0.2249,3844,Solar,13/02/2020,Unsuspended,0,,"Traralgon Head Office - Solar PV - VIC, VIC, 3844, Australia",-38.1935,146.555,OK,"27 Head St, Traralgon VIC 3844, Australia"
SRPVVCS7,"CSIRO Food Innovation Centre - B2, B4 & B6 - Solar - Vic",VIC,0.3,3030,Solar,13/02/2020,Suspended,0,,"CSIRO Food Innovation Centre - B2, B4 & B6 - Solar - Vic, VIC, 3030, Australia",-37.8979823,144.6809351,OK,"671 Sneydes Rd, Werribee VIC 3030, Australia"
SRPVNSR1,Rynever Kings Park Solar - NSW,NSW,0.3007,2148,Solar,13/02/2020,Unsuspended,0,,"Rynever Kings Park Solar - NSW, NSW, 2148, Australia",-33.7457198,150.9047417,OK,"Kings Park NSW 2148, Australia"
SRPVQLK9,Bunnings Springfield Central - Solar - QLD,QLD,0.4195,4300,Solar,13/02/2020,Unsuspended,0,,"Bunnings Springfield Central - Solar - QLD, QLD, 4300, Australia",-27.676414,152.898111,OK,"Cnr Southern Cross Circuit &, Main St, Springfield Central QLD 4300, Australia"
SRPVSAI3,JT JOHNSON - SOLAR - SA,SA,0.6486,5373,Solar,13/02/2020,Unsuspended,0,,"JT JOHNSON - SOLAR - SA, SA, 5373, Australia",-34.3463958,138.91301,OK,"4 Perry Rd, Kapunda SA 5373, Australia"
SRPVNSO7,Bunnings Goulburn - Solar - NSW,NSW,0.2105,2580,Solar,12/02/2020,Unsuspended,0,,"Bunnings Goulburn - Solar - NSW, NSW, 2580, Australia",-34.7721579,149.6887147,OK,"Cnr Hume St &, Ducks Ln, Goulburn NSW 2580, Australia"
SRPVNSO9,Corowa RSL Club Solar - NSW wSGU,NSW,0.406,2646,Solar,12/02/2020,Unsuspended,0,,"Corowa RSL Club Solar - NSW wSGU, NSW, 2646, Australia",-35.9949595,146.3876884,OK,"30 Betterment Parade, Corowa NSW 2646, Australia"
SRPVVCR0,ColdXpress Rowville Solar - VIC,VIC,0.6969,3178,Solar,12/02/2020,Unsuspended,0,,"ColdXpress Rowville Solar - VIC, VIC, 3178, Australia",-37.92697649999999,145.2196829,OK,"Level 1, Suite 9/830 Wellington Rd, Rowville VIC 3178, Australia"
SRPVSAH1,St Michael's College Solar - SA,SA,0.1999,5022,Solar,11/02/2020,Unsuspended,0,,"St Michael's College Solar - SA, SA, 5022, Australia",-34.9150171,138.5041272,OK,"15 Mitton Ave, Henley Beach SA 5022, Australia"
SRPVNSP8,Troy Labs: Glendenning - Solar - NSW,NSW,0.2208,2761,Solar,11/02/2020,Unsuspended,0,,"Troy Labs: Glendenning - Solar - NSW, NSW, 2761, Australia",-33.7577188,150.8496114,OK,"37 Glendenning Rd, Glendenning NSW 2761, Australia"
SRPVNSP0,Bunnings Gregory Hills - Solar - NSW,NSW,0.2995,2557,Solar,10/02/2020,Unsuspended,0,,"Bunnings Gregory Hills - Solar - NSW, NSW, 2557, Australia",-34.0234728,150.760773,OK,"2 Rodeo Rd, Gregory Hills NSW 2557, Australia"
SRPVQLL5,Bunnings Cairns Central - Solar - QLD,QLD,0.3009,4870,Solar,10/02/2020,Unsuspended,0,,"Bunnings Cairns Central - Solar - QLD, QLD, 4870, Australia",-16.9342688,145.7735822,OK,"71/83 Kenny St, Portsmith QLD 4870, Australia"
SRPVNSP1,Bunnings Lake Haven - Solar - NSW,NSW,0.3802,2263,Solar,10/02/2020,Unsuspended,0,,"Bunnings Lake Haven - Solar - NSW, NSW, 2263, Australia",-33.2388334,151.4975396,OK,"Cnr Chelmsford Road &, Pacific Hwy, Charmhaven NSW 2263, Australia"
SRPVNT55,Bunnings Alice Springs - Solar wSGU - NT,NT,0.4754,870,Solar,10/02/2020,Unsuspended,0,,"Bunnings Alice Springs - Solar wSGU - NT, NT, 870, Australia",-23.6700858,133.8685661,OK,"Stuart Hwy &, Power St, Alice Springs NT 0870, Australia"
SRPVQLM0,Bunnings Oxenford - Solar - QLD,QLD,0.51,4210,Solar,10/02/2020,Unsuspended,0,,"Bunnings Oxenford - Solar - QLD, QLD, 4210, Australia",-27.8877568,153.3119808,OK,"Global Plaza, Oxenford QLD 4210, Australia"
SRPVNST5,Todae Solar - EE Glendenning 0.149MW - Solar NSW,NSW,0.5292,2761,Solar,10/02/2020,Unsuspended,0,,"Todae Solar - EE Glendenning 0.149MW - Solar NSW, NSW, 2761, Australia",-33.7461349,150.8536426,OK,"Glendenning NSW 2761, Australia"
SPRVVCQ8,Bairnsdale District health Services - Solar - VIC,VIC,0.6998,3875,Solar,10/02/2020,Unsuspended,0,,"Bairnsdale District health Services - Solar - VIC, VIC, 3875, Australia",-37.8384656,147.5994285,OK,"7 Collins St, Bairnsdale VIC 3875, Australia"
SRPVWAB3,Onslow Solar Farm - WA,WA,1.1177,6710,Solar,10/02/2020,Unsuspended,0,,"Onslow Solar Farm - WA, WA, 6710, Australia",-21.6671744,115.105188,OK,"Onslow WA 6710, Australia"
SRPVSAG9,Bunnings Victor Harbor - Solar - SA,SA,0.1407,5211,Solar,7/02/2020,Unsuspended,0,,"Bunnings Victor Harbor - Solar - SA, SA, 5211, Australia",-35.5362185,138.6375311,OK,"Lot 5 Adelaide Rd, Victor Harbor SA 5211, Australia"
SRPVNSP6,Bunnings Batemans Bay Solar - NSW,NSW,0.2401,2536,Solar,7/02/2020,Unsuspended,0,,"Bunnings Batemans Bay Solar - NSW, NSW, 2536, Australia",-35.7190428,150.1746268,OK,"32-34 Princes Hwy, Batemans Bay NSW 2536, Australia"
SRPVSAG8,Bunnings Edwardstown - Solar - SA,SA,0.2407,5039,Solar,7/02/2020,Unsuspended,0,,"Bunnings Edwardstown - Solar - SA, SA, 5039, Australia",-34.9854738,138.573911,OK,"1028-1042 South Rd, Edwardstown SA 5039, Australia"
SRPVNSP4,Bunnings Albury Solar - NSW,NSW,0.2937,2640,Solar,7/02/2020,Unsuspended,0,,"Bunnings Albury Solar - NSW, NSW, 2640, Australia",-36.0738249,146.9493747,OK,"Cnr Borella Road &, Drome St, Albury NSW 2640, Australia"
SRPVNSO8,Bunnings Bathurst Solar - NSW,NSW,0.2994,2795,Solar,7/02/2020,Unsuspended,0,,"Bunnings Bathurst Solar - NSW, NSW, 2795, Australia",-33.4196546,149.6031676,OK,"21 Great Western Hwy, Bathurst NSW 2795, Australia"
SRPVNSP2,Bunnings Dural - Solar - NSW,NSW,0.2994,2158,Solar,7/02/2020,Unsuspended,0,,"Bunnings Dural - Solar - NSW, NSW, 2158, Australia",-33.7027034,151.0286661,OK,"248-252 New Line Rd, Dural NSW 2158, Australia"
SRPVNSO3,Bunnings Orange Solar - NSW,NSW,0.2998,2800,Solar,7/02/2020,Unsuspended,0,,"Bunnings Orange Solar - NSW, NSW, 2800, Australia",-33.2575007,149.1118136,OK,"Cnr Northern Distributor Rd &, Leeds Parade, Orange NSW 2800, Australia"
SRPVNSP5,Bunnings Smithfield - Solar - NSW,NSW,0.2998,2164,Solar,7/02/2020,Unsuspended,0,,"Bunnings Smithfield - Solar - NSW, NSW, 2164, Australia",-33.8460894,150.9547899,OK,"Cnr Cumberland Hwy &, Sturt St, Smithfield NSW 2164, Australia"
SRPVNSQ9,Bunnings Kirrawee Solar - NSW,NSW,0.3002,2232,Solar,7/02/2020,Unsuspended,0,,"Bunnings Kirrawee Solar - NSW, NSW, 2232, Australia",-34.0303653,151.075183,OK,"127/141 Bath Rd, Kirrawee NSW 2232, Australia"
SRPVVCQ9,Bunnings Geelong North Solar - VIC,VIC,0.3322,3214,Solar,7/02/2020,Unsuspended,0,,"Bunnings Geelong North Solar - VIC, VIC, 3214, Australia",-38.0976912,144.3535726,OK,"5/19 Princes Hwy, Norlane VIC 3214, Australia"
SRPVQLL4,Bunnings Toowoomba West Solar - QLD,QLD,0.3556,4350,Solar,7/02/2020,Unsuspended,0,,"Bunnings Toowoomba West Solar - QLD, QLD, 4350, Australia",-27.5865275,151.915652,OK,"361-371 Anzac Ave, Harristown QLD 4350, Australia"
SRPVQLL0,Bunnings Toowoomba North Solar - QLD,QLD,0.3573,4350,Solar,7/02/2020,Unsuspended,0,,"Bunnings Toowoomba North Solar - QLD, QLD, 4350, Australia",-27.5529643,151.953411,OK,"239-267 Ruthven St, Toowoomba City QLD 4350, Australia"
SRPVQLL3,Bunnings Underwood - Solar - QLD,QLD,0.4749,4119,Solar,7/02/2020,Unsuspended,0,,"Bunnings Underwood - Solar - QLD, QLD, 4119, Australia",-27.6189829,153.1125279,OK,"Compton Road &, Ewing Rd, Underwood QLD 4119, Australia"
SRPVQLK8,The Cathedral College Rockhampton - Solar - QLD,QLD,0.4983,4700,Solar,7/02/2020,Unsuspended,0,,"The Cathedral College Rockhampton - Solar - QLD, QLD, 4700, Australia",-23.3864994,150.5058288,OK,"189 William St, Rockhampton City QLD 4700, Australia"
SRPVAC22,Icon Water Stromlo - Solar - ACT,ACT,0.221,2611,Solar,6/02/2020,Unsuspended,0,,"Icon Water Stromlo - Solar - ACT, ACT, 2611, Australia",-35.3317828,149.0087609,OK,"Stromlo, ACT 2611, Australia"
SRPVAC21,Icon Water Lower Molonglo - Solar - ACT,ACT,1.092,2617,Solar,6/02/2020,Unsuspended,0,,"Icon Water Lower Molonglo - Solar - ACT, ACT, 2617, Australia",-35.228161,149.092696,OK,"Kaleen ACT 2617, Australia"
SRPVQLL1,SLQ-SOLAR-QLD,QLD,0.208,4132,Solar,5/02/2020,Unsuspended,0,,"SLQ-SOLAR-QLD, QLD, 4132, Australia",-27.6802572,153.0792309,OK,"175 Magnesium Dr, Crestmead QLD 4132, Australia"
SRPVNSO4,Actron Air Marsden Park - Solar - NSW,NSW,0.3898,2765,Solar,5/02/2020,Unsuspended,0,,"Actron Air Marsden Park - Solar - NSW, NSW, 2765, Australia",-33.7201118,150.83815,OK,"7 Fairview Place, Marsden Park NSW 2765, Australia"
SRPVVCR3,Green Peak Energy Essendon Solar wSGU - VIC,VIC,0.2422,3040,Solar,4/02/2020,Unsuspended,0,,"Green Peak Energy Essendon Solar wSGU - VIC, VIC, 3040, Australia",-37.7527648,144.9160333,OK,"Essendon VIC 3040, Australia"
SRPVQLM1,Bunnings Bundamba - Solar - QLD,QLD,0.3896,4304,Solar,3/02/2020,Unsuspended,0,,"Bunnings Bundamba - Solar - QLD, QLD, 4304, Australia",-27.6096012,152.8050596,OK,"Corner Brisbane Street &, Mining St, Bundamba QLD 4304, Australia"
SRPVQLH4,Hillbrook Sth - Solar w SGU - QLD,QLD,0.4966,4051,Solar,31/01/2020,Unsuspended,0,,"Hillbrook Sth - Solar w SGU - QLD, QLD, 4051, Australia",-27.4162654,152.989212,OK,"45 Hurdcotte St, Enoggera QLD 4051, Australia"
SRPVQLL2,Gin Gin and Dry Solar wSGU - QLD,QLD,0.2034,4671,Solar,30/01/2020,Unsuspended,0,,"Gin Gin and Dry Solar wSGU - QLD, QLD, 4671, Australia",-25.004734,151.9889068,OK,"218D Mcilwraith Rd, McIlwraith QLD 4671, Australia"
SRPVQLK6,Bunnings Bethania - Solar - QLD,QLD,0.4499,4205,Solar,30/01/2020,Unsuspended,0,,"Bunnings Bethania - Solar - QLD, QLD, 4205, Australia",-27.7037022,153.156792,OK,"9 Glasson Dr, Bethania QLD 4205, Australia"
SRPVQLK4,Bunnings Manly West - Solar - QLD,QLD,0.54,4179,Solar,30/01/2020,Unsuspended,0,,"Bunnings Manly West - Solar - QLD, QLD, 4179, Australia",-27.4687125,153.1533159,OK,"398 Wondall Rd, Manly West QLD 4179, Australia"
SRPVQLK5,Bunnings West Ipswich - Solar - QLD,QLD,0.5715,4305,Solar,30/01/2020,Unsuspended,0,,"Bunnings West Ipswich - Solar - QLD, QLD, 4305, Australia",-27.6164646,152.7499542,OK,"Corner Brisbane, Clay &, Darling St W, West Ipswich QLD 4305, Australia"
SRPVNSO0,Ferrero Australia - Solar - NSW,NSW,0.6731,2790,Solar,29/01/2020,Suspended,0,,"Ferrero Australia - Solar - NSW, NSW, 2790, Australia",-33.4800444,150.1389427,OK,"52-54 Barton St, Lithgow NSW 2790, Australia"
WD00TA13,Granville Harbour Wind Farm - Wind - TAS,TAS,111.6,7469,Wind,28/01/2020,Unsuspended,0,,"Granville Harbour Wind Farm - Wind - TAS, TAS, 7469, Australia",-41.8078417,145.0351942,OK,"Granville Harbour TAS 7469, Australia"
SRPVSAG2,Bungama 2 - Solar - SA,SA,5.8608,5540,Solar,23/01/2020,Unsuspended,0,,"Bungama 2 - Solar - SA, SA, 5540, Australia",-33.1965843,138.0682053,OK,"Bungama SA 5540, Australia"
SRPVSAG3,Kadina 1 - Solar - SA,SA,5.8608,5554,Solar,23/01/2020,Unsuspended,0,,"Kadina 1 - Solar - SA, SA, 5554, Australia",-33.9632646,137.7148587,OK,"Kadina SA 5554, Australia"
SRPVQLK7,Bay Plaza Solar PV Qld,QLD,0.2419,4655,Solar,21/01/2020,Unsuspended,0,,"Bay Plaza Solar PV Qld, QLD, 4655, Australia",-25.2836093,152.8425466,OK,"27 Torquay Rd, Pialba QLD 4655, Australia"
SRPVWAB1,602 Forrest North-Solar-WA,WA,0.1527,6208,Solar,20/01/2020,Unsuspended,0,,"602 Forrest North-Solar-WA, WA, 6208, Australia",-32.6854087,115.7782579,OK,"602 Forrest Hwy, West Pinjarra WA 6208, Australia"
SRPVWAB0,ADSCS GERALDTON - SOLAR - WA,WA,1.56,6532,Solar,20/01/2020,Unsuspended,0,,"ADSCS GERALDTON - SOLAR - WA, WA, 6532, Australia",-28.7750887,114.6098545,OK,"Geraldton WA, Australia"
SRPVSAG5,EZY-FIT Salisbury South - Solar w SGU - SA,SA,0.1989,5106,Solar,17/01/2020,Unsuspended,0,,"EZY-FIT Salisbury South - Solar w SGU - SA, SA, 5106, Australia",-34.7804348,138.6473583,OK,"10 Cheviot Rd, Salisbury South SA 5106, Australia"
SRPVNSO1,National Ceramics Rutherford Solar - NSW,NSW,1.0,2320,Solar,16/01/2020,Unsuspended,0,,"National Ceramics Rutherford Solar - NSW, NSW, 2320, Australia",-32.7175735,151.5035026,OK,"175 Racecourse Rd, Rutherford NSW 2320, Australia"
SRPVSAG6,Baroota 4.99MVA Solar Farm - SA,SA,8.932,5495,Solar,13/01/2020,Unsuspended,0,,"Baroota 4.99MVA Solar Farm - SA, SA, 5495, Australia",-32.8889644,138.0208484,OK,"Mambray Creek SA 5495, Australia"
SRPVSAF9,Adelaide Resource Recovery Solar 1 Dry Creek - SA,SA,1.3007,5094,Solar,10/01/2020,Unsuspended,0,,"Adelaide Resource Recovery Solar 1 Dry Creek - SA, SA, 5094, Australia",-34.8294457,138.5527468,OK,"412 Hanson Rd, Dry Creek SA 5013, Australia"
SRPVNSO2,Byron Bay STP - Solar w SGU - NSW,NSW,0.1552,2481,Solar,7/01/2020,Unsuspended,0,,"Byron Bay STP - Solar w SGU - NSW, NSW, 2481, Australia",-28.6421823,153.6108065,OK,"Byron Bay NSW 2481, Australia"
SRPVNSN9,Rooty Hill car Park - Solar - NSW,NSW,0.2908,2766,Solar,7/01/2020,Unsuspended,0,,"Rooty Hill car Park - Solar - NSW, NSW, 2766, Australia",-33.7715246,150.843841,OK,"Rooty Hill NSW 2766, Australia"
SRPVSAH0,Allambi Nursing Home - Solar w SGU - SA,SA,0.3296,5044,Solar,7/01/2020,Unsuspended,0,,"Allambi Nursing Home - Solar w SGU - SA, SA, 5044, Australia",-34.9960789,138.5307199,OK,"LOT 100, Oaklands Rd, Glengowrie SA 5046, Australia"
SRPVVCQ2,Department of Justice and Regulation Ararat - Solar - VIC,VIC,0.2123,3377,Solar,6/01/2020,Unsuspended,0,,"Department of Justice and Regulation Ararat - Solar - VIC, VIC, 3377, Australia",-37.2836413,142.931597,OK,"Ararat VIC 3377, Australia"
SRPVVCQ7,Freedom Foods - Solar - VIC,VIC,3.7787,3630,Solar,6/01/2020,Unsuspended,0,,"Freedom Foods - Solar - VIC, VIC, 3630, Australia",-36.4615673,145.5579927,OK,"Dunkirk VIC 3630, Australia"
SRPVVCQ6,Westmont Aged Care Caravan Shed - Solar - VIC,VIC,0.1152,3691,Solar,23/12/2019,Unsuspended,0,,"Westmont Aged Care Caravan Shed - Solar - VIC, VIC, 3691, Australia",-36.2373927,146.9661233,OK,"Berringama VIC 3691, Australia"
SRPBTA10,Britton Timbers Green Mill - Solar - Tas,TAS,0.1543,7330,Solar,19/12/2019,Unsuspended,0,,"Britton Timbers Green Mill - Solar - Tas, TAS, 7330, Australia",-40.8571909,145.1402805,OK,"3 Brittons Rd, Smithton TAS 7330, Australia"
SRPVWAA9,TERRYTYZACK - SOLAR - WA,WA,0.1999,6052,Solar,18/12/2019,Unsuspended,0,,"TERRYTYZACK - SOLAR - WA, WA, 6052, Australia",-31.9088154,115.8700114,OK,"Suite 1 & 2/62 Alexander Dr, Inglewood WA 6052, Australia"
SRPVSAG0,Port Adelaide Plaza - Solar w SGU - SA,SA,0.9153,5015,Solar,18/12/2019,Unsuspended,0,,"Port Adelaide Plaza - Solar w SGU - SA, SA, 5015, Australia",-34.8484718,138.5038132,OK,"200-220 Commercial Rd, Port Adelaide SA 5015, Australia"
SRPVVCQ4,ARYZTA Dandenong - Solar - VIC,VIC,0.3374,3175,Solar,17/12/2019,Unsuspended,0,,"ARYZTA Dandenong - Solar - VIC, VIC, 3175, Australia",-37.9885458,145.2127536,OK,"Thomas St, Dandenong VIC 3175, Australia"
SRPVVCQ1,"ISPT Ashley St, Braybrook - Solar - VIC - SGU",VIC,0.4006,3019,Solar,17/12/2019,Unsuspended,0,,"ISPT Ashley St, Braybrook - Solar - VIC - SGU, VIC, 3019, Australia",-37.7863121,144.8644974,OK,"Ashley St, Braybrook VIC 3019, Australia"
SRPVSAG4,Brickworks Marketplace - Solar - SA,SA,0.5443,5031,Solar,17/12/2019,Unsuspended,0,,"Brickworks Marketplace - Solar - SA, SA, 5031, Australia",-34.914413,138.5631906,OK,"38 South Rd, Torrensville SA 5031, Australia"
SRPVNSN8,Darlington Point Solar Farm - Solar - NSW,NSW,332.8055,2706,Solar,17/12/2019,Unsuspended,0,,"Darlington Point Solar Farm - Solar - NSW, NSW, 2706, Australia",-34.6473191,146.0357394,OK,"336 Donald Ross Dr, Darlington Point NSW 2706, Australia"
SRPVNSN6,Mushroom Composters - Solar - NSW,NSW,0.2448,2330,Solar,13/12/2019,Suspended,0,,"Mushroom Composters - Solar - NSW, NSW, 2330, Australia",-32.6336649,151.1501384,OK,"Golden Hwy, Mount Thorley NSW 2330, Australia"
SRPVVCQ5,Redmud Green  Energy 80 - Solar - VIC,VIC,0.3402,3525,Solar,13/12/2019,Unsuspended,0,,"Redmud Green  Energy 80 - Solar - VIC, VIC, 3525, Australia",-36.9847807,143.3906074,OK,"Victoria, Australia"
SRPVNSN7,GroMor - Solar - NSW,NSW,1.6952,2330,Solar,13/12/2019,Suspended,0,,"GroMor - Solar - NSW, NSW, 2330, Australia",-32.6361596,151.1505283,OK,"835 Mitchell Line of Rd, Whittingham NSW 2330, Australia"
SRPVQLK1,Opal Burpengary - Solar - QLD,QLD,0.132,4505,Solar,12/12/2019,Unsuspended,0,,"Opal Burpengary - Solar - QLD, QLD, 4505, Australia",-27.1615373,152.958072,OK,"Burpengary QLD 4505, Australia"
SRPVWAA8,601 Forrest South-Solar-WA,WA,0.1527,6208,Solar,12/12/2019,Unsuspended,0,,"601 Forrest South-Solar-WA, WA, 6208, Australia",-32.6857084,115.7781362,OK,"601 Forrest Hwy, West Pinjarra WA 6208, Australia"
SRPVVCR2,GWKEWDER - SOLAR - VIC,VIC,0.1976,3081,Solar,12/12/2019,Unsuspended,0,,"GWKEWDER - SOLAR - VIC, VIC, 3081, Australia",-37.7417753,145.0438252,OK,"Bellfield VIC 3081, Australia"
SRPVVCP4,Department of Justice and Community Safety Middleton Prison - Solar w SGU - VIC,VIC,0.2649,3450,Solar,12/12/2019,Unsuspended,0,,"Department of Justice and Community Safety Middleton Prison - Solar w SGU - VIC, VIC, 3450, Australia",-36.9847807,143.3906074,OK,"Victoria, Australia"
SRPVVCP9,Echuca Solar Project - Solar - VIC,VIC,8.2992,3564,Solar,12/12/2019,Unsuspended,0,,"Echuca Solar Project - Solar - VIC, VIC, 3564, Australia",-36.1404431,144.7511231,OK,"Echuca VIC 3564, Australia"
SRPVNSN2,"ISPT Baylis St, Wagga Wagga - Solar - NSW - SGU",NSW,0.4953,2650,Solar,11/12/2019,Unsuspended,0,,"ISPT Baylis St, Wagga Wagga - Solar - NSW - SGU, NSW, 2650, Australia",-35.1138262,147.3697711,OK,"Baylis St, Wagga Wagga NSW 2650, Australia"
SRPVNSN3,Bunnings Caringbah Solar - NSW,NSW,0.7501,2229,Solar,11/12/2019,Unsuspended,0,,"Bunnings Caringbah Solar - NSW, NSW, 2229, Australia",-34.0279907,151.1220345,OK,"Koonya Cct, Caringbah NSW 2229, Australia"
SRPVSAG1,Port Bonython Solar Power Station - SA,SA,2.1204,5600,Solar,11/12/2019,Unsuspended,0,,"Port Bonython Solar Power Station - SA, SA, 5600, Australia",-33.0317957,137.5717516,OK,"Whyalla DC SA 5600, Australia"
SRPVSAF6,Bunnings Munno Para Solar - SA,SA,0.2407,5115,Solar,10/12/2019,Unsuspended,0,,"Bunnings Munno Para Solar - SA, SA, 5115, Australia",-34.6591523,138.6529851,OK,"Corner Frisby &, Curtis Rd, Munno Para West SA 5115, Australia"
SRPVVCQ3,Micro Plastics Dandenong South Solar - VIC,VIC,0.2497,3175,Solar,10/12/2019,Unsuspended,0,,"Micro Plastics Dandenong South Solar - VIC, VIC, 3175, Australia",-38.0216527,145.2210905,OK,"39-45 Nissan Dr, Dandenong South VIC 3175, Australia"
SRPVQLJ8,Bunnings Rockhampton Solar - QLD,QLD,0.2992,4701,Solar,10/12/2019,Unsuspended,0,,"Bunnings Rockhampton Solar - QLD, QLD, 4701, Australia",-23.3295532,150.5199217,OK,"540 Yaamba Rd, Norman Gardens QLD 4701, Australia"
SRPVQLJ9,Opal Carseldine- Solar - QLD,QLD,0.1488,4034,Solar,9/12/2019,Unsuspended,0,,"Opal Carseldine- Solar - QLD, QLD, 4034, Australia",-27.3461724,153.0138992,OK,"Carseldine QLD, Australia"
SRPVQLK0,Opal Calamvale Solar- QLD,QLD,0.1511,4116,Solar,9/12/2019,Unsuspended,0,,"Opal Calamvale Solar- QLD, QLD, 4116, Australia",-27.6235502,153.04836,OK,"Calamvale QLD 4116, Australia"
SRPVAC20,CISAC Bruce ACT - Solar,ACT,0.2494,2617,Solar,9/12/2019,Unsuspended,0,,"CISAC Bruce ACT - Solar, ACT, 2617, Australia",-35.2419678,149.0743683,OK,"100 Eastern Valley Way, Bruce ACT 2617, Australia"
SRPVNSN1,"ISPT March St, Richmond - Solar - NSW - SGU",NSW,0.2983,2753,Solar,9/12/2019,Unsuspended,0,,"ISPT March St, Richmond - Solar - NSW - SGU, NSW, 2753, Australia",-33.5989183,150.7513224,OK,"March St, Richmond NSW 2753, Australia"
SRPVQLK2,Denmac Darra - PV - Qld,QLD,0.815,4076,Solar,9/12/2019,Unsuspended,0,,"Denmac Darra - PV - Qld, QLD, 4076, Australia",-27.5612771,153.0347946,OK,"1/256 Musgrave Rd, Coopers Plains QLD 4108, Australia"
SRPVQLJ7,Meramist Caboolture - Solar w SGU - QLD,QLD,0.1996,4510,Solar,5/12/2019,Unsuspended,0,,"Meramist Caboolture - Solar w SGU - QLD, QLD, 4510, Australia",-27.0670512,152.9430046,OK,"58-76 Old Gympie Rd, Caboolture QLD 4510, Australia"
SRPVVCP7,"VICINITY Millers Road, Altona North - Solar - VIC",VIC,0.5585,3025,Solar,5/12/2019,Unsuspended,0,,"VICINITY Millers Road, Altona North - Solar - VIC, VIC, 3025, Australia",-37.8379018,144.8471774,OK,"Millers Rd, Altona North VIC 3025, Australia"
SRPVSAG7,St Pauls College - Solar w SGU - SA,SA,0.2186,5086,Solar,4/12/2019,Unsuspended,0,,"St Pauls College - Solar w SGU - SA, SA, 5086, Australia",-34.8459637,138.6546694,OK,"792 Grand Jct Rd, Gilles Plains SA 5086, Australia"
SRPVVCP3,Maryborough District Health Service Solar w SGU - VIC,VIC,0.2006,3465,Solar,3/12/2019,Unsuspended,0,,"Maryborough District Health Service Solar w SGU - VIC, VIC, 3465, Australia",-37.0458583,143.737542,OK,"75/87 Clarendon St, Maryborough VIC 3465, Australia"
SRPVVCN4,Altona Salt Reduction Plant - Solar w SGU - VIC,VIC,0.1773,3018,Solar,2/12/2019,Unsuspended,0,,"Altona Salt Reduction Plant - Solar w SGU - VIC, VIC, 3018, Australia",-37.8645245,144.8309509,OK,"Altona VIC 3018, Australia"
WD00VC36,Portland Wind Turbine - VIC,VIC,0.8,3305,Wind,2/12/2019,Unsuspended,0,,"Portland Wind Turbine - VIC, VIC, 3305, Australia",-38.3644104,141.6251525,OK,"Portland West VIC 3305, Australia"
SRPVSAF4,Baiada Poultry - Solar - SA,SA,0.8173,5118,Solar,2/12/2019,Unsuspended,0,,"Baiada Poultry - Solar - SA, SA, 5118, Australia",-34.5948934,138.7345749,OK,"34 Kellys Rd, Willaston SA 5118, Australia"
BEBGSA07,Seaford Heights - LFG and Solar - SA,SA,3.9762,5171,Biomass,2/12/2019,Unsuspended,0,,"Seaford Heights - LFG and Solar - SA, SA, 5171, Australia",-35.1932154,138.4949854,OK,"Seaford Heights SA 5169, Australia"
SRPVNSM9,Limondale Sun Farm 1 - Solar - NSW,NSW,306.0205,2715,Solar,2/12/2019,Unsuspended,0,,"Limondale Sun Farm 1 - Solar - NSW, NSW, 2715, Australia",-34.7705042,143.5128948,OK,"3757 Yanga Way, Balranald NSW 2715, Australia"
SRPVQLJ4,Mater Townsville 452kW - Solar - QLD,QLD,0.4521,4812,Solar,29/11/2019,Unsuspended,0,,"Mater Townsville 452kW - Solar - QLD, QLD, 4812, Australia",-19.288816,146.7877481,OK,"21/37 Fulham Rd, Rosslea QLD 4812, Australia"
SRPVQLK3,Sheldon College- Solar w SGU-QLD,QLD,0.6784,4157,Solar,29/11/2019,Unsuspended,0,,"Sheldon College- Solar w SGU-QLD, QLD, 4157, Australia",-27.5702028,153.2323541,OK,"43-77 Taylor Rd, Sheldon QLD 4157, Australia"
SRPVWAA6,Granny Smith Mine 1 - Solar - WA,WA,7.7184,6440,Solar,29/11/2019,Unsuspended,0,,"Granny Smith Mine 1 - Solar - WA, WA, 6440, Australia",-28.809485,122.4127493,OK,"Laverton WA 6440, Australia"
SRPVQLJ6,SteelRod - Solar - QLD,QLD,0.19,4504,Solar,28/11/2019,Unsuspended,0,,"SteelRod - Solar - QLD, QLD, 4504, Australia",-27.1966816,152.9855354,OK,"3/7 Sodium St, Narangba QLD 4504, Australia"
SRPVAC19,"ISPT Hibberson St, Gungahlin - Solar - ACT",ACT,0.2999,2912,Solar,28/11/2019,Unsuspended,0,,"ISPT Hibberson St, Gungahlin - Solar - ACT, ACT, 2912, Australia",-35.1850457,149.1319149,OK,"Hibberson St, Gungahlin ACT 2912, Australia"
SRPVVCP6,Gilmac - Goornong - Solar - Victoria,VIC,0.4666,3557,Solar,28/11/2019,Unsuspended,0,,"Gilmac - Goornong - Solar - Victoria, VIC, 3557, Australia",-36.61049980000001,144.5211776,OK,"15 Comer Ln, Goornong VIC 3557, Australia"
SRPVVCP0,Kito PWB - Solar - Vic,VIC,0.2864,3083,Solar,27/11/2019,Unsuspended,0,,"Kito PWB - Solar - Vic, VIC, 3083, Australia",-37.7015463,145.0720532,OK,"441 Grimshaw St, Bundoora VIC 3083, Australia"
SRPVVCQ0,Kagome_01 - Solar - Vic,VIC,0.2396,3564,Solar,26/11/2019,Suspended,0,,"Kagome_01 - Solar - Vic, VIC, 3564, Australia",-36.1149809,144.6314321,OK,"Bamawm Extension VIC 3564, Australia"
SRPVNSN5,Tweed Heads Bowls Club - Solar w SGU - NSW,NSW,0.425,2485,Solar,26/11/2019,Unsuspended,0,,"Tweed Heads Bowls Club - Solar w SGU - NSW, NSW, 2485, Australia",-28.1767837,153.5427144,OK,"Cnr Wharf &, Florence St, Tweed Heads NSW 2485, Australia"
SRPVVCP5,"ISPT Sydney Rd, Brunswick - Solar w SGU - VIC",VIC,0.4996,3056,Solar,26/11/2019,Unsuspended,0,,"ISPT Sydney Rd, Brunswick - Solar w SGU - VIC, VIC, 3056, Australia",-37.7665023,144.9622236,OK,"Sydney Rd, Brunswick VIC 3056, Australia"
SRPVQLJ5,Maryrorough - solar - QLD,QLD,34.5477,4356,Solar,26/11/2019,Unsuspended,0,,"Maryrorough - solar - QLD, QLD, 4356, Australia",-27.6233205,151.5603244,OK,"North Branch QLD 4356, Australia"
SRPVVCO7,Opal Ringwood - Solar - VIC,VIC,0.1742,3134,Solar,25/11/2019,Unsuspended,0,,"Opal Ringwood - Solar - VIC, VIC, 3134, Australia",-37.8019674,145.2492927,OK,"The Community Doctor, 366 Maroondah Hwy, Ringwood VIC 3134, Australia"
SRPVNSN0,Mirvac Energy - ATP B1 - Solar - NSW,NSW,0.281,2015,Solar,25/11/2019,Suspended,0,,"Mirvac Energy - ATP B1 - Solar - NSW, NSW, 2015, Australia",-33.86255,151.207935,OK,"Level 28/200 George St, Sydney NSW 2000, Australia"
SRPVVCP1,Girgarre Solar Project - Solar - VIC,VIC,8.2992,3624,Solar,25/11/2019,Unsuspended,0,,"Girgarre Solar Project - Solar - VIC, VIC, 3624, Australia",-36.4031385,144.9501708,OK,"Girgarre VIC 3624, Australia"
SRPVVCP2,Stanhope Solar Project - Solar - VIC,VIC,8.2992,3623,Solar,25/11/2019,Unsuspended,0,,"Stanhope Solar Project - Solar - VIC, VIC, 3623, Australia",-36.4481015,144.9822237,OK,"Stanhope VIC 3623, Australia"
SRPVSAF8,SA Power Networks Depot Marlelston - Solar - SA,SA,0.2108,5033,Solar,22/11/2019,Unsuspended,0,,"SA Power Networks Depot Marlelston - Solar - SA, SA, 5033, Australia",-34.8477751,138.673679,OK,"Unit 46/52 Jacobsen Cres, Holden Hill SA 5088, Australia"
SRPVWAA2,Coca-Cola Amatil Pty Ltd - Solar - WA,WA,0.6925,6105,Solar,22/11/2019,Unsuspended,0,,"Coca-Cola Amatil Pty Ltd - Solar - WA, WA, 6105, Australia",-31.9890697,115.9801466,OK,"7 Wharton Rd, Kewdale WA 6105, Australia"
SRPVVCO2,Barwon Water - Wurdee Boluc solar farm - VIC,VIC,0.3022,3241,Solar,21/11/2019,Unsuspended,0,,"Barwon Water - Wurdee Boluc solar farm - VIC, VIC, 3241, Australia",-38.260588,143.9541563,OK,"Bambra VIC 3241, Australia"
SRPVNSN4,Summerhill Solar Farm - Solar - NSW,NSW,5.011,2287,Solar,21/11/2019,Unsuspended,0,,"Summerhill Solar Farm - Solar - NSW, NSW, 2287, Australia",-32.8901427,151.6297075,OK,"Summerhill Trl, New South Wales 2287, Australia"
SRPVWAA7,Harvey - Solar wSGU - WA,WA,0.1895,6220,Solar,20/11/2019,Unsuspended,0,,"Harvey - Solar wSGU - WA, WA, 6220, Australia",-33.0822228,115.9058669,OK,"Harvey WA 6220, Australia"
SRPVSAF5,Safecorp Group Ltd - Solar - SA,SA,0.2244,5094,Solar,20/11/2019,Unsuspended,0,,"Safecorp Group Ltd - Solar - SA, SA, 5094, Australia",-30.0002315,136.2091547,OK,"South Australia, Australia"
SRPVSAF7,The Parks Recreation & Sports Centre- Solar- SA,SA,0.2308,5010,Solar,20/11/2019,Unsuspended,0,,"The Parks Recreation & Sports Centre- Solar- SA, SA, 5010, Australia",-34.858406,138.5586853,OK,"Cowan St, Angle Park SA 5010, Australia"
SRPVVCO8,Maroondah City Council Solar PV Vic,VIC,0.231,3136,Solar,20/11/2019,Unsuspended,0,,"Maroondah City Council Solar PV Vic, VIC, 3136, Australia",-37.7983502,145.2811778,OK,"Croydon South VIC 3136, Australia"
SRPVVCP8,Armstrong Flooring - Solar - VIC,VIC,0.301,3195,Solar,20/11/2019,Unsuspended,0,,"Armstrong Flooring - Solar - VIC, VIC, 3195, Australia",-37.9937789,145.1123671,OK,"29-39 Mills Rd, Braeside VIC 3195, Australia"
SRPVQLJ0,Opal Browns Plains - Solar - QLD,QLD,0.1997,4118,Solar,19/11/2019,Unsuspended,0,,"Opal Browns Plains - Solar - QLD, QLD, 4118, Australia",-27.6624358,153.0527734,OK,"Browns Plains QLD 4118, Australia"
SRPVVCO9,"ISPT Mitchell St, Bendigo - Solar - VIC",VIC,0.5999,3550,Solar,19/11/2019,Unsuspended,0,,"ISPT Mitchell St, Bendigo - Solar - VIC, VIC, 3550, Australia",-36.7635752,144.2828047,OK,"Mitchell St, Bendigo VIC 3550, Australia"
SRPVQLJ3,Yarranlea solar QLD,QLD,133.769,4356,Solar,19/11/2019,Unsuspended,0,,"Yarranlea solar QLD, QLD, 4356, Australia",-27.7240394,151.5311005,OK,"Yarranlea QLD 4356, Australia"
SRPVQLJ2,Eagle Farm Solar - QLD,QLD,0.1512,4009,Solar,15/11/2019,Unsuspended,0,,"Eagle Farm Solar - QLD, QLD, 4009, Australia",-27.4330179,153.0829858,OK,"Eagle Farm QLD 4009, Australia"
SRPVQLI9,NEM Group Idalia  - Solar w SGU  - QLD,QLD,0.1924,4811,Solar,15/11/2019,Unsuspended,0,,"NEM Group Idalia  - Solar w SGU  - QLD, QLD, 4811, Australia",-19.3416996,146.8377532,OK,"5 McHugh Ct, Stuart QLD 4811, Australia"
SRPVVCO0,Wodonga Institute of Tafe - Solar w SGU  - VIC,VIC,0.4774,3690,Solar,15/11/2019,Unsuspended,0,,"Wodonga Institute of Tafe - Solar w SGU  - VIC, VIC, 3690, Australia",-36.1118041,146.8423556,OK,"Wodonga VIC 3690, Australia"
SRPVWAA5,Rhinland Cold Storage - Solar - WA,WA,0.1657,6054,Solar,13/11/2019,Unsuspended,0,,"Rhinland Cold Storage - Solar - WA, WA, 6054, Australia",-31.9025046,115.930789,OK,"8 Hanwell Way, Bassendean WA 6054, Australia"
SRPVNSM5,Akubra Hats Kempsey Solar - NSW,NSW,0.2006,2440,Solar,13/11/2019,Unsuspended,0,,"Akubra Hats Kempsey Solar - NSW, NSW, 2440, Australia",-31.0984794,152.8221794,OK,"81/87 South St, South Kempsey NSW 2440, Australia"
SRPVVCO1,Phillip Island Visitor Centre Solar - VIC,VIC,0.2065,3922,Solar,13/11/2019,Unsuspended,0,,"Phillip Island Visitor Centre Solar - VIC, VIC, 3922, Australia",-38.5147214,145.3495727,OK,"895 Phillip Island Tourist Road, Newhaven Tourist Information Centre, 895 Phillip Island Rd, Newhaven VIC 3925, Australia"
SRPVWA70,Coastal Lakes College - Solar - WA,WA,0.4918,6180,Solar,13/11/2019,Unsuspended,0,,"Coastal Lakes College - Solar - WA, WA, 6180, Australia",-32.468184,115.7624168,OK,"135 Badgerup Ave, Lakelands WA 6180, Australia"
SRPVNSM6,The King's School - Solar w SGU- NSW,NSW,0.1577,2151,Solar,12/11/2019,Unsuspended,0,,"The King's School - Solar w SGU- NSW, NSW, 2151, Australia",-33.7862471,151.0253688,OK,"87-129 Pennant Hills Rd, North Parramatta NSW 2151, Australia"
SRPVVCO4,Country Pride Eggs Solar - VIC,VIC,0.264,3977,Solar,12/11/2019,Unsuspended,0,,"Country Pride Eggs Solar - VIC, VIC, 3977, Australia",-38.1347885,145.2811778,OK,"Cranbourne East VIC 3977, Australia"
SRPVWAA4,Total Food Distributor WA - Solar,WA,0.3001,6163,Solar,12/11/2019,Unsuspended,0,,"Total Food Distributor WA - Solar, WA, 6163, Australia",-32.1089518,115.8208897,OK,"71 Cocos Dr, Bibra Lake WA 6163, Australia"
SRPVVCN9,MERBEIN MUSHROOMS PTY LTD (Farm)- Solar SGU Upgrade- VIC,VIC,0.3602,3505,Solar,12/11/2019,Unsuspended,0,,"MERBEIN MUSHROOMS PTY LTD (Farm)- Solar SGU Upgrade- VIC, VIC, 3505, Australia",-34.2154213,142.02539,OK,"1210 Sturt Hwy, Merbein South VIC 3505, Australia"
SRPVNSM8,Westpac Concord - Solar - NSW,NSW,1.0332,2138,Solar,12/11/2019,Unsuspended,0,,"Westpac Concord - Solar - NSW, NSW, 2138, Australia",-33.8462611,151.0908086,OK,"Rhodes NSW 2138, Australia"
SRPVVCO3,Aldi Dandenong DC - Solar - VIC,VIC,1.4997,3175,Solar,12/11/2019,Unsuspended,0,,"Aldi Dandenong DC - Solar - VIC, VIC, 3175, Australia",-38.0352854,145.2208022,OK,"85 Produce Dr, Dandenong South VIC 3175, Australia"
SRPVSAF3,Electrolux Home Products Pty Limited - Solar w SGU - SA,SA,2.6003,5008,Solar,12/11/2019,Unsuspended,0,,"Electrolux Home Products Pty Limited - Solar w SGU - SA, SA, 5008, Australia",-30.0002315,136.2091547,OK,"South Australia, Australia"
SRPVVCJ8,Confoil Bayswater - Solar - VIC,VIC,0.5005,3153,Solar,8/11/2019,Unsuspended,0,,"Confoil Bayswater - Solar - VIC, VIC, 3153, Australia",-37.8420143,145.2461853,OK,"491 Mountain Hwy, Bayswater VIC 3153, Australia"
SRPVNSM4,PFD Foodservices - Solar - NSW,NSW,0.7524,2190,Solar,8/11/2019,Unsuspended,0,,"PFD Foodservices - Solar - NSW, NSW, 2190, Australia",-33.8929571,151.0414686,OK,"15/19 Muir Rd, Chullora NSW 2190, Australia"
SRPVWAA3,Livingston Marketplace - Solar - WA,WA,1.0047,6155,Solar,8/11/2019,Unsuspended,0,,"Livingston Marketplace - Solar - WA, WA, 6155, Australia",-32.0855473,115.9171886,OK,"Nicholson Rd, Canning Vale WA 6155, Australia"
SRPVQLI8,Symbion Acacia Ridge - Solar - QLD,QLD,0.2697,4110,Solar,7/11/2019,Unsuspended,0,,"Symbion Acacia Ridge - Solar - QLD, QLD, 4110, Australia",-27.5764392,153.0361901,OK,"51 Peterkin St, Acacia Ridge QLD 4110, Australia"
SRPVQLJ1,Bunnings Nerang Solar - QLD,QLD,0.22,4211,Solar,6/11/2019,Unsuspended,0,,"Bunnings Nerang Solar - QLD, QLD, 4211, Australia",-28.0074897,153.3395395,OK,"Pappas Way &, Mortensen Rd, Nerang QLD 4211, Australia"
SRPVNSM7,Nevertire Solar Farm - Solar - NSW,NSW,131.8473,2826,Solar,6/11/2019,Unsuspended,0,,"Nevertire Solar Farm - Solar - NSW, NSW, 2826, Australia",-31.8298168,147.7076416,OK,"Mitchell Hwy, Nevertire NSW 2826, Australia"
SRPVNSL9,Woolworths Young - Solar - NSW,NSW,0.1208,2594,Solar,4/11/2019,Unsuspended,0,,"Woolworths Young - Solar - NSW, NSW, 2594, Australia",-34.3111985,148.2914916,OK,"68 Boorowa St, Young NSW 2594, Australia"
SRPVNSM2,Austruss - Solar - NSW,NSW,0.1502,2575,Solar,4/11/2019,Unsuspended,0,,"Austruss - Solar - NSW, NSW, 2575, Australia",-34.4277551,150.4777524,OK,"7 Braemar Ave, Braemar NSW 2575, Australia"
SRPVSAF1,Redmud Green Energy 68 - Solar - SA,SA,0.2268,5652,Solar,4/11/2019,Unsuspended,0,,"Redmud Green Energy 68 - Solar - SA, SA, 5652, Australia",-34.1812186,140.7840005,OK,"Lot 41 Sturt Hwy, Paringa SA 5340, Australia"
SRPVQLI5,Woolworths Chermside Marketplace - Solar - QLD,QLD,0.2677,4032,Solar,4/11/2019,Unsuspended,0,,"Woolworths Chermside Marketplace - Solar - QLD, QLD, 4032, Australia",-27.3755912,153.0244445,OK,"725 Webster Rd, Chermside QLD 4032, Australia"
SRPVVCN7,Barker Trailers - Solar w SGU - VIC,VIC,0.3202,3442,Solar,4/11/2019,Unsuspended,0,,"Barker Trailers - Solar w SGU - VIC, VIC, 3442, Australia",-37.32418699999999,144.540602,OK,"144 Clancys Ln, Woodend VIC 3442, Australia"
SRPVQLI7,Stockland Gladstone - Solar - QLD,QLD,0.7839,4680,Solar,4/11/2019,Unsuspended,0,,"Stockland Gladstone - Solar - QLD, QLD, 4680, Australia",-23.8693771,151.2397528,OK,"Stockland Gladstone, 75 Dawson Hwy, West Gladstone QLD 4680, Australia"
SRPVVCO5,Bidfood Dandenong South - Solar - Vic,VIC,0.2128,3175,Solar,2/11/2019,Unsuspended,0,,"Bidfood Dandenong South - Solar - Vic, VIC, 3175, Australia",-38.0077018,145.211029,OK,"30 Rodeo Dr, Dandenong South VIC 3175, Australia"
SRPVVCO6,Bidfood Truganina - Solar - Vic,VIC,0.2701,3029,Solar,2/11/2019,Unsuspended,0,,"Bidfood Truganina - Solar - Vic, VIC, 3029, Australia",-37.8176896,144.7447426,OK,"24-26 Permas Way, Truganina VIC 3029, Australia"
SRPVNSM3,Complete Office Supplies - Solar - NSW,NSW,0.27,2141,Solar,1/11/2019,Unsuspended,0,,"Complete Office Supplies - Solar - NSW, NSW, 2141, Australia",-33.8719405,151.0413133,OK,"Rookwood NSW 2141, Australia"
SRPVQLI4,Bunnings Burleigh Waters Solar - QLD,QLD,0.6292,4220,Solar,1/11/2019,Unsuspended,0,,"Bunnings Burleigh Waters Solar - QLD, QLD, 4220, Australia",-28.1001617,153.427058,OK,"Bermuda Street &, Reedy Creek Rd, Burleigh Waters QLD 4220, Australia"
SRPVVCN8,Frewstall - Solar w SGU - VIC,VIC,0.7004,3380,Solar,1/11/2019,Unsuspended,0,,"Frewstall - Solar w SGU - VIC, VIC, 3380, Australia",-37.05177690000001,142.7777088,OK,"Stawell West VIC 3380, Australia"
SRPVVCN6,D'orsogna Mickleham Solar - VIC,VIC,1.0419,3064,Solar,1/11/2019,Unsuspended,0,,"D'orsogna Mickleham Solar - VIC, VIC, 3064, Australia",-37.53239440000001,144.94104,OK,"12 Polaris Rd, Mickleham VIC 3064, Australia"
SRPVQLI6,Lendlease Sunshine Plaza - Solar - QLD,QLD,1.0569,4558,Solar,1/11/2019,Unsuspended,0,,"Lendlease Sunshine Plaza - Solar - QLD, QLD, 4558, Australia",-26.6569042,153.085544,OK,"Plaza Parade, Maroochydore QLD 4558, Australia"
SRPVSAF2,Visy Board Gepps Cross - Solar - SA,SA,1.9206,5094,Solar,31/10/2019,Unsuspended,0,,"Visy Board Gepps Cross - Solar - SA, SA, 5094, Australia",-34.8408342,138.5979306,OK,"24-26 White Rd, Gepps Cross SA 5094, Australia"
SRPVWAA1,SPL - Solar with SGU - WA,WA,0.2497,6109,Solar,30/10/2019,Unsuspended,0,,"SPL - Solar with SGU - WA, WA, 6109, Australia",-32.0440832,116.0118335,OK,"Maddington WA 6109, Australia"
SRPVVCN5,Joyce Foam Laverton North - Solar -VIC,VIC,0.1599,3026,Solar,29/10/2019,Unsuspended,0,,"Joyce Foam Laverton North - Solar -VIC, VIC, 3026, Australia",-37.8176501,144.7934479,OK,"12-18 Oxford Rd, Laverton North VIC 3026, Australia"
SRPVNSM0,"ISPT Avoca Drive, Kincumber - Solar - NSW",NSW,0.1702,2251,Solar,29/10/2019,Unsuspended,0,,"ISPT Avoca Drive, Kincumber - Solar - NSW, NSW, 2251, Australia",-33.4692359,151.3925465,OK,"Avoca Dr, Kincumber NSW 2251, Australia"
SRPVWAA0,Bunnings Wangara Solar - WA,WA,0.2402,6065,Solar,29/10/2019,Unsuspended,0,,"Bunnings Wangara Solar - WA, WA, 6065, Australia",-31.8037052,115.8365101,OK,"200 Hartman Dr, Landsdale WA 6065, Australia"
SRPVVCN3,Department of Justice and Community Safety Karreenga Prison - Solar - VIC,VIC,0.2738,3212,Solar,24/10/2019,Unsuspended,0,,"Department of Justice and Community Safety Karreenga Prison - Solar - VIC, VIC, 3212, Australia",-38.0110859,144.4561033,OK,"Point Wilson VIC 3212, Australia"
SRPVQLH8,BTP 7 Clunies - Eight Mile Plains - Solar - QLD,QLD,0.2122,4113,Solar,23/10/2019,Unsuspended,0,,"BTP 7 Clunies - Eight Mile Plains - Solar - QLD, QLD, 4113, Australia",-27.5773786,153.0944857,OK,"1 Clunies Ross Court, Eight Mile Plains QLD 4113, Australia"
SRPVQLI2,Bunnings Arundel Solar - QLD,QLD,0.27,4214,Solar,23/10/2019,Unsuspended,0,,"Bunnings Arundel Solar - QLD, QLD, 4214, Australia",-27.9336361,153.3788048,OK,"292 Brisbane Rd, Arundel QLD 4214, Australia"
SRPVQLI3,CleanPeak Energy - Bribie Island - Solar - QLD,QLD,0.6124,4507,Solar,23/10/2019,Unsuspended,0,,"CleanPeak Energy - Bribie Island - Solar - QLD, QLD, 4507, Australia",-26.9861003,153.1325243,OK,"Bribie Island, Queensland 4507, Australia"
SRPVNSM1,Lake Macquarie Fair - Solar - NSW,NSW,0.2508,2290,Solar,22/10/2019,Unsuspended,0,,"Lake Macquarie Fair - Solar - NSW, NSW, 2290, Australia",-32.984615,151.672558,OK,"46 Wilsons Rd, Mount Hutton NSW 2290, Australia"
SRPVWA97,Coogee Chemicals Lot 2 - Solar - WA,WA,0.2439,6167,Solar,21/10/2019,Unsuspended,0,,"Coogee Chemicals Lot 2 - Solar - WA, WA, 6167, Australia",-32.244563,115.7733027,OK,"Cnr Patterson Rd &, Kwinana Beach Rd, Kwinana Beach WA 6167, Australia"
SRPVWA96,Coogee Chemicals Lot 506 - Solar w SGU - WA,WA,0.2678,6167,Solar,21/10/2019,Unsuspended,0,,"Coogee Chemicals Lot 506 - Solar w SGU - WA, WA, 6167, Australia",-32.244563,115.7733027,OK,"Cnr Patterson Rd &, Kwinana Beach Rd, Kwinana Beach WA 6167, Australia"
SRPVQLH9,Coomera Anglican College Upper Coomera wSGU Solar - QLD,QLD,0.2125,4209,Solar,18/10/2019,Unsuspended,0,,"Coomera Anglican College Upper Coomera wSGU Solar - QLD, QLD, 4209, Australia",-27.8578702,153.3050707,OK,"8 Days Rd, Upper Coomera QLD 4209, Australia"
SRPVQLI0,CCA Richlands - Solar - QLD,QLD,1.1161,4077,Solar,18/10/2019,Unsuspended,0,,"CCA Richlands - Solar - QLD, QLD, 4077, Australia",-27.5873137,152.9504558,OK,"260 Orchard Rd, Richlands QLD 4077, Australia"
SRPVNSL8,Sunraysia Solar Farm - NSW,NSW,255.3855,2715,Solar,18/10/2019,Unsuspended,0,,"Sunraysia Solar Farm - NSW, NSW, 2715, Australia",-34.8215156,143.5087952,OK,"Cnr Yanga Way and, The Cut Line, Balranald NSW 2715, Australia"
SRPVWA99,Novaplas Group - Solar - WA,WA,0.1997,6155,Solar,17/10/2019,Unsuspended,0,,"Novaplas Group - Solar - WA, WA, 6155, Australia",-32.0619964,115.9005203,OK,"17 Catalano Rd, Canning Vale WA 6155, Australia"
SRPVQLI1,Aldi Stapylton DC - Solar - QLD,QLD,1.6983,4207,Solar,17/10/2019,Unsuspended,0,,"Aldi Stapylton DC - Solar - QLD, QLD, 4207, Australia",-27.7497004,153.2408737,OK,"55 Burnside Rd, Stapylton QLD 4207, Australia"
SRPVVCN2,"Basfoods Victoria St, Brunswick - Solar - VIC",VIC,0.203,3056,Solar,14/10/2019,Unsuspended,0,,"Basfoods Victoria St, Brunswick - Solar - VIC, VIC, 3056, Australia",-37.76569500000001,144.953136,OK,"423 Victoria St, Brunswick VIC 3056, Australia"
SRPVSAF0,Redmud Green Energy 73 - Solar - SA,SA,0.2268,5342,Solar,14/10/2019,Unsuspended,0,,"Redmud Green Energy 73 - Solar - SA, SA, 5342, Australia",-34.1812186,140.7840005,OK,"Lot 41 Sturt Hwy, Paringa SA 5340, Australia"
SRPVSAE9,Mannum Solar Farm - Solar - SA,SA,6.8607,5238,Solar,14/10/2019,Unsuspended,0,,"Mannum Solar Farm - Solar - SA, SA, 5238, Australia",-34.9142676,139.2681272,OK,"Mannum SA 5238, Australia"
SRPVSAE6,Robern Menz Glynde - Solar w SGU - SA,SA,0.2107,5070,Solar,11/10/2019,Unsuspended,0,,"Robern Menz Glynde - Solar w SGU - SA, SA, 5070, Australia",-34.89756910000001,138.6513888,OK,"Glynde SA 5070, Australia"
SRPVSAE8,UniSA Mawson Lakes Campus - Solar - SA,SA,1.5954,5095,Solar,11/10/2019,Unsuspended,0,,"UniSA Mawson Lakes Campus - Solar - SA, SA, 5095, Australia",-34.8098093,138.6200228,OK,"Mawson Lakes Blvd, Mawson Lakes SA 5095, Australia"
SRPVQLH6,Woolworths Gympie Southside - Solar - QLD,QLD,0.2156,4570,Solar,10/10/2019,Unsuspended,0,,"Woolworths Gympie Southside - Solar - QLD, QLD, 4570, Australia",-26.199452,152.650059,OK,"3 Woolgar Rd, Gympie QLD 4570, Australia"
SRPVQLH7,Lockyer Valley Council - Gatton Showgrounds - Solar PV - QLD,QLD,0.2002,4343,Solar,9/10/2019,Unsuspended,0,,"Lockyer Valley Council - Gatton Showgrounds - Solar PV - QLD, QLD, 4343, Australia",-27.5600102,152.2824559,OK,"Gatton QLD 4343, Australia"
SRPVWA98,Homeworld - Solar - WA,WA,0.3008,6163,Solar,8/10/2019,Unsuspended,0,,"Homeworld - Solar - WA, WA, 6163, Australia",-32.0636143,115.7958563,OK,"378 South St, O'Connor WA 6163, Australia"
SRPVSAE5,The ARC Campbelltown - Solar - SA,SA,0.174,5074,Solar,7/10/2019,Unsuspended,0,,"The ARC Campbelltown - Solar - SA, SA, 5074, Australia",-34.8846676,138.6576538,OK,"531 Lower North East Rd, Campbelltown SA 5074, Australia"
SRPVNSL7,Bomaderry Bowling - Solar - NSW,NSW,0.1999,2541,Solar,6/10/2019,Unsuspended,0,,"Bomaderry Bowling - Solar - NSW, NSW, 2541, Australia",-34.8427191,150.5943631,OK,"Bomaderry NSW 2541, Australia"
SRPVVCN1,MERBEIN MUSHROOMS PTY LTD- Solar w SGU - VIC,VIC,0.2453,3505,Solar,4/10/2019,Unsuspended,0,,"MERBEIN MUSHROOMS PTY LTD- Solar w SGU - VIC, VIC, 3505, Australia",-34.2154213,142.02539,OK,"1210 Sturt Hwy, Merbein South VIC 3505, Australia"
SRPVNSL6,"ISPT John St, Warners Bay - Solar - NSW",NSW,0.1504,2282,Solar,2/10/2019,Unsuspended,0,,"ISPT John St, Warners Bay - Solar - NSW, NSW, 2282, Australia",-32.9731985,151.6449713,OK,"John St, Warners Bay NSW 2282, Australia"
SRPVSAE4,Sims Gillman - Solar - SA,SA,0.4163,5013,Solar,2/10/2019,Unsuspended,0,,"Sims Gillman - Solar - SA, SA, 5013, Australia",-34.84037,138.5274611,OK,"Gillman SA 5013, Australia"
SRPVNSL5,Hay Private Irrigation - Solar w SGU - NSW,NSW,0.2022,2711,Solar,1/10/2019,Unsuspended,0,,"Hay Private Irrigation - Solar w SGU - NSW, NSW, 2711, Australia",-34.5042009,144.8444508,OK,"Hay NSW 2711, Australia"
SRPVQLH5,Jet Direct Acacia Ridge - Solar w SGU - QLD,QLD,0.2301,4110,Solar,26/09/2019,Unsuspended,0,,"Jet Direct Acacia Ridge - Solar w SGU - QLD, QLD, 4110, Australia",-27.5914419,153.03585,OK,"14 Murdoch Cct, Acacia Ridge QLD 4110, Australia"
SRPVSAE2,VALLS STYRENE BERRI - Solar - SA w SGU,SA,0.1992,5343,Solar,25/09/2019,Unsuspended,0,,"VALLS STYRENE BERRI - Solar - SA w SGU, SA, 5343, Australia",-34.2764396,140.5789794,OK,"Jury Rd, Berri SA 5343, Australia"
SRPVQLG9,TripleM Solar PV Qld,QLD,0.2034,4207,Solar,24/09/2019,Unsuspended,0,,"TripleM Solar PV Qld, QLD, 4207, Australia",-27.714841,153.1874958,OK,"Solar St, Beenleigh QLD 4207, Australia"
SRPVSAE3,UniSA City West Campus - Solar PV - SA,SA,0.2793,5000,Solar,24/09/2019,Unsuspended,0,,"UniSA City West Campus - Solar PV - SA, SA, 5000, Australia",-34.9229498,138.5911523,OK,"61-68 North Terrace, Adelaide SA 5000, Australia"
SRPVSAE7,Laser 3D - Solar - SA,SA,0.1753,5013,Solar,23/09/2019,Unsuspended,0,,"Laser 3D - Solar - SA, SA, 5013, Australia",-34.8423299,138.5965321,OK,"25 White Rd, Gepps Cross SA 5094, Australia"
SRPVSAE1,Redmud Green Energy 70 - Solar - SA,SA,0.2268,5341,Solar,20/09/2019,Unsuspended,0,,"Redmud Green Energy 70 - Solar - SA, SA, 5341, Australia",-34.1812186,140.7840005,OK,"Lot 41 Sturt Hwy, Paringa SA 5340, Australia"
SRPVSAD9,Allity - Charles Young Solar - SA,SA,0.1902,5043,Solar,18/09/2019,Unsuspended,0,,"Allity - Charles Young Solar - SA, SA, 5043, Australia",-34.9836914,138.5456102,OK,"53 Austral Terrace, Morphettville SA 5043, Australia"
SRPVQLH3,Tangwood Berrinba - Solar w SGU - QLD,QLD,0.1975,4117,Solar,17/09/2019,Unsuspended,0,,"Tangwood Berrinba - Solar w SGU - QLD, QLD, 4117, Australia",-27.6431814,153.0795213,OK,"Karawatha QLD 4117, Australia"
SRPVNSL4,Sydney Parcel Facility - Solar  - NSW,NSW,2.106,2190,Solar,17/09/2019,Unsuspended,0,,"Sydney Parcel Facility - Solar  - NSW, NSW, 2190, Australia",-33.8919518,151.0535555,OK,"12 Hume Hwy, Chullora NSW 2190, Australia"
SRPVVCM8,Western Health Sunshine Hospital - Solar - VIC,VIC,0.3147,3021,Solar,16/09/2019,Unsuspended,0,,"Western Health Sunshine Hospital - Solar - VIC, VIC, 3021, Australia",-37.7588025,144.8157679,OK,"Majorca St, St Albans VIC 3021, Australia"
SRPVSAE0,Aldi Regency Park DC - Solar - SA,SA,0.65,5010,Solar,16/09/2019,Unsuspended,0,,"Aldi Regency Park DC - Solar - SA, SA, 5010, Australia",-34.8522366,138.5755767,OK,"84 Gallipoli Dr, Regency Park SA 5010, Australia"
SRPVQLH2,B&R Enclosures Solar PV QLD,QLD,0.7704,4110,Solar,16/09/2019,Unsuspended,0,,"B&R Enclosures Solar PV QLD, QLD, 4110, Australia",-27.639974,152.978497,OK,"51 Stradbroke St, Heathwood QLD 4110, Australia"
SRPVVCN0,Timberwood Panels - Solar - VIC w SGU,VIC,0.2794,3061,Solar,14/09/2019,Unsuspended,0,,"Timberwood Panels - Solar - VIC w SGU, VIC, 3061, Australia",-37.6558059,144.9452945,OK,"76-106 National Blvd, Campbellfield VIC 3061, Australia"
SRPVQLH1,Blue Wren Yatala Solar - QLD,QLD,0.2077,4207,Solar,13/09/2019,Unsuspended,0,,"Blue Wren Yatala Solar - QLD, QLD, 4207, Australia",-27.7092045,153.2198662,OK,"Wren St, Eagleby QLD 4207, Australia"
SRPVNSL3,Givaudan Smithfield Solar - NSW,NSW,0.2331,2164,Solar,12/09/2019,Unsuspended,0,,"Givaudan Smithfield Solar - NSW, NSW, 2164, Australia",-33.8438333,150.9446558,OK,"12 Britton St, Smithfield NSW 2164, Australia"
SRPVVCM9,Hussey & Co Somerville wSGU Solar - VIC,VIC,0.5014,3912,Solar,12/09/2019,Unsuspended,0,,"Hussey & Co Somerville wSGU Solar - VIC, VIC, 3912, Australia",-38.2244525,145.2453754,OK,"9 S Boundary Rd E, Somerville VIC 3912, Australia"
SRPVQLH0,The Francis of Assisi Home - Solar w SGU - Qld,QLD,0.1643,4740,Solar,11/09/2019,Unsuspended,0,,"The Francis of Assisi Home - Solar w SGU - Qld, QLD, 4740, Australia",-21.1547813,149.1637115,OK,"2 Dupuy St, West Mackay QLD 4740, Australia"
SRPVNSL2,RSM Casino Solar wSGU - NSW,NSW,0.434,2470,Solar,11/09/2019,Unsuspended,0,,"RSM Casino Solar wSGU - NSW, NSW, 2470, Australia",-28.8626804,153.0495126,OK,"162 Canterbury St, Casino NSW 2470, Australia"
WD00TA12,Cattle Hill Wind Farm - TAS,TAS,148.4,7030,Wind,4/09/2019,Unsuspended,0,,"Cattle Hill Wind Farm - TAS, TAS, 7030, Australia",-42.1600367,146.7347749,OK,"Waddamana TAS 7030, Australia"
SRPVSAD8,Redmud Green Energy 62 - Solar - SA,SA,0.2268,5321,Solar,3/09/2019,Unsuspended,0,,"Redmud Green Energy 62 - Solar - SA, SA, 5321, Australia",-34.1812186,140.7840005,OK,"Lot 41 Sturt Hwy, Paringa SA 5340, Australia"
SRPVQLE6,Chanel College West Gladstone Solar - QLD,QLD,0.3004,4680,Solar,3/09/2019,Unsuspended,0,,"Chanel College West Gladstone Solar - QLD, QLD, 4680, Australia",-23.86652,151.24297,OK,"11 Paterson St, West Gladstone QLD 4680, Australia"
SRPVQLG7,Immanuel Lutheran Secondary College - QLD - Solar,QLD,0.1916,4556,Solar,2/09/2019,Unsuspended,0,,"Immanuel Lutheran Secondary College - QLD - Solar, QLD, 4556, Australia",-26.6750442,153.0812763,OK,"126-142 Wises Rd, Buderim QLD 4556, Australia"
SRPVQLG8,Australian Institute of Marine Science - Solar - QLD,QLD,1.0443,4810,Solar,2/09/2019,Unsuspended,0,,"Australian Institute of Marine Science - Solar - QLD, QLD, 4810, Australia",-19.2678413,147.0555877,OK,"PMB No.3, Townsville MC, Townsville QLD 4810, Australia"
WD00QL04,Coopers Gap Wind Farm - Wind - QLD,QLD,452.89,4610,Wind,2/09/2019,Unsuspended,0,,"Coopers Gap Wind Farm - Wind - QLD, QLD, 4610, Australia",-26.732897,151.4721505,OK,"964 Niagara Rd, Boyneside QLD 4610, Australia"
WD00VC35,Elaine Wind Farm - VIC,VIC,83.6,3334,Wind,30/08/2019,Unsuspended,0,,"Elaine Wind Farm - VIC, VIC, 3334, Australia",-37.7329368,144.0115664,OK,"Unnamed Road, Elaine VIC 3334, Australia"
SRPVQLG3,CleanPeak Energy - Currimundi Markets - Solar - QLD,QLD,0.3744,4551,Solar,29/08/2019,Unsuspended,0,,"CleanPeak Energy - Currimundi Markets - Solar - QLD, QLD, 4551, Australia",-26.7727666,153.1225937,OK,"Nicklin Way &, Bellara Dr, Currimundi QLD 4551, Australia"
SRPVNSK9,DFO Homebush - Solar - NSW,NSW,1.1719,2140,Solar,29/08/2019,Unsuspended,0,,"DFO Homebush - Solar - NSW, NSW, 2140, Australia",-33.8554529,151.0768819,OK,"3-5 Underwood Rd, Homebush NSW 2140, Australia"
SRPVQLG6,DFO Cairns Solar Qld,QLD,1.3028,4870,Solar,29/08/2019,Unsuspended,0,,"DFO Cairns Solar Qld, QLD, 4870, Australia",-16.9332914,145.7528473,OK,"274 Mulgrave Rd, Westcourt QLD 4870, Australia"
SRPVNSL1,Limondale Sun Farm 2 - Solar - NSW,NSW,42.853,2715,Solar,29/08/2019,Unsuspended,0,,"Limondale Sun Farm 2 - Solar - NSW, NSW, 2715, Australia",-34.7705042,143.5128948,OK,"3757 Yanga Way, Balranald NSW 2715, Australia"
SRPVNSK8,Geelong Leather Culcairn Solar - NSW,NSW,0.1953,2660,Solar,27/08/2019,Unsuspended,0,,"Geelong Leather Culcairn Solar - NSW, NSW, 2660, Australia",-35.6643247,146.9984657,OK,"116 Schnaars Rd, Culcairn NSW 2660, Australia"
SRPVQLG5,MARABOON TAVERN-SOLAR-QLD,QLD,0.138,4720,Solar,26/08/2019,Unsuspended,0,,"MARABOON TAVERN-SOLAR-QLD, QLD, 4720, Australia",-23.5162582,148.1571807,OK,"Corner Hospital Road &, Esmond St, Emerald QLD 4720, Australia"
SRPVWA95,Agnew Wind and Solar Project - WA,WA,21.8127,6437,Solar,25/08/2019,Unsuspended,0,This is a hybrid wind and solar power station. 17.85 MW is wind capacity and 3.96 is solar.,"Agnew Wind and Solar Project - WA, WA, 6437, Australia",-28.0704266,120.7120023,OK,"Western Australia 6437, Australia"
SRPVWA94,VICINITY - Ellenbrook Central - Solar - WA,WA,3.6643,6069,Solar,23/08/2019,Unsuspended,0,,"VICINITY - Ellenbrook Central - Solar - WA, WA, 6069, Australia",-31.7826824,115.9694296,OK,"11 Main St, Ellenbrook WA 6069, Australia"
SRPVVCM7,Glen Eira Sports and Aquatic Centre Bentleigh East wSGU VIC - Solar,VIC,0.2295,3165,Solar,22/08/2019,Unsuspended,0,,"Glen Eira Sports and Aquatic Centre Bentleigh East wSGU VIC - Solar, VIC, 3165, Australia",-37.9163795,145.0602931,OK,"200 E Boundary Rd, Bentleigh East VIC 3165, Australia"
SRPVNSL0,CHAH03 - GWA Prestons - Solar - NSW,NSW,0.2497,2170,Solar,21/08/2019,Unsuspended,0,,"CHAH03 - GWA Prestons - Solar - NSW, NSW, 2170, Australia",-33.94029640000001,150.8727346,OK,"1 Melito Court, Prestons NSW 2170, Australia"
SRPVNSK7,Dareton Solar Park- Solar - NSW,NSW,3.7325,2717,Solar,16/08/2019,Unsuspended,0,,"Dareton Solar Park- Solar - NSW, NSW, 2717, Australia",-34.0951406,142.0431677,OK,"Dareton NSW 2717, Australia"
WD00QL05,Kennedy Energy Park - Wind and Solar - QLD,QLD,62.5662,4821,Wind,16/08/2019,Unsuspended,0,Wind is the primary fuel source. The total capacity is comprised of: 43.2 MW wind and 19.3662 MW solar. ,"Kennedy Energy Park - Wind and Solar - QLD, QLD, 4821, Australia",-20.8464738,144.1997353,OK,"Dutton River QLD 4821, Australia"
SRPVVCM6,Bupa Ballarat Extension - Solar w SGU - VIC,VIC,0.2432,3356,Solar,14/08/2019,Unsuspended,0,,"Bupa Ballarat Extension - Solar w SGU - VIC, VIC, 3356, Australia",-37.59125,143.80907,OK,"305 Smythes Rd, Delacombe VIC 3356, Australia"
SRPVWA93,ZEUSAPPOLLO SOLAR T & C Do - Solar w SGU - WA,WA,0.1416,6041,Solar,13/08/2019,Unsuspended,0,,"ZEUSAPPOLLO SOLAR T & C Do - Solar w SGU - WA, WA, 6041, Australia",-27.6728168,121.6283098,OK,"Western Australia, Australia"
SRPVSAD5,Redmud Green Energy 55 - Solar - SA,SA,0.2188,5332,Solar,12/08/2019,Unsuspended,0,,"Redmud Green Energy 55 - Solar - SA, SA, 5332, Australia",-34.35170069999999,140.2862819,OK,"Yinkanie SA 5332, Australia"
SRPVSAD6,Redmud Green Energy 59 - Solar - SA,SA,0.252,5333,Solar,12/08/2019,Unsuspended,0,,"Redmud Green Energy 59 - Solar - SA, SA, 5333, Australia",-34.1812186,140.7840005,OK,"Lot 41 Sturt Hwy, Paringa SA 5340, Australia"
SRPVSAD7,Redmud Green Energy 60 - Solar - SA,SA,0.252,5333,Solar,12/08/2019,Unsuspended,0,,"Redmud Green Energy 60 - Solar - SA, SA, 5333, Australia",-34.1812186,140.7840005,OK,"Lot 41 Sturt Hwy, Paringa SA 5340, Australia"
SRPVVCM5,WALKERS SAWMILL SOLAR SYSTEM - VIC,VIC,0.2584,3707,Solar,8/08/2019,Unsuspended,0,,"WALKERS SAWMILL SOLAR SYSTEM - VIC, VIC, 3707, Australia",-36.4235816,147.9556845,OK,"Walkers Rd, Victoria 3707, Australia"
SRPVQLG1,Ashmore Depot - QLD - Solar,QLD,0.3154,4214,Solar,8/08/2019,Unsuspended,0,,"Ashmore Depot - QLD - Solar, QLD, 4214, Australia",-27.9823889,153.3912957,OK,"Unit 3A/2 Middleton St, Ashmore QLD 4214, Australia"
SRPVSAD4,Redmud Green Energy 65 - Solar - SA,SA,1.026,5550,Solar,8/08/2019,Unsuspended,0,,"Redmud Green Energy 65 - Solar - SA, SA, 5550, Australia",-34.1812186,140.7840005,OK,"Lot 41 Sturt Hwy, Paringa SA 5340, Australia"
SRPVQLG2,Nerang Administration Centre - QLD - Solar,QLD,0.2628,4211,Solar,7/08/2019,Unsuspended,0,,"Nerang Administration Centre - QLD - Solar, QLD, 4211, Australia",-27.9893655,153.3364827,OK,"Nerang QLD 4211, Australia"
SRPVNSK5,Elizabeth Macarthur Agricultural Institute Solar - NSW,NSW,0.5865,2568,Solar,7/08/2019,Unsuspended,0,,"Elizabeth Macarthur Agricultural Institute Solar - NSW, NSW, 2568, Australia",-34.1256291,150.7235532,OK,"Woodbridge Rd, Menangle NSW 2568, Australia"
SRPVNSK4,CleanPeak Energy - Tamworth Square - Solar - NSW,NSW,0.2574,2340,Solar,5/08/2019,Unsuspended,0,,"CleanPeak Energy - Tamworth Square - Solar - NSW, NSW, 2340, Australia",-31.0924859,150.9326059,OK,"432/452 Peel St, Tamworth NSW 2340, Australia"
SRPVNSK6,HunterDouglasLtd-Rydalmere - Solar - NSW,NSW,0.8004,2116,Solar,5/08/2019,Unsuspended,0,,"HunterDouglasLtd-Rydalmere - Solar - NSW, NSW, 2116, Australia",-33.8102475,151.0380784,OK,"338 Victoria Rd, Rydalmere NSW 2116, Australia"
SRPVNSK3,Australian National Maritime Museum Solar - NSW,NSW,0.2355,2009,Solar,2/08/2019,Unsuspended,0,,"Australian National Maritime Museum Solar - NSW, NSW, 2009, Australia",-33.8693567,151.1986328,OK,"2 Murray St, Sydney NSW 2000, Australia"
SRPVSAD3,SA Aquatic & Leisure Centre - Solar - SA,SA,0.512,5046,Solar,2/08/2019,Unsuspended,0,,"SA Aquatic & Leisure Centre - Solar - SA, SA, 5046, Australia",-35.01277779999999,138.5416667,OK,"443 Morphett Rd, Oaklands Park SA 5046, Australia"
SRPVVCM3,"VICINITY Victoria St, Richmond - Solar - VIC",VIC,0.6124,3121,Solar,2/08/2019,Unsuspended,0,,"VICINITY Victoria St, Richmond - Solar - VIC, VIC, 3121, Australia",-37.8108685,145.0036572,OK,"Victoria St, Burnley VIC 3121, Australia"
SRPVNSJ1,Finley Solar Farm - Solar - NSW,NSW,175.2911,2713,Solar,2/08/2019,Unsuspended,0,,"Finley Solar Farm - Solar - NSW, NSW, 2713, Australia",-35.64421,145.5086444,OK,"198 Canalla Rd, Finley NSW 2713, Australia"
SRPVVCM4,Della Rosa Campbellfield Solar - VIC,VIC,0.525,3061,Solar,1/08/2019,Unsuspended,0,,"Della Rosa Campbellfield Solar - VIC, VIC, 3061, Australia",-37.655494,144.949045,OK,"36-52 National Blvd, Campbellfield VIC 3061, Australia"
SRPVNSK1,KANOWNA SOLAR NSW,NSW,8.9856,2400,Solar,1/08/2019,Unsuspended,0,,"KANOWNA SOLAR NSW, NSW, 2400, Australia",-29.4528995,149.0057616,OK,"Kanowna, 9247 Gwydir Hwy, Bullarah NSW 2400, Australia"
SRPVVCM2,31 Beverage Drive - Solar w SGU - VIC,VIC,0.1466,3043,Solar,31/07/2019,Unsuspended,0,,"31 Beverage Drive - Solar w SGU - VIC, VIC, 3043, Australia",-37.7195402,144.8636026,OK,"31 Beverage Dr, Tullamarine VIC 3043, Australia"
SRPVSAD2,Redmud Green Energy 42 - Solar - SA,SA,0.2268,5342,Solar,29/07/2019,Unsuspended,0,,"Redmud Green Energy 42 - Solar - SA, SA, 5342, Australia",-25.274398,133.775136,OK,Australia
SRPVVCM0,"VICINITY Beach St, Frankston - Solar - VIC",VIC,1.5019,3199,Solar,29/07/2019,Unsuspended,0,,"VICINITY Beach St, Frankston - Solar - VIC, VIC, 3199, Australia",-38.1431177,145.1330091,OK,"Beach St, Frankston VIC 3199, Australia"
SRPVNSK2,St Ignatius College - Solar - NSW,NSW,0.16,2066,Solar,26/07/2019,Suspended,0,,"St Ignatius College - Solar - NSW, NSW, 2066, Australia",-33.824226,151.1568794,OK,"115 Tambourine Bay Rd, Riverview NSW 2066, Australia"
SRPVQLF7,Broadbeach Library Mermaid Waters Solar - QLD,QLD,0.1923,4218,Solar,26/07/2019,Unsuspended,0,,"Broadbeach Library Mermaid Waters Solar - QLD, QLD, 4218, Australia",-28.0358706,153.4239122,OK,"61 Sunshine Blvd, Mermaid Waters QLD 4218, Australia"
SRPVVCL8,Almax Bayswater North Solar - VIC,VIC,0.274,3153,Solar,26/07/2019,Unsuspended,0,,"Almax Bayswater North Solar - VIC, VIC, 3153, Australia",-37.8259876,145.2874972,OK,"Bayswater North VIC 3153, Australia"
WD00WA21,Beros Road Wind Farm - WA,WA,9.5,6518,Wind,26/07/2019,Unsuspended,0,,"Beros Road Wind Farm - WA, WA, 6518, Australia",-29.9806178,115.3324519,OK,"Beros Rd, Warradarge WA 6518, Australia"
SRPVVCM1,Replas - Solar - VIC,VIC,0.1799,3350,Solar,25/07/2019,Unsuspended,0,,"Replas - Solar - VIC, VIC, 3350, Australia",-37.5831451,143.8736285,OK,"50 Elsworth St E, Canadian VIC 3350, Australia"
SRPVQLF9,Todae Solar - Lion Milton 0.85MW - Solar QLD,QLD,0.8563,4064,Solar,25/07/2019,Unsuspended,0,,"Todae Solar - Lion Milton 0.85MW - Solar QLD, QLD, 4064, Australia",-27.4873144,153.0428264,OK,"932 Stanley St E, East Brisbane QLD 4169, Australia"
SRPVQLG0,Central Highlands Regional Council Solar - QLD,QLD,0.1686,4720,Solar,22/07/2019,Unsuspended,0,,"Central Highlands Regional Council Solar - QLD, QLD, 4720, Australia",-24.0139022,147.5532762,OK,"Emerald QLD 4720, Australia"
SRPVNSJ9,100 Harris Street Pyrmont - Solar - NSW,NSW,0.1999,2009,Solar,22/07/2019,Unsuspended,0,,"100 Harris Street Pyrmont - Solar - NSW, NSW, 2009, Australia",-33.8684401,151.1937403,OK,"100 Harris St, Pyrmont NSW 2009, Australia"
SRPVQLF8,St Luke's Kalkie Solar QLD,QLD,0.2935,4670,Solar,22/07/2019,Unsuspended,0,,"St Luke's Kalkie Solar QLD, QLD, 4670, Australia",-24.8542473,152.38585,OK,"4 Mezger St, Kalkie QLD 4670, Australia"
SRPVWA91,Coles Riverton - Solar - WA,WA,0.2001,6147,Solar,19/07/2019,Unsuspended,0,,"Coles Riverton - Solar - WA, WA, 6147, Australia",-32.039133,115.9076098,OK,"353-361 High Rd, Parkwood WA 6147, Australia"
SRPVWA92,Coles Byford 200kW - Solar - WA,WA,0.2002,6122,Solar,19/07/2019,Unsuspended,0,,"Coles Byford 200kW - Solar - WA, WA, 6122, Australia",-32.21984980000001,116.0068457,OK,"Village, Shop 6/20 Abernethy Rd, Byford WA 6122, Australia"
SRPVNSK0,Repower 7 Shoalhaven Heads Solar - NSW wSGU,NSW,0.2191,2535,Solar,19/07/2019,Unsuspended,0,,"Repower 7 Shoalhaven Heads Solar - NSW wSGU, NSW, 2535, Australia",-34.8521331,150.7384036,OK,"Shoalhaven Heads NSW 2535, Australia"
SRPVQLF6,CRSL Caboolture 0.132MW - Solar - QLD,QLD,0.1318,4510,Solar,18/07/2019,Unsuspended,0,,"CRSL Caboolture 0.132MW - Solar - QLD, QLD, 4510, Australia",-27.0849748,152.9515862,OK,"Caboolture QLD, Australia"
SRPVVCL9,KOOWEERUP REGIONAL HEALTH SERVICES - Solar w SGU - VIC,VIC,0.1554,3981,Solar,18/07/2019,Unsuspended,0,,"KOOWEERUP REGIONAL HEALTH SERVICES - Solar w SGU - VIC, VIC, 3981, Australia",-38.2005922,145.4847734,OK,"235 Rossiter Rd, Koo Wee Rup VIC 3981, Australia"
SRPVNSJ8,Murray Valley Meats Strathfield Solar PV NSW,NSW,0.2205,2136,Solar,18/07/2019,Unsuspended,0,,"Murray Valley Meats Strathfield Solar PV NSW, NSW, 2136, Australia",-33.8929126,151.0733379,OK,"Burwood Heights NSW 2136, Australia"
SRPVVCL7,Swan Hill Abattoir Solar PV Vic,VIC,1.2727,3585,Solar,17/07/2019,Unsuspended,0,,"Swan Hill Abattoir Solar PV Vic, VIC, 3585, Australia",-35.3024703,143.5672719,OK,"334C River Rd, Swan Hill VIC 3585, Australia"
SRPVNSJ7,VICINITY - Lake Haven Shopping Centre - Solar - NSW,NSW,2.0004,2263,Solar,17/07/2019,Unsuspended,0,,"VICINITY - Lake Haven Shopping Centre - Solar - NSW, NSW, 2263, Australia",-33.2409399,151.5039327,OK,"Lake Haven Shopping Centre, Lake Haven NSW 2263, Australia"
SRPVNSJ6,Tamworth Agricultural Institute Calala Solar - NSW,NSW,0.1019,2340,Solar,16/07/2019,Unsuspended,0,,"Tamworth Agricultural Institute Calala Solar - NSW, NSW, 2340, Australia",-31.09003839999999,150.9293323,OK,"Tamworth NSW 2340, Australia"
SRPVVCL5,NB Wandiligong 0.179 - Solar VIC,VIC,0.1791,3744,Solar,16/07/2019,Unsuspended,0,,"NB Wandiligong 0.179 - Solar VIC, VIC, 3744, Australia",-36.7907956,146.9773826,OK,"Wandiligong VIC 3744, Australia"
SRPVQLF5,St Paul's School - Solar - QLD,QLD,0.6276,4036,Solar,16/07/2019,Unsuspended,0,,"St Paul's School - Solar - QLD, QLD, 4036, Australia",-27.3165314,153.0062605,OK,"St Paul's School Community Garden, Bald Hills QLD 4036, Australia"
SRPVWA90,BG Waters 0.14MW - Solar WA,WA,0.1403,6172,Solar,15/07/2019,Unsuspended,0,,"BG Waters 0.14MW - Solar WA, WA, 6172, Australia",-32.3760083,115.7516025,OK,"Port Kennedy WA 6172, Australia"
SRPVVCL6,Medical Developments-Solar-Vic,VIC,0.2453,3179,Solar,15/07/2019,Unsuspended,0,,"Medical Developments-Solar-Vic, VIC, 3179, Australia",-37.902555,145.2202518,OK,"4 Caribbean Dr, Scoresby VIC 3179, Australia"
SRPVSAD0,Redmud Green Energy 12A - Solar - SA,SA,0.252,5341,Solar,15/07/2019,Unsuspended,0,,"Redmud Green Energy 12A - Solar - SA, SA, 5341, Australia",-34.1812186,140.7840005,OK,"Lot 41 Sturt Hwy, Paringa SA 5340, Australia"
SRPVQLF3,Bradford Brendale- Solar- Qld,QLD,0.279,4500,Solar,12/07/2019,Unsuspended,0,,"Bradford Brendale- Solar- Qld, QLD, 4500, Australia",-27.3276913,152.9738951,OK,"Bradford Ct, Brendale QLD 4500, Australia"
SRPVNSJ5,Ausgrid Oatley - Solar NSW,NSW,0.3273,2223,Solar,12/07/2019,Unsuspended,0,,"Ausgrid Oatley - Solar NSW, NSW, 2223, Australia",-33.9754604,151.0829276,OK,"33-45 Judd St, Oatley NSW 2223, Australia"
SRPVQLF4,BUPA6 - Mt Sheridan - Solar - QLD,QLD,0.1452,4868,Solar,11/07/2019,Unsuspended,0,,"BUPA6 - Mt Sheridan - Solar - QLD, QLD, 4868, Australia",-16.9871575,145.7382646,OK,"Mount Sheridan QLD 4868, Australia"
SRPVVCL3,Drouin Secondary College Solar - VIC,VIC,0.1848,3818,Solar,11/07/2019,Unsuspended,0,,"Drouin Secondary College Solar - VIC, VIC, 3818, Australia",-38.1457719,145.8511894,OK,"52 Main S Rd, Drouin VIC 3818, Australia"
SRPVNSJ2,Club Central Menai Solar w SGU - NSW,NSW,0.2646,2234,Solar,11/07/2019,Unsuspended,0,,"Club Central Menai Solar w SGU - NSW, NSW, 2234, Australia",-34.0136551,151.0171173,OK,"44/60 Allison Cres, Menai NSW 2234, Australia"
SRPVNSJ4,Willinga Park - HNCD - Solar - NSW,NSW,0.5044,2539,Solar,11/07/2019,Unsuspended,0,,"Willinga Park - HNCD - Solar - NSW, NSW, 2539, Australia",-35.513895,150.377747,OK,"132 Forster Dr, Bawley Point NSW 2539, Australia"
SRPVNSJ3,G James Smithfield - Solar wSGU NSW,NSW,0.9657,2164,Solar,11/07/2019,Unsuspended,0,,"G James Smithfield - Solar wSGU NSW, NSW, 2164, Australia",-33.8535722,150.9406861,OK,"Smithfield NSW 2164, Australia"
SRPVVCL4,Nine Mile Fresh Tynong Solar - VIC,VIC,1.14,3813,Solar,11/07/2019,Unsuspended,0,,"Nine Mile Fresh Tynong Solar - VIC, VIC, 3813, Australia",-38.1006154,145.6213381,OK,"Nine Mile Rd, Tynong VIC 3813, Australia"
SRPVWA89,Coles Orana - Solar - WA,WA,0.2003,6330,Solar,10/07/2019,Unsuspended,0,,"Coles Orana - Solar - WA, WA, 6330, Australia",-34.9937016,117.8556573,OK,"Albany Hwy, Orana WA 6330, Australia"
SRPVNSJ0,Port Stephens Fisheries Office Solar - NSW,NSW,0.1688,2316,Solar,9/07/2019,Unsuspended,0,,"Port Stephens Fisheries Office Solar - NSW, NSW, 2316, Australia",-32.7460594,152.0565338,OK,"Taylors Beach Rd, Taylors Beach NSW 2316, Australia"
SRPVVCL2,Diocese of Sale St Francis Beaconsfield Solar - VIC,VIC,0.1997,3807,Solar,9/07/2019,Unsuspended,0,,"Diocese of Sale St Francis Beaconsfield Solar - VIC, VIC, 3807, Australia",-38.0522768,145.3729006,OK,"4 Beaconsfield Ave, Beaconsfield VIC 3807, Australia"
SRPVSAD1,Mobilong Solar Farm - Solar - SA,SA,5.8071,5253,Solar,6/07/2019,Unsuspended,0,,"Mobilong Solar Farm - Solar - SA, SA, 5253, Australia",-35.0954217,139.2748258,OK,"Mobilong SA 5253, Australia"
SRPVSAC9,Sigma Healthcare - Solar - SA,SA,0.248,5095,Solar,5/07/2019,Unsuspended,0,,"Sigma Healthcare - Solar - SA, SA, 5095, Australia",-34.83316500000001,138.6074308,OK,"Burma Rd, Pooraka SA 5095, Australia"
SRPVVCL1,Baxter Laboratories - Solar - VIC,VIC,0.322,3155,Solar,5/07/2019,Unsuspended,0,,"Baxter Laboratories - Solar - VIC, VIC, 3155, Australia",-37.8384266,145.294261,OK,"1019 Mountain Hwy, Boronia VIC 3155, Australia"
HYMCTA07,Repulse Micro Hydro Ouse - TAS,TAS,0.914,7140,Hydro,5/07/2019,Unsuspended,0,,"Repulse Micro Hydro Ouse - TAS, TAS, 7140, Australia",-42.5076149,146.6469971,OK,"Ouse TAS 7140, Australia"
SRPVNSI9,Donaldson Australasia Wyong Solar - NSW,NSW,0.3009,2259,Solar,4/07/2019,Unsuspended,0,,"Donaldson Australasia Wyong Solar - NSW, NSW, 2259, Australia",-33.2679877,151.442934,OK,"1 Lucca Rd, Wyong NSW 2259, Australia"
SRPVNSI8,Coomealla Memorial Sporting Club Solar wSGU - NSW,NSW,0.2842,2717,Solar,2/07/2019,Unsuspended,0,,"Coomealla Memorial Sporting Club Solar wSGU - NSW, NSW, 2717, Australia",-34.0951261,142.0395947,OK,"1150 Silver City Hwy, Dareton NSW 2717, Australia"
SRPVQLF1,VICINITY - Gympie Central Shopping Centre - Solar - QLD,QLD,0.9213,4570,Solar,1/07/2019,Unsuspended,0,,"VICINITY - Gympie Central Shopping Centre - Solar - QLD, QLD, 4570, Australia",-26.1994856,152.6675761,OK,"Excelsior Rd, Gympie QLD 4570, Australia"
SRPVQLF2,VICINITY - Taigum Square Shopping Centre - Solar - QLD,QLD,1.1307,4018,Solar,1/07/2019,Unsuspended,0,,"VICINITY - Taigum Square Shopping Centre - Solar - QLD, QLD, 4018, Australia",-27.3499832,153.0478157,OK,"217 Beams Rd, Taigum QLD 4018, Australia"
SPRVSAC8,Bungama - Solar - SA,SA,1.887,5540,Solar,1/07/2019,Unsuspended,0,,"Bungama - Solar - SA, SA, 5540, Australia",-33.1965843,138.0682053,OK,"Bungama SA 5540, Australia"
SRPVVCK9,Austco Polar - Solar - VIC,VIC,0.4501,3026,Solar,28/06/2019,Unsuspended,0,,"Austco Polar - Solar - VIC, VIC, 3026, Australia",-37.8000453,144.756373,OK,"1 Stoney Way, Derrimut VIC 3026, Australia"
SRPVNSI7,WMBT-Solar-NSW,NSW,2.376,2580,Solar,28/06/2019,Unsuspended,0,,"WMBT-Solar-NSW, NSW, 2580, Australia",-34.7206289,149.7487272,OK,"Goulburn NSW 2580, Australia"
SRPVWA88,Mundaring Village Shopping Centre - Solar - WA,WA,0.4299,6073,Solar,27/06/2019,Unsuspended,0,,"Mundaring Village Shopping Centre - Solar - WA, WA, 6073, Australia",-31.9014724,116.167135,OK,"7295 Great Eastern Hwy, Mundaring WA 6073, Australia"
SRPVWA85,Coles Banksia Grove - Solar - WA,WA,0.2001,6031,Solar,26/06/2019,Unsuspended,0,,"Coles Banksia Grove - Solar - WA, WA, 6031, Australia",-31.7055863,115.8013273,OK,"Joondalup Dr, Banksia Grove WA 6031, Australia"
SRPVVCK8,Monash University Solar Power Station - Clayton Vic,VIC,2.5947,3168,Solar,26/06/2019,Unsuspended,0,,"Monash University Solar Power Station - Clayton Vic, VIC, 3168, Australia",-37.9110995,145.1366624,OK,"Wellington Rd, Clayton VIC 3800, Australia"
BEBGNS35,MOXEY FARMS - AGRICULTURAL WASTE - NSW,NSW,3.12,2871,Biomass,26/06/2019,Unsuspended,0,,"MOXEY FARMS - AGRICULTURAL WASTE - NSW, NSW, 2871, Australia",-33.56132030000001,148.3791074,OK,"Angle Ln, Gooloogong NSW 2805, Australia"
SRPVWA87, BG Fields 0.23MW - Solar WA,WA,0.2299,6232,Solar,24/06/2019,Unsuspended,0,,"BG Fields 0.23MW - Solar WA, WA, 6232, Australia",-33.3072511,115.7279326,OK,"Millbridge WA 6232, Australia"
SRPVNSI6,CHAH02 - Charter Hall Lion Nathan - Solar - NSW,NSW,0.6002,2190,Solar,24/06/2019,Unsuspended,0,,"CHAH02 - Charter Hall Lion Nathan - Solar - NSW, NSW, 2190, Australia",-33.90558,151.0529578,OK,"Chullora NSW 2190, Australia"
HYMIQL07,Somerset Dam Hydroelectric Plant - QLD,QLD,4.5,4312,Hydro,24/06/2019,Unsuspended,0,,"Somerset Dam Hydroelectric Plant - QLD, QLD, 4312, Australia",-27.1190002,152.5511349,OK,"Somerset Dam QLD 4312, Australia"
SRPVWA86,CSM STATION - SOLAR - WA,WA,0.1674,6167,Solar,21/06/2019,Suspended,0,,"CSM STATION - SOLAR - WA, WA, 6167, Australia",-32.2244737,115.8403461,OK,"Kwinana Beach WA 6167, Australia"
SRPVVCK7,Altimate Foods Campbellfield - Solar - VIC,VIC,0.2395,3061,Solar,21/06/2019,Unsuspended,0,,"Altimate Foods Campbellfield - Solar - VIC, VIC, 3061, Australia",-37.651996,144.941764,OK,"119 National Blvd, Campbellfield VIC 3061, Australia"
SRPVSAC8,Hope Valley WTP (HOVWTP) - Solar - SA,SA,1.518,5090,Solar,21/06/2019,Unsuspended,0,,"Hope Valley WTP (HOVWTP) - Solar - SA, SA, 5090, Australia",-34.8450957,138.6965591,OK,"Hope Valley SA 5090, Australia"
SRPVSAC7,Tatiara Seeds Pty Ltd - Solar - SA,SA,0.1375,5268,Solar,20/06/2019,Unsuspended,0,,"Tatiara Seeds Pty Ltd - Solar - SA, SA, 5268, Australia",-36.3449476,140.7661837,OK,"66 Nalang Rd, Bordertown SA 5268, Australia"
SRPVVCL0,Yarra Valley Water - Solar - VIC,VIC,0.324,3132,Solar,19/06/2019,Unsuspended,0,,"Yarra Valley Water - Solar - VIC, VIC, 3132, Australia",-37.824207,145.189323,OK,"25 Lucknow St, Mitcham VIC 3132, Australia"
SRPVQLF0,Gold Coast Aquatic Centre - Solar - QLD,QLD,0.3111,4215,Solar,18/06/2019,Unsuspended,0,,"Gold Coast Aquatic Centre - Solar - QLD, QLD, 4215, Australia",-27.9638845,153.4150527,OK,"Marine Parade, Southport QLD 4215, Australia"
SRPVQLD9,Clermont Solar Farm - Solar - Queensland,QLD,89.2157,4721,Solar,18/06/2019,Unsuspended,0,,"Clermont Solar Farm - Solar - Queensland, QLD, 4721, Australia",-22.8284634,147.5887637,OK,"397 Alpha Bypass Rd, Clermont QLD 4721, Australia"
SRPVVCK6,Deakin University Renewable Energy Microgrid - Solar - VIC,VIC,7.8012,3216,Solar,13/06/2019,Unsuspended,0,,"Deakin University Renewable Energy Microgrid - Solar - VIC, VIC, 3216, Australia",-38.1985327,144.3001492,OK,"Deakin University/Alfred Deakin Dr, Waurn Ponds VIC 3216, Australia"
SRPVWA84,Lake Joondalup Baptist College - Solar - WA,WA,0.3745,6027,Solar,11/06/2019,Unsuspended,0,,"Lake Joondalup Baptist College - Solar - WA, WA, 6027, Australia",-31.7372067,115.7615547,OK,"8 Kennedya Dr, Joondalup WA 6027, Australia"
SPRVSAC6,Yongala Solar Farm - Solar - SA,SA,2.6611,5493,Solar,11/06/2019,Unsuspended,0,,"Yongala Solar Farm - Solar - SA, SA, 5493, Australia",-33.0286337,138.7442455,OK,"Yongala SA 5493, Australia"
SRPVSAC5,SA Power Networks Depot Angle Park Main Warehouse - Solar w SGU - SA,SA,0.3499,5013,Solar,7/06/2019,Unsuspended,0,,"SA Power Networks Depot Angle Park Main Warehouse - Solar w SGU - SA, SA, 5013, Australia",-34.8591132,138.5606592,OK,"Angle Park SA 5010, Australia"
SRPVSAC4,SummitHealth Mount Barker Solar - SA,SA,0.15,5251,Solar,4/06/2019,Unsuspended,0,,"SummitHealth Mount Barker Solar - SA, SA, 5251, Australia",-35.0814512,138.8692699,OK,"85/87 Wellington Rd, Mount Barker SA 5251, Australia"
SRPVQLE9,DHP Turallin- Solar w SGU - QLD,QLD,0.1958,4357,Solar,3/06/2019,Unsuspended,0,,"DHP Turallin- Solar w SGU - QLD, QLD, 4357, Australia",-27.8260678,151.2049911,OK,"Turallin QLD 4357, Australia"
SRPVWA83,Howard Porter Bibra Lake Solar - WA,WA,0.2003,6163,Solar,3/06/2019,Unsuspended,0,,"Howard Porter Bibra Lake Solar - WA, WA, 6163, Australia",-32.1154179,115.7982104,OK,"134 Barrington St, Spearwood WA 6163, Australia"
SRPVVCK5,"WILSON TRANSFORMER Springvale Rd, Glen Waverley - Solar - VIC",VIC,0.2546,3150,Solar,3/06/2019,Unsuspended,0,,"WILSON TRANSFORMER Springvale Rd, Glen Waverley - Solar - VIC, VIC, 3150, Australia",-37.886391,145.1659263,OK,"310-336 Springvale Rd, Glen Waverley VIC 3150, Australia"
SRPVSAC3,Redmud Green Energy 52 - Solar - SA,SA,0.216,5550,Solar,31/05/2019,Unsuspended,0,,"Redmud Green Energy 52 - Solar - SA, SA, 5550, Australia",-34.1812186,140.7840005,OK,"Lot 41 Sturt Hwy, Paringa SA 5340, Australia"
SRPVWA82,BG Beachside 0.2MW - Solar WA,WA,0.2007,6035,Solar,30/05/2019,Unsuspended,0,,"BG Beachside 0.2MW - Solar WA, WA, 6035, Australia",-31.5387246,115.6308707,OK,"Beachside Parade, Yanchep WA 6035, Australia"
SRPVVCK4,Radio Frequency Systems Kilsyth Solar - VIC,VIC,0.3009,3137,Solar,30/05/2019,Unsuspended,0,,"Radio Frequency Systems Kilsyth Solar - VIC, VIC, 3137, Australia",-37.81595,145.3110706,OK,"38/40 Garden St, Kilsyth VIC 3137, Australia"
SRPVQLG4,Haughton Solar Farm - QLD,QLD,130.7453,4809,Solar,28/05/2019,Unsuspended,0,,"Haughton Solar Farm - QLD, QLD, 4809, Australia",-19.736582,147.0414676,OK,"Keith Venables Rd, Upper Haughton QLD 4809, Australia"
SRPVQLE8,NLSC North Lakes 0.36MW - Solar - QLD,QLD,0.3627,4509,Solar,24/05/2019,Unsuspended,0,,"NLSC North Lakes 0.36MW - Solar - QLD, QLD, 4509, Australia",-27.2372398,153.0249234,OK,"Joyner Cct, North Lakes QLD 4509, Australia"
SRPVQLE5,Stockland Cairns - Solar - QLD,QLD,1.687,4870,Solar,24/05/2019,Unsuspended,0,,"Stockland Cairns - Solar - QLD, QLD, 4870, Australia",-16.9447692,145.7397319,OK,"K11 Stockland Cairns, 537 Mulgrave Rd, Earlville QLD 4870, Australia"
SRPVVCK2,Yarram District Health Service - Solar - VIC,VIC,0.1497,3971,Solar,20/05/2019,Unsuspended,0,,"Yarram District Health Service - Solar - VIC, VIC, 3971, Australia",-38.5570526,146.6783588,OK,"85 Commercial Rd, Yarram VIC 3971, Australia"
SRPVQLE7,Cowboys 178kW Power Station - Solar - QLD,QLD,0.1783,4810,Solar,20/05/2019,Unsuspended,0,,"Cowboys 178kW Power Station - Solar - QLD, QLD, 4810, Australia",-19.259016,146.8170013,OK,"313-335 Flinders St, Townsville City QLD 4810, Australia"
SRPVSAB9,Redmud Green Energy 63 - Solar - SA,SA,0.216,5341,Solar,20/05/2019,Unsuspended,0,,"Redmud Green Energy 63 - Solar - SA, SA, 5341, Australia",-34.1812186,140.7840005,OK,"Lot 41 Sturt Hwy, Paringa SA 5340, Australia"
SRPVSAC1,Redmud Green Energy 49 - Solar - SA,SA,0.216,5652,Solar,20/05/2019,Unsuspended,0,,"Redmud Green Energy 49 - Solar - SA, SA, 5652, Australia",-34.1812186,140.7840005,OK,"Lot 41 Sturt Hwy, Paringa SA 5340, Australia"
SRPVSAC2,Redmud Green Energy 56 - Solar - SA,SA,0.22,5333,Solar,20/05/2019,Unsuspended,0,,"Redmud Green Energy 56 - Solar - SA, SA, 5333, Australia",-34.1812186,140.7840005,OK,"Lot 41 Sturt Hwy, Paringa SA 5340, Australia"
SRPVQLE4,Stockland Cleveland - Solar - QLD,QLD,0.5023,4163,Solar,17/05/2019,Unsuspended,0,,"Stockland Cleveland - Solar - QLD, QLD, 4163, Australia",-27.5255521,153.2684485,OK,"78 Middle St, Cleveland QLD 4163, Australia"
SRPVNSI5,Lindt Marsden Park Solar - NSW,NSW,0.3541,2765,Solar,16/05/2019,Unsuspended,0,,"Lindt Marsden Park Solar - NSW, NSW, 2765, Australia",-33.7180467,150.8398973,OK,"16 Hollinsworth Rd, Marsden Park NSW 2765, Australia"
SRPVSAC0,SA Produce Market - Solar - SA,SA,2.5006,5095,Solar,16/05/2019,Unsuspended,0,,"SA Produce Market - Solar - SA, SA, 5095, Australia",-34.8309564,138.6082974,OK,"Burma Rd, Pooraka SA 5095, Australia"
SRPVVCK1,Davies Bakery Broadmeadows Solar - VIC,VIC,0.3502,3047,Solar,15/05/2019,Unsuspended,0,,"Davies Bakery Broadmeadows Solar - VIC, VIC, 3047, Australia",-37.679414,144.939742,OK,"24 Military Rd, Broadmeadows VIC 3047, Australia"
SRPVNSI4,Todae Solar - BHG Taree - Solar w SGU NSW,NSW,0.2521,2430,Solar,14/05/2019,Unsuspended,0,,"Todae Solar - BHG Taree - Solar w SGU NSW, NSW, 2430, Australia",-31.9111159,152.453931,OK,"Taree NSW 2430, Australia"
SRPVVCK0,Marshall Pine Products Solar - VIC,VIC,0.1501,3217,Solar,10/05/2019,Unsuspended,0,,"Marshall Pine Products Solar - VIC, VIC, 3217, Australia",-38.19861290000001,144.3704183,OK,"63 Tannery Rd, Marshall VIC 3216, Australia"
SRPVVCJ7,San Carlo Home for the Aged - Solar - VIC,VIC,0.2321,3752,Solar,10/05/2019,Unsuspended,0,,"San Carlo Home for the Aged - Solar - VIC, VIC, 3752, Australia",-37.63958909999999,145.0978585,OK,"970 Plenty Rd, South Morang VIC 3752, Australia"
SRPVNSI3,Port Macquarie Base Hospital - Solar - NSW,NSW,0.6099,2444,Solar,10/05/2019,Unsuspended,0,,"Port Macquarie Base Hospital - Solar - NSW, NSW, 2444, Australia",-31.4519365,152.8782913,OK,"Wrights Rd, Port Macquarie NSW 2444, Australia"
SRPVVCJ9,"TIBALDI Centre Road, Clayton - Solar - VIC",VIC,1.0663,3168,Solar,10/05/2019,Unsuspended,0,,"TIBALDI Centre Road, Clayton - Solar - VIC, VIC, 3168, Australia",-37.92987979999999,145.133384,OK,"1513 Centre Rd, Clayton VIC 3168, Australia"
SRPVVCK3,Numurkah Solar - Solar - VIC,VIC,128.0305,3636,Solar,10/05/2019,Unsuspended,0,,"Numurkah Solar - Solar - VIC, VIC, 3636, Australia",-36.1596789,145.4738272,OK,"296 Wunghnu Rd, Drumanure VIC 3636, Australia"
WD00VC34,Yendon Wind Farm - VIC,VIC,144.4,3352,Wind,10/05/2019,Unsuspended,0,,"Yendon Wind Farm - VIC, VIC, 3352, Australia",-37.6304588,144.0218963,OK,"Lal Lal VIC 3352, Australia"
SRPVVCJ6,Scienceworks - Solar [w SGU] - VIC,VIC,0.3784,3015,Solar,8/05/2019,Unsuspended,0,,"Scienceworks - Solar [w SGU] - VIC, VIC, 3015, Australia",-37.8315109,144.8933119,OK,"2 Booker St, Spotswood VIC 3015, Australia"
SRPVNSI2,Emmaus Port Macquarie Solar - NSW,NSW,0.162,2444,Solar,3/05/2019,Unsuspended,0,,"Emmaus Port Macquarie Solar - NSW, NSW, 2444, Australia",-31.4645922,152.8920847,OK,"16 Colonel Barney Dr, Port Macquarie NSW 2444, Australia"
SRPVQLE3,Woods Grain Goondiwindi Solar - QLD,QLD,0.6977,4390,Solar,3/05/2019,Unsuspended,0,,"Woods Grain Goondiwindi Solar - QLD, QLD, 4390, Australia",-28.5424479,150.3012655,OK,"Goondiwindi QLD 4390, Australia"
SRPVVCJ5,VICINITY Somerton Road Roxburgh Park - Solar - VIC,VIC,1.4319,3064,Solar,3/05/2019,Unsuspended,0,,"VICINITY Somerton Road Roxburgh Park - Solar - VIC, VIC, 3064, Australia",-37.6398782,144.92286,OK,"Somerton Rd, Roxburgh Park VIC 3064, Australia"
SRPVVCI9,Stockland - The Pines Shopping Centre - Solar - VIC,VIC,0.6434,3109,Solar,1/05/2019,Unsuspended,0,,"Stockland - The Pines Shopping Centre - Solar - VIC, VIC, 3109, Australia",-37.7619566,145.1686409,OK,"181 Reynolds Rd, Doncaster East VIC 3109, Australia"
SRPVQLE0,Brisbane Racecourse Village - Solar - QLD,QLD,0.3511,4007,Solar,30/04/2019,Unsuspended,0,,"Brisbane Racecourse Village - Solar - QLD, QLD, 4007, Australia",-27.4272241,153.0718848,OK,"188 Nudgee Rd, Ascot QLD 4007, Australia"
SRPVNSI0,Ausgrid Ourimbah Solar - NSW,NSW,0.2092,2258,Solar,29/04/2019,Unsuspended,0,,"Ausgrid Ourimbah Solar - NSW, NSW, 2258, Australia",-33.3482401,151.3687352,OK,"7-17 Ourimbah Creek Rd, Ourimbah NSW 2258, Australia"
SRPVVCJ1,Lithocraft Graphics Truganina Solar - VIC,VIC,0.2244,3029,Solar,29/04/2019,Unsuspended,0,,"Lithocraft Graphics Truganina Solar - VIC, VIC, 3029, Australia",-37.819077,144.748571,OK,"3-7 Permas Way, Truganina VIC 3029, Australia"
SRPVVCJ0,Ivanhoe Grammar Plenty Campus Solar - VIC,VIC,0.3744,3754,Solar,29/04/2019,Unsuspended,0,,"Ivanhoe Grammar Plenty Campus Solar - VIC, VIC, 3754, Australia",-37.60581,145.1148807,OK,"Ivanhoe Grammar School - Plenty Valley Campus, 730 Bridge Inn Rd, Doreen VIC 3754, Australia"
SRPVQLE1,Oakey 2 Solar Farm - QLD,QLD,70.0988,4401,Solar,29/04/2019,Unsuspended,0,,"Oakey 2 Solar Farm - QLD, QLD, 4401, Australia",-27.4441771,151.722869,OK,"Oakey QLD 4401, Australia"
SRPVVCI8,Ryan & Mcnulty - Solar - VIC,VIC,0.3201,3672,Solar,24/04/2019,Unsuspended,0,,"Ryan & Mcnulty - Solar - VIC, VIC, 3672, Australia",-36.5431548,146.0091447,OK,"123 Sydney Rd, Benalla VIC 3672, Australia"
SRPVQLE2,Morayfield Health Hub Solar - QLD,QLD,0.4039,4506,Solar,24/04/2019,Unsuspended,0,,"Morayfield Health Hub Solar - QLD, QLD, 4506, Australia",-27.0981538,152.9506651,OK,"Ground Floor/19-31 Dickson Rd, Morayfield QLD 4506, Australia"
SRPVVCJ3,Catholic Regional College North Keilor Solar - VIC,VIC,0.2499,3038,Solar,23/04/2019,Unsuspended,0,,"Catholic Regional College North Keilor Solar - VIC, VIC, 3038, Australia",-37.6995769,144.8046137,OK,"1C Santa Monica Dr, Keilor Lodge VIC 3038, Australia"
SRPVSAB7,Redmud Green Energy 50 - Solar - SA,SA,0.216,5321,Solar,18/04/2019,Unsuspended,0,,"Redmud Green Energy 50 - Solar - SA, SA, 5321, Australia",-34.1812186,140.7840005,OK,"Lot 41 Sturt Hwy, Paringa SA 5340, Australia"
SRPVVCI7,Stockland Point Cook - Solar - VIC,VIC,1.5126,3030,Solar,18/04/2019,Unsuspended,0,,"Stockland Point Cook - Solar - VIC, VIC, 3030, Australia",-37.8833691,144.7353879,OK,"Level 1/2 Main St, Point Cook VIC 3030, Australia"
SRPVSAB8,Pirie Solar Farm - Solar - SA,SA,6.093,5540,Solar,18/04/2019,Unsuspended,0,,"Pirie Solar Farm - Solar - SA, SA, 5540, Australia",-33.1925518,138.0202698,OK,"Pirie St, Port Pirie South SA 5540, Australia"
SRPVVCJ2,VICINITY Hanover St Oakleigh - Solar - VIC,VIC,0.6346,3166,Solar,17/04/2019,Unsuspended,0,,"VICINITY Hanover St Oakleigh - Solar - VIC, VIC, 3166, Australia",-37.9012531,145.0919299,OK,"Hanover St, Oakleigh VIC 3166, Australia"
SRPVVCJ4,VICINITY Pascoe Vale Rd Broadmeadows - Solar - VIC,VIC,2.2075,3047,Solar,17/04/2019,Unsuspended,0,,"VICINITY Pascoe Vale Rd Broadmeadows - Solar - VIC, VIC, 3047, Australia",-37.6806613,144.9210264,OK,"Pascoe Vale Rd, Dallas VIC 3047, Australia"
SRPVNSI1,Beryl Solar Farm - NSW,NSW,110.9044,2852,Solar,15/04/2019,Unsuspended,0,,"Beryl Solar Farm - NSW, NSW, 2852, Australia",-32.3580309,149.4680762,OK,"245 Beryl Rd, Gulgong NSW 2852, Australia"
SRPVVCI4,Melbourne Museum - Solar - VIC,VIC,0.5333,3053,Solar,12/04/2019,Unsuspended,0,,"Melbourne Museum - Solar - VIC, VIC, 3053, Australia",-37.803273,144.9717408,OK,"11 Nicholson St, Carlton VIC 3053, Australia"
SRPVVCI6,W Ryan Abattoirs Pty Ltd - Solar - VIC,VIC,0.1749,3638,Solar,11/04/2019,Unsuspended,0,,"W Ryan Abattoirs Pty Ltd - Solar - VIC, VIC, 3638, Australia",-36.0388917,145.2038278,OK,"Yielima VIC 3638, Australia"
SRPVWA81,HD Plasma & Laser Cutting Services - Solar [w SGU] - WA,WA,0.1989,6163,Solar,11/04/2019,Suspended,0,,"HD Plasma & Laser Cutting Services - Solar [w SGU] - WA, WA, 6163, Australia",-32.104167,115.810493,OK,"81 Discovery Dr, Bibra Lake WA 6163, Australia"
SRPVNSH8,Charles Sturt University Albury 0.4MW - Solar NSW,NSW,0.4358,2640,Solar,11/04/2019,Unsuspended,0,,"Charles Sturt University Albury 0.4MW - Solar NSW, NSW, 2640, Australia",-36.0385364,146.9890476,OK,"386 Elizabeth Mitchell Dr, Thurgoona NSW 2640, Australia"
WD00VC33,Murra Warra Wind Farm Stage 1 - VIC,VIC,225.7,3401,Wind,9/04/2019,Unsuspended,0,,"Murra Warra Wind Farm Stage 1 - VIC, VIC, 3401, Australia",-36.43748310000001,142.2256038,OK,"Murra Warra VIC 3401, Australia"
SRPVVCI5,DuluxGroup Mickleham - Solar - VIC,VIC,0.3036,3064,Solar,4/04/2019,Unsuspended,0,,"DuluxGroup Mickleham - Solar - VIC, VIC, 3064, Australia",-37.5346231,144.9057665,OK,"Mickleham VIC 3064, Australia"
SRPVNSH9,MPC Alphadale 0.6MW - Solar NSW,NSW,0.6016,2480,Solar,4/04/2019,Unsuspended,0,,"MPC Alphadale 0.6MW - Solar NSW, NSW, 2480, Australia",-28.8301461,153.3640009,OK,"Alphadale Rd, New South Wales 2480, Australia"
WD00SA22,LGWF-Wind-SA,SA,212.4,5715,Wind,3/04/2019,Unsuspended,0,,"LGWF-Wind-SA, SA, 5715, Australia",-32.383461,137.2923893,OK,"Yalymboo SA 5715, Australia"
SRPVVCI3,Moreland Annex - Solar - VIC,VIC,0.1718,3058,Solar,1/04/2019,Unsuspended,0,,"Moreland Annex - Solar - VIC, VIC, 3058, Australia",-37.7343488,144.9666905,OK,"Batman VIC 3058, Australia"
SRPVVCI0,Genfac Plastics - Solar - VIC,VIC,1.2462,3175,Solar,1/04/2019,Unsuspended,0,,"Genfac Plastics - Solar - VIC, VIC, 3175, Australia",-38.0361495,145.2281591,OK,"951 Taylors Rd, Dandenong South VIC 3175, Australia"
SRPVSAB5,Richmond Grove PR2 - Solar - SA,SA,0.7832,5352,Solar,29/03/2019,Unsuspended,0,,"Richmond Grove PR2 - Solar - SA, SA, 5352, Australia",-34.56091079999999,138.9404364,OK,"Tanunda SA 5352, Australia"
SRPVSAB6,Safcol - Solar - SA,SA,0.4499,5112,Solar,28/03/2019,Unsuspended,0,,"Safcol - Solar - SA, SA, 5112, Australia",-34.746337,138.6587351,OK,"189 Philip Hwy, Elizabeth South SA 5112, Australia"
SRPVVCI1,Melbourne Truss Sumerton Solar - VIC,VIC,0.1323,3062,Solar,27/03/2019,Unsuspended,0,,"Melbourne Truss Sumerton Solar - VIC, VIC, 3062, Australia",-37.6331901,144.9524993,OK,"10 Cummins Dr, Somerton VIC 3062, Australia"
SRPVVCH7,Catholic Regional College Caroline Springs Solar - VIC,VIC,0.2992,3023,Solar,25/03/2019,Unsuspended,0,,"Catholic Regional College Caroline Springs Solar - VIC, VIC, 3023, Australia",-37.7305384,144.7397749,OK,"10-26 College St, Caroline Springs VIC 3023, Australia"
SRPVNSH6,Scentre Westfield Kotara 1.566 MW - Solar NSW,NSW,1.5667,2289,Solar,25/03/2019,Unsuspended,0,,"Scentre Westfield Kotara 1.566 MW - Solar NSW, NSW, 2289, Australia",-32.9422827,151.7110937,OK,"Northcott Dr, Kotara NSW 2289, Australia"
SRPVVCH8,SAFECORP GROUP LTD - Solar Braeside Vic,VIC,0.3847,3195,Solar,22/03/2019,Unsuspended,0,,"SAFECORP GROUP LTD - Solar Braeside Vic, VIC, 3195, Australia",-37.998767,145.121844,OK,"25-27 Park Way, Braeside VIC 3195, Australia"
SRPVSAB4,SIDDALL LANGHORNE CREEK-SOLAR-SA,SA,0.195,5255,Solar,21/03/2019,Unsuspended,0,,"SIDDALL LANGHORNE CREEK-SOLAR-SA, SA, 5255, Australia",-35.2962102,139.0370026,OK,"Langhorne Creek SA 5255, Australia"
SRPVQLD8,SNP Bowen Hills - Solar - QLD,QLD,0.2511,4006,Solar,20/03/2019,Unsuspended,0,,"SNP Bowen Hills - Solar - QLD, QLD, 4006, Australia",-27.452449,153.0330068,OK,"9/30 King St Myhealth Medical, entrance on, Brisbane Showgrounds, Y07 The Yards, Machinery St, Bowen Hills QLD 4006, Australia"
SRPVNT54,Gunbalanya (Oenpelli) Solar Power Station - NT,NT,0.6909,822,Solar,19/03/2019,Unsuspended,0,,"Gunbalanya (Oenpelli) Solar Power Station - NT, NT, 822, Australia",-12.3320023,133.0417802,OK,"Gunbalanya NT 0822, Australia"
SRPVVCH6,Catholic Regional College Sydenham Solar - VIC,VIC,0.4998,3037,Solar,15/03/2019,Unsuspended,0,,"Catholic Regional College Sydenham Solar - VIC, VIC, 3037, Australia",-37.69838,144.7710295,OK,"380 Sydenham Rd, Sydenham VIC 3037, Australia"
SRPVVCH4,Catholic Regional College Melton Solar - VIC,VIC,0.2998,3337,Solar,14/03/2019,Unsuspended,0,,"Catholic Regional College Melton Solar - VIC, VIC, 3337, Australia",-37.6983843,144.7710467,OK,"380 Sydenham Rd, Sydenham VIC 3037, Australia"
SRPVVCH3,HMGEM Dandenong South Solar - VIC,VIC,0.2999,3175,Solar,14/03/2019,Unsuspended,0,,"HMGEM Dandenong South Solar - VIC, VIC, 3175, Australia",-38.023792,145.217138,OK,"5 Monterey Rd, Dandenong South VIC 3175, Australia"
SRPVVCH2,Stockland Mall Wendouree - Solar - VIC,VIC,1.2932,3355,Solar,14/03/2019,Unsuspended,0,,"Stockland Mall Wendouree - Solar - VIC, VIC, 3355, Australia",-37.5343847,143.8239425,OK,"Norman Street &, Gillies St N, Wendouree VIC 3355, Australia"
SRPVSAB3,"VICINITY Beach Rd, Colonnades - Solar - SA",SA,1.784,5168,Solar,14/03/2019,Unsuspended,0,,"VICINITY Beach Rd, Colonnades - Solar - SA, SA, 5168, Australia",-35.1414693,138.4965189,OK,"Beach Rd, Noarlunga Centre SA 5168, Australia"
SRPVVCI2,Sealane Heidelberg West Solar - VIC,VIC,0.3764,3081,Solar,12/03/2019,Unsuspended,0,,"Sealane Heidelberg West Solar - VIC, VIC, 3081, Australia",-37.7288207,145.0432021,OK,"76 Sheehan Rd, Heidelberg West VIC 3081, Australia"
SRPVVCH1,AW Bell Dandenong South Solar - VIC,VIC,0.2842,3175,Solar,8/03/2019,Unsuspended,0,,"AW Bell Dandenong South Solar - VIC, VIC, 3175, Australia",-38.0335122,145.2292232,OK,"145 Abbotts Rd, Dandenong South VIC 3175, Australia"
SRPVNSH7,Shell Cove Shopping Centre - Solar - NSW,NSW,0.3153,2529,Solar,8/03/2019,Unsuspended,0,,"Shell Cove Shopping Centre - Solar - NSW, NSW, 2529, Australia",-34.58831,150.865753,OK,"Shell Cove Shopping Centre, Shell Cove NSW 2529, Australia"
SRPVVCH9,Southern Colour Keysborough Solar - VIC,VIC,0.36,3173,Solar,8/03/2019,Unsuspended,0,,"Southern Colour Keysborough Solar - VIC, VIC, 3173, Australia",-38.0042683,145.1706992,OK,"Keysborough VIC 3173, Australia"
SRPVNSH4,Woolworths Prestons - Solar - NSW,NSW,0.4004,2170,Solar,8/03/2019,Unsuspended,0,,"Woolworths Prestons - Solar - NSW, NSW, 2170, Australia",-33.9521293,150.8553619,OK,"Shop 10/1985 Camden Valley Wy, Prestons NSW 2170, Australia"
SRPVNSH5,Sell and Parker Blacktown Solar - NSW,NSW,0.4542,2148,Solar,8/03/2019,Unsuspended,0,,"Sell and Parker Blacktown Solar - NSW, NSW, 2148, Australia",-33.7499854,150.9109375,OK,"45 Tattersall Rd, Kings Park NSW 2148, Australia"
SRPVSAA9,Trinity College Gawler - Solar w SGU - SA,SA,1.0068,5116,Solar,7/03/2019,Unsuspended,0,,"Trinity College Gawler - Solar w SGU - SA, SA, 5116, Australia",-34.6336951,138.7241621,OK,"Evanston South SA 5116, Australia"
SRPVSAA8,Trinity College Gawler River - Solar w SGU - SA,SA,0.1344,5117,Solar,6/03/2019,Unsuspended,0,,"Trinity College Gawler River - Solar w SGU - SA, SA, 5117, Australia",-34.6378872,138.6469499,OK,"Heaslip Rd, Angle Vale SA 5117, Australia"
SRPVSAB0,Moonta WWTP - Solar - SA,SA,0.1498,5558,Solar,6/03/2019,Unsuspended,0,,"Moonta WWTP - Solar - SA, SA, 5558, Australia",-34.0692119,137.5850998,OK,"Moonta SA 5558, Australia"
SRPVSAB1,Wallaroo WWTP- Solar - SA,SA,0.1498,5556,Solar,6/03/2019,Unsuspended,0,,"Wallaroo WWTP- Solar - SA, SA, 5556, Australia",-33.9331257,137.6267997,OK,"Wallaroo SA 5556, Australia"
SRPVNSC7,Ausgrid Silverwater - Solar NSW,NSW,0.2457,2128,Solar,6/03/2019,Unsuspended,0,,"Ausgrid Silverwater - Solar NSW, NSW, 2128, Australia",-33.8305856,151.0477442,OK,"48-50 Holker St, Silverwater NSW 2128, Australia"
SRPVSA97,Redmud Green Energy 44 - Solar - SA,SA,0.216,5341,Solar,4/03/2019,Unsuspended,0,,"Redmud Green Energy 44 - Solar - SA, SA, 5341, Australia",-34.1812186,140.7840005,OK,"Lot 41 Sturt Hwy, Paringa SA 5340, Australia"
SRPVVCH5,Pureharvest - Solar - VIC,VIC,0.8799,3818,Solar,4/03/2019,Unsuspended,0,,"Pureharvest - Solar - VIC, VIC, 3818, Australia",-38.1428527,145.8589019,OK,"35 Lardner Rd, Drouin VIC 3818, Australia"
BEBGNS34,Lidcombe Brewery - Biogas cogeneration - NSW,NSW,2.0,2141,Biomass,4/03/2019,Unsuspended,0,,"Lidcombe Brewery - Biogas cogeneration - NSW, NSW, 2141, Australia",-33.8616915,151.0423034,OK,"Lidcombe NSW 2141, Australia"
SRPVSAA7,Trinity College Blakeview - Solar w SGU - SA,SA,0.162,5114,Solar,1/03/2019,Unsuspended,0,,"Trinity College Blakeview - Solar w SGU - SA, SA, 5114, Australia",-34.689063,138.7015343,OK,"3 Inbarendi Dr, Blakeview SA 5114, Australia"
SRPVSAB2,Rowland Flat PR1 - Solar w SGU - SA,SA,2.3376,5352,Solar,1/03/2019,Unsuspended,0,,"Rowland Flat PR1 - Solar w SGU - SA, SA, 5352, Australia",-34.5738087,138.9325436,OK,"Rowland Flat SA 5352, Australia"
SRPVQLD7,Nerang Library Solar - QLD,QLD,0.1686,4211,Solar,28/02/2019,Unsuspended,0,,"Nerang Library Solar - QLD, QLD, 4211, Australia",-27.991503,153.3359838,OK,"Corner White and, Price St, Nerang QLD 4211, Australia"
BEBGVC22,Blackwood Piggery PTY LTD - Biogas - VIC,VIC,0.04,3824,Biomass,27/02/2019,Unsuspended,0,,"Blackwood Piggery PTY LTD - Biogas - VIC, VIC, 3824, Australia",-38.2124182,146.1614853,OK,"Blackwood Ct, Trafalgar VIC 3824, Australia"
SRPVNSH3,Ausgrid Muswellbrook Solar - NSW,NSW,0.1999,2333,Solar,27/02/2019,Unsuspended,0,,"Ausgrid Muswellbrook Solar - NSW, NSW, 2333, Australia",-32.2953376,150.874237,OK,"41 Thomas Mitchell Dr, Muswellbrook NSW 2333, Australia"
SRPVWA80,Northam Solar Farm - SOLAR - WA,WA,11.424,6401,Solar,27/02/2019,Unsuspended,0,,"Northam Solar Farm - SOLAR - WA, WA, 6401, Australia",-31.6520334,116.7113795,OK,"8PX6+5H, Muluckine WA 6401, Australia"
SRPVSAA3,Doroga Power Station - Solar - SA,SA,0.2304,5700,Solar,26/02/2019,Unsuspended,0,,"Doroga Power Station - Solar - SA, SA, 5700, Australia",-32.6009669,137.8624914,OK,"Mundallio SA 5700, Australia"
SRPVSAA5,ProTen SA Farm 6 - Solar - SA,SA,0.264,5550,Solar,22/02/2019,Unsuspended,0,,"ProTen SA Farm 6 - Solar - SA, SA, 5550, Australia",-30.0002315,136.2091547,OK,"South Australia, Australia"
SRPVSAA4,ProTen SA Farm 5 - Solar - SA,SA,0.3113,5550,Solar,22/02/2019,Unsuspended,0,,"ProTen SA Farm 5 - Solar - SA, SA, 5550, Australia",-30.0002315,136.2091547,OK,"South Australia, Australia"
SRPVNT53,Wurrumiyanga (Nguiu/Bathurst Island) Solar Power Station - NT,NT,1.1005,822,Solar,21/02/2019,Unsuspended,0,,"Wurrumiyanga (Nguiu/Bathurst Island) Solar Power Station - NT, NT, 822, Australia",-11.752882,130.6393919,OK,"Wurrumiyanga, Wurrumiyanga NT 0822, Australia"
SRPVNSG9,Ausgrid Dee Why (Cromer) - Solar NSW,NSW,0.1287,2099,Solar,20/02/2019,Unsuspended,0,,"Ausgrid Dee Why (Cromer) - Solar NSW, NSW, 2099, Australia",-33.7338361,151.2835134,OK,"21 Middleton Rd, Cromer NSW 2099, Australia"
SRPVNSH0,Cochlear Macquarie Park - Solar - NSW,NSW,0.1781,2113,Solar,20/02/2019,Unsuspended,0,,"Cochlear Macquarie Park - Solar - NSW, NSW, 2113, Australia",-33.777317,151.1136474,OK,"1 University Ave, Macquarie Park NSW 2113, Australia"
SRPVSAA2,Green Gold 2 - Solar - SA,SA,1.08,5342,Solar,20/02/2019,Unsuspended,0,,"Green Gold 2 - Solar - SA, SA, 5342, Australia",-34.2003327,140.5756887,OK,"Monash SA 5342, Australia"
SRPVNT49,Bulman Solar Power Station - NT,NT,0.1021,852,Solar,18/02/2019,Unsuspended,0,,"Bulman Solar Power Station - NT, NT, 852, Australia",-13.663028,134.3317308,OK,"Bulman Weemol NT 0852, Australia"
SRPVNSG8,Lismore Central - Solar - NSW,NSW,0.1835,2480,Solar,18/02/2019,Unsuspended,0,,"Lismore Central - Solar - NSW, NSW, 2480, Australia",-28.8106963,153.2765612,OK,"44 Carrington St, Lismore NSW 2480, Australia"
SRPVWA79,St. Catherine's College - Solar - WA,WA,0.1914,6009,Solar,18/02/2019,Unsuspended,0,,"St. Catherine's College - Solar - WA, WA, 6009, Australia",-31.9749755,115.8163452,OK,"2 Park Rd, Crawley WA 6009, Australia"
SRPVQLD5,Stockland Burleigh Heads - Solar - QLD,QLD,1.5843,4220,Solar,18/02/2019,Unsuspended,0,,"Stockland Burleigh Heads - Solar - QLD, QLD, 4220, Australia",-28.097797,153.441343,OK,"Stockland Burleigh Heads, Burleigh Waters QLD 4220, Australia"
BEBGNS33,Rivalea Corowa - Agricultural Waste - NSW,NSW,1.65,2646,Biomass,18/02/2019,Unsuspended,0,,"Rivalea Corowa - Agricultural Waste - NSW, NSW, 2646, Australia",-35.9987228,146.3910957,OK,"Albury Road, Corowa NSW 2646, Australia"
BEBGTA05,Copping - LFG - TAS,TAS,2.137,7174,Biomass,17/02/2019,Unsuspended,0,,"Copping - LFG - TAS, TAS, 7174, Australia",-42.8274145,147.7685875,OK,"Copping TAS 7174, Australia"
SRPVQLD4,Lilyvale Solar Farm - QLD,QLD,126.2016,4709,Solar,15/02/2019,Unsuspended,0,,"Lilyvale Solar Farm - QLD, QLD, 4709, Australia",-23.0872727,148.4384307,OK,"Lilyvale QLD 4723, Australia"
SRPVNT50,Gapuwiyak (Lake Evella) Solar Power Station - NT,NT,0.4349,880,Solar,14/02/2019,Unsuspended,0,,"Gapuwiyak (Lake Evella) Solar Power Station - NT, NT, 880, Australia",-12.4997829,135.8066672,OK,"Gapuwiyak Rd, Gapuwiyak NT 0880, Australia"
SRPVNT51,Warruwi (Goulburn Island) Solar Power Station - NT,NT,0.1789,822,Solar,13/02/2019,Unsuspended,0,,"Warruwi (Goulburn Island) Solar Power Station - NT, NT, 822, Australia",-11.6511842,133.3885099,OK,"Warruwi NT 0822, Australia"
SRPVQLD6,Blackwoods Carole Park Solar - QLD,QLD,0.2019,4300,Solar,13/02/2019,Unsuspended,0,,"Blackwoods Carole Park Solar - QLD, QLD, 4300, Australia",-27.6121844,152.9227607,OK,"131-137 Mica St, Carole Park QLD 4300, Australia"
SRPVNT52,Adina Apartment Hotel Darwin Solar - NT,NT,0.2435,800,Solar,13/02/2019,Unsuspended,0,,"Adina Apartment Hotel Darwin Solar - NT, NT, 800, Australia",-12.4663543,130.8470458,OK,"7 Kitchener Dr, Darwin City NT 0800, Australia"
SRPVVCG9,Marymede Catholic College - Solar w SGU - VIC,VIC,0.2698,3752,Solar,13/02/2019,Unsuspended,0,,"Marymede Catholic College - Solar w SGU - VIC, VIC, 3752, Australia",-37.6424929,145.0904451,OK,"60 Williamsons Rd, South Morang VIC 3752, Australia"
SRPVNSH2,Ryde Aquatic Leisure Centre - Solar - NSW,NSW,0.3003,2112,Solar,13/02/2019,Unsuspended,0,,"Ryde Aquatic Leisure Centre - Solar - NSW, NSW, 2112, Australia",-33.8215454,151.1187894,OK,"504 Victoria Rd, Ryde NSW 2112, Australia"
SRPVSAA6,Tailem Bend Solar - SA,SA,127.2375,5260,Solar,13/02/2019,Unsuspended,0,,"Tailem Bend Solar - SA, SA, 5260, Australia",-35.252887,139.4534849,OK,"Tailem Bend SA 5260, Australia"
SRPVSA96,Redmud Green Energy 47 - Solar - SA,SA,0.216,5341,Solar,12/02/2019,Unsuspended,0,,"Redmud Green Energy 47 - Solar - SA, SA, 5341, Australia",-34.1812186,140.7840005,OK,"Lot 41 Sturt Hwy, Paringa SA 5340, Australia"
SRPVVCH0,Warrnambool WTP - Solar - VIC,VIC,0.2527,3280,Solar,11/02/2019,Unsuspended,0,,"Warrnambool WTP - Solar - VIC, VIC, 3280, Australia",-38.3720954,142.4777782,OK,"Warrnambool VIC 3280, Australia"
SRPVQLD3,Ripley Town Centre - Solar - QLD,QLD,0.4806,4306,Solar,8/02/2019,Unsuspended,0,,"Ripley Town Centre - Solar - QLD, QLD, 4306, Australia",-27.6835751,152.8014308,OK,"20 Main St, Ripley QLD 4306, Australia"
SRPVNSH1,Todae Solar - SRA Queanbeyan 0.15MW - Solar NSW,NSW,0.1468,2620,Solar,6/02/2019,Unsuspended,0,,"Todae Solar - SRA Queanbeyan 0.15MW - Solar NSW, NSW, 2620, Australia",-35.321009,149.134486,OK,"Captain Cook Cres, Griffith ACT 2603, Australia"
SRPVNSG6,Fairfield East - Solar w SGU - NSW,NSW,0.2397,2165,Solar,6/02/2019,Unsuspended,0,,"Fairfield East - Solar w SGU - NSW, NSW, 2165, Australia",-33.8761377,150.9708095,OK,"Fairfield East NSW 2165, Australia"
SRPVNSG7,Our Lady of Consolation - Solar - NSW,NSW,0.4008,2766,Solar,6/02/2019,Unsuspended,0,,"Our Lady of Consolation - Solar - NSW, NSW, 2766, Australia",-33.7831485,150.8468982,OK,"32 Evans Rd, Rooty Hill NSW 2766, Australia"
SRPVNT48,Ngukurr Solar Power Station - NT,NT,0.4093,852,Solar,6/02/2019,Unsuspended,0,,"Ngukurr Solar Power Station - NT, NT, 852, Australia",-14.733834,134.7322863,OK,"Ngukurr NT 0852, Australia"
SRPVSAA1,"VICINITY Elizabeth Way, Elizabeth - Solar - SA",SA,5.858,5112,Solar,4/02/2019,Unsuspended,0,,"VICINITY Elizabeth Way, Elizabeth - Solar - SA, SA, 5112, Australia",-34.7157392,138.6683738,OK,"Elizabeth Way, Elizabeth SA 5112, Australia"
SRPVQLD2,Scentre Group Ltd Coomera - Solar - QLD,QLD,2.3277,4209,Solar,1/02/2019,Unsuspended,0,,"Scentre Group Ltd Coomera - Solar - QLD, QLD, 4209, Australia",-27.852293,153.2992885,OK,"Pimpama QLD 4209, Australia"
SRPVSAA0,Woolworths Waikerie - Solar - SA,SA,0.1971,5330,Solar,30/01/2019,Unsuspended,0,,"Woolworths Waikerie - Solar - SA, SA, 5330, Australia",-34.1785437,139.9865518,OK,"1 White St, Waikerie SA 5330, Australia"
SRPVNSG5,Woolworths Cowra - Solar - NSW,NSW,0.2464,2794,Solar,30/01/2019,Unsuspended,0,,"Woolworths Cowra - Solar - NSW, NSW, 2794, Australia",-33.8361803,148.6920011,OK,"3 Railway Ln, Cowra NSW 2794, Australia"
SRPVSA99,Flinders University - Solar - SA,SA,1.7451,5042,Solar,30/01/2019,Unsuspended,0,,"Flinders University - Solar - SA, SA, 5042, Australia",-35.0069082,138.5837799,OK,"Pasadena SA 5042, Australia"
SRPVVCG7,Beaconhills Pakenham Year 9 Centre - Solar - Vic,VIC,0.141,3810,Solar,25/01/2019,Unsuspended,0,,"Beaconhills Pakenham Year 9 Centre - Solar - Vic, VIC, 3810, Australia",-38.0606382,145.4664372,OK,"Beaconhills Christian College, Toomuc Valley Rd, Pakenham VIC 3810, Australia"
SRPVVCG6,VF Siciliano & Sons Woorinen Solar - VIC,VIC,0.297,3589,Solar,25/01/2019,Unsuspended,0,,"VF Siciliano & Sons Woorinen Solar - VIC, VIC, 3589, Australia",-35.2505429,143.4538002,OK,"411 N S Rd, Woorinen VIC 3589, Australia"
SRPVWA78,Cockburn ARC - Solar - WA,WA,0.901,6164,Solar,24/01/2019,Unsuspended,0,,"Cockburn ARC - Solar - WA, WA, 6164, Australia",-32.1255031,115.850766,OK,"31 Veterans Parade, Cockburn Central WA 6164, Australia"
SRPVNSG4,Toll Bungarribee - Solar - NSW,NSW,0.4009,2766,Solar,21/01/2019,Unsuspended,0,,"Toll Bungarribee - Solar - NSW, NSW, 2766, Australia",-33.8118301,150.8442036,OK,"Old Wallgrove Rd, Eastern Creek NSW 2766, Australia"
SRPVQLC9,St. Hildas Southport Solar - QLD,QLD,0.285,4215,Solar,18/01/2019,Unsuspended,0,,"St. Hildas Southport Solar - QLD, QLD, 4215, Australia",-27.968729,153.408539,OK,"52 High St, Southport QLD 4215, Australia"
SRPVQLD1,Rugby Run Solar Farm - QLD,QLD,84.7493,4744,Solar,18/01/2019,Unsuspended,0,,"Rugby Run Solar Farm - QLD, QLD, 4744, Australia",-22.1440625,147.9142556,OK,"Moranbah QLD 4744, Australia"
SRPVVCG8,Woolworths MSRDC Dandenong South - Solar - VIC,VIC,1.0032,3175,Solar,17/01/2019,Unsuspended,0,,"Woolworths MSRDC Dandenong South - Solar - VIC, VIC, 3175, Australia",-38.0544085,145.2276038,OK,"2 Portlink Dr, Dandenong South VIC 3175, Australia"
SRWDWA01,Badgingarra Renewable Facility - Wind & Solar - WA,WA,154.318,6521,Wind,17/01/2019,Unsuspended,0,Wind is the primary fuel source. The total capacity is comprised of: 133.2 MW wind and 21.118 MW solar.,"Badgingarra Renewable Facility - Wind & Solar - WA, WA, 6521, Australia",-30.3988319,115.5547078,OK,"Badgingarra WA 6521, Australia"
SRPVVCG5,Alepat Taylor Preston Solar - VIC,VIC,0.3844,3072,Solar,15/01/2019,Unsuspended,0,,"Alepat Taylor Preston Solar - VIC, VIC, 3072, Australia",-37.7462081,145.0234832,OK,"62 Albert St, Preston VIC 3072, Australia"
SRPVSA98,Redmud Green Energy 45 - Solar - SA,SA,0.216,5333,Solar,14/01/2019,Unsuspended,0,,"Redmud Green Energy 45 - Solar - SA, SA, 5333, Australia",-34.1812186,140.7840005,OK,"Lot 41 Sturt Hwy, Paringa SA 5340, Australia"
BEBGQL30,Bunya LFG - QLD,QLD,1.067,4055,Biomass,14/01/2019,Unsuspended,0,,"Bunya LFG - QLD, QLD, 4055, Australia",-27.3741845,152.9304003,OK,"Bunya QLD 4055, Australia"
SRPVQLA8,Oakey 1 Solar Farm - QLD,QLD,29.694,4401,Solar,14/01/2019,Unsuspended,0,,"Oakey 1 Solar Farm - QLD, QLD, 4401, Australia",-27.4441771,151.722869,OK,"Oakey QLD 4401, Australia"
SRPVWA77,Ivankovich Farms - Solar w SGU - WA,WA,0.3079,6220,Solar,11/01/2019,Unsuspended,0,,"Ivankovich Farms - Solar w SGU - WA, WA, 6220, Australia",-33.0946115,115.7190961,OK,"6684 Forrest Hwy, Myalup WA 6220, Australia"
SRPVNSG3,Waverleigh Narromine Solar - NSW,NSW,0.5049,2821,Solar,11/01/2019,Unsuspended,0,,"Waverleigh Narromine Solar - NSW, NSW, 2821, Australia",-32.3333805,147.9675792,OK,"Waverleigh, 2847 Narwonah Road, Narromine NSW 2821, Australia"
SRPVVCG3,St Laurence Community Services Nursing Home - Solar - VIC,VIC,0.1607,3212,Solar,9/01/2019,Unsuspended,0,,"St Laurence Community Services Nursing Home - Solar - VIC, VIC, 3212, Australia",-38.174541,144.342241,OK,"9/63-67 Thomson St, Belmont VIC 3216, Australia"
SRPVQLD0,Cannington Solar Project - Solar - QLD,QLD,3.132,4823,Solar,9/01/2019,Unsuspended,0,,"Cannington Solar Project - Solar - QLD, QLD, 4823, Australia",-20.975595,141.6834275,OK,"Kynuna QLD 4823, Australia"
SRPVVCG2,Lyrebird Village Drouin Solar wSGU - VIC,VIC,0.1664,3818,Solar,8/01/2019,Unsuspended,0,,"Lyrebird Village Drouin Solar wSGU - VIC, VIC, 3818, Australia",-38.1349004,145.8646428,OK,"10 Neerim St, Drouin VIC 3818, Australia"
SRPVVCG4,MC Herd Corio Solar - VIC,VIC,1.3563,3214,Solar,8/01/2019,Unsuspended,0,,"MC Herd Corio Solar - VIC, VIC, 3214, Australia",-38.0629397,144.3578186,OK,"245 Bacchus Marsh Rd, Corio VIC 3214, Australia"
SRPVWA75,Scotch College Junior School w SGU - Solar - WA,WA,0.233,6010,Solar,2/01/2019,Unsuspended,0,,"Scotch College Junior School w SGU - Solar - WA, WA, 6010, Australia",-31.9807436,115.7720955,OK,"76 Shenton Rd, Swanbourne WA 6010, Australia"
SRPVWA76,Scotch College Senior School - Solar - WA,WA,0.2805,6010,Solar,2/01/2019,Unsuspended,0,,"Scotch College Senior School - Solar - WA, WA, 6010, Australia",-31.9807436,115.7720955,OK,"76 Shenton Rd, Swanbourne WA 6010, Australia"
SRPVQLC8,Narangba - Solar - QLD,QLD,0.7538,4504,Solar,2/01/2019,Unsuspended,0,,"Narangba - Solar - QLD, QLD, 4504, Australia",-27.2015813,152.9655318,OK,"Narangba QLD 4504, Australia"
SRPVNSG2,Toukley RSL Club - Solar - NSW,NSW,0.1614,2263,Solar,21/12/2018,Unsuspended,0,,"Toukley RSL Club - Solar - NSW, NSW, 2263, Australia",-33.263838,151.5409676,OK,"Toukley NSW 2263, Australia"
SRPVSA94,Redmud Green Energy 48. - Solar - SA,SA,0.2124,5341,Solar,21/12/2018,Unsuspended,0,,"Redmud Green Energy 48. - Solar - SA, SA, 5341, Australia",-34.1812186,140.7840005,OK,"Lot 41 Sturt Hwy, Paringa SA 5340, Australia"
SRPVQLC7,Studdock Investment Stage 2 - Solar w SGU - QLD,QLD,0.4677,4556,Solar,21/12/2018,Unsuspended,0,The installed capacity includes capacity that received small-scale technology certificates (STCs) under the Small-scale Renewable Energy Target (SRES). ,"Studdock Investment Stage 2 - Solar w SGU - QLD, QLD, 4556, Australia",-26.6971583,153.0500809,OK,"Tanawha QLD 4556, Australia"
SRPVVCG1,University of Melbourne WEBS Solar VIC,VIC,0.1102,3052,Solar,20/12/2018,Unsuspended,0,,"University of Melbourne WEBS Solar VIC, VIC, 3052, Australia",-37.7983459,144.960974,OK,"Parkville VIC 3010, Australia"
SRPVQLC6,Stockland Mall Birtinya - Solar - QLD,QLD,0.5498,4575,Solar,20/12/2018,Unsuspended,0,,"Stockland Mall Birtinya - Solar - QLD, QLD, 4575, Australia",-26.7466819,153.1189741,OK,"Birtinya QLD, Australia"
SRPVQLC5,Hills Solar Farm - Solar - QLD,QLD,0.2518,4280,Solar,18/12/2018,Unsuspended,0,,"Hills Solar Farm - Solar - QLD, QLD, 4280, Australia",-27.8165485,153.0165326,OK,"Hills Golf Course, 105-111 Johanna St, Jimboomba QLD 4280, Australia"
SRPVSA89,Redmud Green Energy 41 - Solar - SA,SA,0.216,5342,Solar,17/12/2018,Unsuspended,0,,"Redmud Green Energy 41 - Solar - SA, SA, 5342, Australia",-34.1812186,140.7840005,OK,"Lot 41 Sturt Hwy, Paringa SA 5340, Australia"
SRPVSA93,Redmud Green Energy 24 - Solar - SA,SA,1.08,5343,Solar,17/12/2018,Unsuspended,0,,"Redmud Green Energy 24 - Solar - SA, SA, 5343, Australia",-34.1812186,140.7840005,OK,"Lot 41 Sturt Hwy, Paringa SA 5340, Australia"
SRPVQLC4,Childers Solar Farm - QLD,QLD,75.0915,4660,Solar,17/12/2018,Unsuspended,0,,"Childers Solar Farm - QLD, QLD, 4660, Australia",-25.3000679,152.4048832,OK,"Cherwell, River, 27265 Bruce Hwy, Isis River QLD 4660, Australia"
SRPVSA95,Riverlands Freerange Blanchetown Solar - SA,SA,1.3938,5357,Solar,14/12/2018,Unsuspended,0,,"Riverlands Freerange Blanchetown Solar - SA, SA, 5357, Australia",-34.316562,139.606562,OK,"MJM4+9J, Blanchetown SA 5357, Australia"
SRPVNT43,Milyakburra (Bickerton Island) Solar Power Station - NT,NT,0.1021,822,Solar,13/12/2018,Unsuspended,0,,"Milyakburra (Bickerton Island) Solar Power Station - NT, NT, 822, Australia",-13.7832463,136.1961739,OK,"Milyakburra NT 0822, Australia"
SRPVNSG1,GDK-SOLAR-NSW,NSW,0.2336,2164,Solar,13/12/2018,Unsuspended,0,,"GDK-SOLAR-NSW, NSW, 2164, Australia",-33.8471588,150.9148396,OK,"268-270 Victoria St, Wetherill Park NSW 2164, Australia"
SRPVSA90,Mt Gambier - Solar - SA,SA,0.629,5290,Solar,13/12/2018,Unsuspended,0,,"Mt Gambier - Solar - SA, SA, 5290, Australia",-37.8256039,140.7712393,OK,"Mount Gambier SA 5290, Australia"
SRPVWA73,CCGS-SOLAR-WA,WA,0.6694,6010,Solar,13/12/2018,Unsuspended,0,,"CCGS-SOLAR-WA, WA, 6010, Australia",-31.986817,115.7779188,OK,"Queenslea Dr, Claremont WA 6010, Australia"
SRPVSA91,Murray Bridge - Solar - SA,SA,0.9819,5253,Solar,13/12/2018,Unsuspended,0,,"Murray Bridge - Solar - SA, SA, 5253, Australia",-35.1200511,139.2736963,OK,"Murray Bridge SA 5253, Australia"
SRPVNT47,Apatula (Finke) Solar Power Station - NT,NT,0.1021,872,Solar,12/12/2018,Unsuspended,0,,"Apatula (Finke) Solar Power Station - NT, NT, 872, Australia",-25.5821522,134.5779806,OK,"Finke NT 0872, Australia"
SRPVSA88,Todae Solar - MDLZ Suttontown 0.32MW Solar SA,SA,0.3244,5291,Solar,12/12/2018,Unsuspended,0,,"Todae Solar - MDLZ Suttontown 0.32MW Solar SA, SA, 5291, Australia",-37.8048527,140.7716049,OK,"Suttontown SA 5291, Australia"
SRPVNT45,Milingimbi Solar Power Station - NT,NT,0.4349,822,Solar,12/12/2018,Unsuspended,0,,"Milingimbi Solar Power Station - NT, NT, 822, Australia",-12.1029214,134.9186015,OK,"Milingimbi NT 0822, Australia"
SRPVNT44,Galiwinku (Elcho Island) Solar Power Station - NT,NT,0.7677,822,Solar,12/12/2018,Unsuspended,0,,"Galiwinku (Elcho Island) Solar Power Station - NT, NT, 822, Australia",-12.0277682,135.5650377,OK,"Galiwinku NT 0822, Australia"
SRPVSA92,Zerella Virginia - Solar - SA,SA,0.997,5120,Solar,12/12/2018,Unsuspended,0,,"Zerella Virginia - Solar - SA, SA, 5120, Australia",-34.6395101,138.5896165,OK,"Lot 22 Johns Rd, Virginia SA 5120, Australia"
SRPVNT46,Minjilang (Croker Island) Solar Power Station - NT,NT,0.1021,822,Solar,11/12/2018,Unsuspended,0,,"Minjilang (Croker Island) Solar Power Station - NT, NT, 822, Australia",-11.1492952,132.5785263,OK,"Minjilang NT 0822, Australia"
SRPVSA85,Redmud Green Energy 46 - Solar - SA,SA,0.216,5345,Solar,10/12/2018,Unsuspended,0,,"Redmud Green Energy 46 - Solar - SA, SA, 5345, Australia",-34.1812186,140.7840005,OK,"Lot 41 Sturt Hwy, Paringa SA 5340, Australia"
SRPVQLC2,Noosa Village - Solar - QLD,QLD,0.2508,4566,Solar,10/12/2018,Unsuspended,0,,"Noosa Village - Solar - QLD, QLD, 4566, Australia",-26.4135439,153.0505132,OK,"Noosaville QLD 4566, Australia"
SRPVQLC1,Hope Island Marketplace-Solar-QLD,QLD,0.4983,4212,Solar,10/12/2018,Unsuspended,0,,"Hope Island Marketplace-Solar-QLD, QLD, 4212, Australia",-27.8773753,153.3638671,OK,"99 Broadwater Ave, Hope Island QLD 4212, Australia"
WD00VC32,Crowlands Windfarm - VIC,VIC,79.95,3377,Wind,9/12/2018,Unsuspended,0,,"Crowlands Windfarm - VIC, VIC, 3377, Australia",-37.1498396,143.1093525,OK,"Crowlands VIC 3377, Australia"
SRPVSA86,NBV Rowlands Flat - Solar SA,SA,0.1579,5352,Solar,6/12/2018,Unsuspended,0,,"NBV Rowlands Flat - Solar SA, SA, 5352, Australia",-34.5738087,138.9325436,OK,"Rowland Flat SA 5352, Australia"
BEBGVC21,Drysdale - LFG - VIC,VIC,1.067,3222,Biomass,6/12/2018,Unsuspended,0,,"Drysdale - LFG - VIC, VIC, 3222, Australia",-38.1728207,144.5708508,OK,"Drysdale VIC 3222, Australia"
SRPVNT42,Titjikala (Maryvale) Solar Power Station - NT,NT,0.4093,872,Solar,5/12/2018,Unsuspended,0,,"Titjikala (Maryvale) Solar Power Station - NT, NT, 872, Australia",-24.674782,134.0764527,OK,"Titjikala NT 0872, Australia"
SRPVNT40,Atitjere (Harts Range) Solar Power Station - NT,NT,0.2301,872,Solar,4/12/2018,Unsuspended,0,,"Atitjere (Harts Range) Solar Power Station - NT, NT, 872, Australia",-22.985241,134.9315766,OK,"Atitjere, NT 0872, Australia"
SRPVNT41,Minyerri Solar Power Station - NT,NT,0.2813,852,Solar,4/12/2018,Unsuspended,0,,"Minyerri Solar Power Station - NT, NT, 852, Australia",-15.2193622,134.0788156,OK,"Miniyeri NT 0852, Australia"
SRPVNSG0,IKEA Rhodes Solar - NSW,NSW,0.4294,2138,Solar,4/12/2018,Suspended,0,,"IKEA Rhodes Solar - NSW, NSW, 2138, Australia",-33.8358879,151.0846996,OK,"1 Oulton Ave, Rhodes NSW 2138, Australia"
SRPVQLC0,BACB1 - Brisbane Airport - Solar - QLD,QLD,5.7254,4008,Solar,4/12/2018,Unsuspended,0,,"BACB1 - Brisbane Airport - Solar - QLD, QLD, 4008, Australia",-27.3946264,153.1236707,OK,"Brisbane Airport (BNE), Airport Dr, Brisbane Airport QLD 4008, Australia"
SRPVSA83,Redmud Green Energy 39 - Solar - SA,SA,0.216,5333,Solar,3/12/2018,Unsuspended,0,,"Redmud Green Energy 39 - Solar - SA, SA, 5333, Australia",-34.1812186,140.7840005,OK,"Lot 41 Sturt Hwy, Paringa SA 5340, Australia"
SRPVSA84,Redmud Green Energy 40 - Solar - SA,SA,0.216,5333,Solar,3/12/2018,Unsuspended,0,,"Redmud Green Energy 40 - Solar - SA, SA, 5333, Australia",-25.274398,133.775136,OK,Australia
SRPVWA72,Rockingham Aqua Jetty - Solar w SGU - WA,WA,0.3332,6169,Solar,3/12/2018,Unsuspended,0,The installed capacity includes capacity that received small-scale technology certificates (STCs) under the Small-scale Renewable Energy Target (SRES). ,"Rockingham Aqua Jetty - Solar w SGU - WA, WA, 6169, Australia",-32.3431946,115.7592984,OK,"87 Warnbro Sound Ave, Warnbro WA 6169, Australia"
HYMCVC09,Lal Lal Mini Hydro Plant - VIC,VIC,0.12,3352,Hydro,30/11/2018,Unsuspended,0,,"Lal Lal Mini Hydro Plant - VIC, VIC, 3352, Australia",-37.6749994,144.013532,OK,"Lal Lal VIC 3352, Australia"
SRPVVCG0,Specialised Breeders Australia Pty Ltd - Solar - VIC,VIC,0.2973,3561,Solar,28/11/2018,Unsuspended,0,,"Specialised Breeders Australia Pty Ltd - Solar - VIC, VIC, 3561, Australia",-36.3317046,144.6533747,OK,"Bamawm VIC 3561, Australia"
SRPVSA81,Tarac Technologies - Nuriootpa - Solar SA,SA,0.3025,5355,Solar,27/11/2018,Unsuspended,0,,"Tarac Technologies - Nuriootpa - Solar SA, SA, 5355, Australia",-34.4757396,138.9736558,OK,"20 Samuel Rd, Nuriootpa SA 5355, Australia"
SRPVVCF6,Tasty Trucks - Solar - VIC,VIC,0.1598,3156,Solar,23/11/2018,Unsuspended,0,,"Tasty Trucks - Solar - VIC, VIC, 3156, Australia",-37.9368007,145.3032906,OK,"Upper Ferntree Gully VIC 3156, Australia"
SRPVVCF3,Barwon Water - Torquay solar farm - VIC,VIC,0.2628,3228,Solar,23/11/2018,Unsuspended,0,,"Barwon Water - Torquay solar farm - VIC, VIC, 3228, Australia",-38.3216957,144.307869,OK,"Barwon La, Torquay VIC 3228, Australia"
SRPVVCF7,Culpan Industries Pty Ltd - Solar - VIC,VIC,0.1518,3061,Solar,22/11/2018,Suspended,0,,"Culpan Industries Pty Ltd - Solar - VIC, VIC, 3061, Australia",-37.6590953,144.9630354,OK,"9-13 Jesica Rd, Campbellfield VIC 3061, Australia"
WD00VC31,Yawong Wind Farm - VIC,VIC,7.2,3478,Wind,22/11/2018,Unsuspended,0,,"Yawong Wind Farm - VIC, VIC, 3478, Australia",-36.4710225,143.3617224,OK,"466 Yeungroon-Coonooer Rd, Yawong Hills VIC 3478, Australia"
SRPVWA74,Aveley Secondary College - Solar - WA,WA,0.5862,6069,Solar,21/11/2018,Unsuspended,0,,"Aveley Secondary College - Solar - WA, WA, 6069, Australia",-31.766239,115.9876656,OK,"55 Maffina Parade, Ellenbrook WA 6069, Australia"
SRPVSA80,Parilla Premium Potatoes - Solar - SA,SA,0.1863,5303,Solar,20/11/2018,Unsuspended,0,,"Parilla Premium Potatoes - Solar - SA, SA, 5303, Australia",-35.2955344,140.710419,OK,"11771 Mallee Hwy, Parilla SA 5303, Australia"
SRPVQLB8,Susan River Solar Farm - QLD,QLD,95.545,4655,Solar,20/11/2018,Unsuspended,0,,"Susan River Solar Farm - QLD, QLD, 4655, Australia",-25.4150161,152.7482407,OK,"Susan River QLD 4655, Australia"
SRPVQLB7,Stockland Hervey Bay - Solar - QLD,QLD,0.9719,4655,Solar,19/11/2018,Unsuspended,0,,"Stockland Hervey Bay - Solar - QLD, QLD, 4655, Australia",-25.2894409,152.8349629,OK,"6 Central Ave, Urraween QLD 4655, Australia"
SRPVWA71,Mandurah Baptist College - SOLAR - WA,WA,0.1968,6180,Solar,17/11/2018,Unsuspended,0,,"Mandurah Baptist College - SOLAR - WA, WA, 6180, Australia",-32.477489,115.7607813,OK,"Catalina Dr, Lakelands WA 6180, Australia"
SRPVVCF8,Todae Solar - Elsum Bayswater North 0.3MW - Solar VIC,VIC,0.3149,3153,Solar,15/11/2018,Unsuspended,0,,"Todae Solar - Elsum Bayswater North 0.3MW - Solar VIC, VIC, 3153, Australia",-37.8221369,145.2963694,OK,"9/11 Gatwick Rd, Bayswater North VIC 3153, Australia"
SRPVSA82,South Road Edwardstown Solar - SA,SA,2.2602,5039,Solar,14/11/2018,Unsuspended,0,,"South Road Edwardstown Solar - SA, SA, 5039, Australia",-34.9803936,138.5738505,OK,"South Rd, Melrose Park DC SA 5039, Australia"
SRPVQLB9, Sigma Berrinba - Solar QLD,QLD,0.2501,4117,Solar,13/11/2018,Unsuspended,0,,"Sigma Berrinba - Solar QLD, QLD, 4117, Australia",-27.66709,153.0760325,OK,"61 Wayne Goss Dr, Berrinba QLD 4117, Australia"
SRPVSA78,Westfield Marion Solar SA,SA,0.6477,5046,Solar,12/11/2018,Unsuspended,0,,"Westfield Marion Solar SA, SA, 5046, Australia",-35.0169801,138.5437278,OK,"297 Diagonal Rd, Oaklands Park SA 5046, Australia"
SRPVQLB6,GL Prince Charles - Solar - QLD,QLD,0.3312,4032,Solar,9/11/2018,Unsuspended,0,,"GL Prince Charles - Solar - QLD, QLD, 4032, Australia",-27.3901504,153.0228653,OK,"627 Rode Rd, Chermside QLD 4032, Australia"
SRPVVCF5,Glenbarry Rd Campbellfield Solar - VIC,VIC,0.3705,3061,Solar,9/11/2018,Unsuspended,0,,"Glenbarry Rd Campbellfield Solar - VIC, VIC, 3061, Australia",-37.6634517,144.9589932,OK,"Glenbarry Rd, Campbellfield VIC 3061, Australia"
SRPVSA79,PepsiCo Regency Park - Solar - SA,SA,0.6508,5010,Solar,9/11/2018,Unsuspended,0,,"PepsiCo Regency Park - Solar - SA, SA, 5010, Australia",-34.857244,138.5659236,OK,"Regency Park SA 5010, Australia"
SRPVTA09,St Brendan Shaw Catholic College - Solar - TAS,TAS,0.1864,7310,Solar,7/11/2018,Unsuspended,0,,"St Brendan Shaw Catholic College - Solar - TAS, TAS, 7310, Australia",-41.1671765,146.3429388,OK,"127 James St, Devonport TAS 7310, Australia"
SRPVVCF4,Wentworth Court-Solar-Vic,VIC,0.2592,3074,Solar,7/11/2018,Unsuspended,0,,"Wentworth Court-Solar-Vic, VIC, 3074, Australia",-37.6904882,144.989851,OK,"Wentworth Ct, Thomastown VIC 3074, Australia"
SRPVVCF9,Wemen Solar Farm - Vic,VIC,109.8714,3549,Solar,7/11/2018,Unsuspended,0,,"Wemen Solar Farm - Vic, VIC, 3549, Australia",-34.8025762,142.5444133,OK,"Booth Rd, Liparoo VIC 3549, Australia"
SRPVSA77,Green Gold 3 - Solar - SA,SA,1.14,5342,Solar,5/11/2018,Unsuspended,0,,"Green Gold 3 - Solar - SA, SA, 5342, Australia",-34.2003327,140.5756887,OK,"Monash SA 5342, Australia"
SRPVQLC3,CleanPeak Energy - Primo Wacol - Solar QLD,QLD,3.201,4076,Solar,5/11/2018,Unsuspended,0,,"CleanPeak Energy - Primo Wacol - Solar QLD, QLD, 4076, Australia",-27.59482,152.9342949,OK,"62 Mcroyle St, Wacol QLD 4076, Australia"
SRPVNSF9,Borg Wella Somersby w SGU - Solar - NSW,NSW,0.7813,2250,Solar,1/11/2018,Unsuspended,0,The installed capacity includes capacity that received small-scale technology certificates (STCs) under the Small-scale Renewable Energy Target (SRES). ,"Borg Wella Somersby w SGU - Solar - NSW, NSW, 2250, Australia",-33.3569025,151.2904349,OK,"Somersby NSW 2250, Australia"
SRPVNSF8,Woolworths Casula - Solar - NSW,NSW,0.1999,2170,Solar,31/10/2018,Unsuspended,0,,"Woolworths Casula - Solar - NSW, NSW, 2170, Australia",-33.9541667,150.8969444,OK,"607 Hume Hwy, Casula NSW 2170, Australia"
SRPVNSF7,Lifestyle Working Brookvale Solar - NSW,NSW,0.2007,2100,Solar,31/10/2018,Unsuspended,0,,"Lifestyle Working Brookvale Solar - NSW, NSW, 2100, Australia",-33.7670207,151.2634213,OK,"Life Style Working, Brookvale NSW 2100, Australia"
SRPVNSF5,Inaburra School - Solar w SGU - NSW,NSW,0.2896,2234,Solar,30/10/2018,Unsuspended,0,The installed capacity includes capacity that received small-scale technology certificates (STCs) under the Small-scale Renewable Energy Target (SRES). ,"Inaburra School - Solar w SGU - NSW, NSW, 2234, Australia",-34.0145334,151.0261843,OK,"75/85 Billa Rd, Bangor NSW 2234, Australia"
SRPVNSF6,Woolworths Mayfield - Solar - NSW,NSW,0.3027,2304,Solar,30/10/2018,Unsuspended,0,,"Woolworths Mayfield - Solar - NSW, NSW, 2304, Australia",-32.8999802,151.7393929,OK,"Maitland Rd &, Valencia St, Mayfield NSW 2304, Australia"
SRPVQLB4,Woolworths Maryborough - Solar - QLD,QLD,0.3156,4650,Solar,30/10/2018,Unsuspended,0,,"Woolworths Maryborough - Solar - QLD, QLD, 4650, Australia",-25.5364126,152.7031328,OK,"294 Adelaide St, Maryborough QLD 4650, Australia"
SRPVVCF2,Mirvac Energy - 664 Collins - Solar - VIC,VIC,0.1892,3008,Solar,29/10/2018,Suspended,0,,"Mirvac Energy - 664 Collins - Solar - VIC, VIC, 3008, Australia",-37.8194028,144.9520182,OK,"664 Collins St, Docklands VIC 3008, Australia"
SRPVVCE8,Complete Colour Cheltenham Solar - VIC,VIC,0.2002,3192,Solar,29/10/2018,Unsuspended,0,,"Complete Colour Cheltenham Solar - VIC, VIC, 3192, Australia",-37.958685,145.0731859,OK,"84-86 Herald St, Cheltenham VIC 3192, Australia"
SRPVVCF0,Future Bake Noble Park Solar - VIC,VIC,0.2002,3174,Solar,29/10/2018,Unsuspended,0,,"Future Bake Noble Park Solar - VIC, VIC, 3174, Australia",-37.9499568,145.185503,OK,"154-156 Browns Rd, Noble Park VIC 3174, Australia"
SRPVTA08,Doone Kennedy Hobart Aquatic Centre - Solar w SGU - TAS,TAS,0.4048,7000,Solar,29/10/2018,Unsuspended,0,The installed capacity includes capacity that received small-scale technology certificates (STCs) under the Small-scale Renewable Energy Target (SRES). ,"Doone Kennedy Hobart Aquatic Centre - Solar w SGU - TAS, TAS, 7000, Australia",-42.8763046,147.3324584,OK,"1 Davies Ave, Queens Domain TAS 7000, Australia"
SRPVQLB5,Stockland Mall Bundaberg - Solar - QLD,QLD,1.028,4670,Solar,26/10/2018,Unsuspended,0,,"Stockland Mall Bundaberg - Solar - QLD, QLD, 4670, Australia",-24.8725591,152.347315,OK,"Shed 5/121 George St, Bundaberg Central QLD 4670, Australia"
SRPVVCF1,Karadoc Solar Farm - VIC,VIC,112.459,3494,Solar,24/10/2018,Unsuspended,0,,"Karadoc Solar Farm - VIC, VIC, 3494, Australia",-34.4161986,142.2521812,OK,"Iraak VIC 3494, Australia"
SRPVVCE6,HSV Clayton South Solar - VIC,VIC,0.8602,3169,Solar,22/10/2018,Unsuspended,0,,"HSV Clayton South Solar - VIC, VIC, 3169, Australia",-37.9454838,145.1210303,OK,"Clayton South VIC 3169, Australia"
WD00VC30,Timboon West Wind Farm - VIC,VIC,7.2,3268,Wind,18/10/2018,Unsuspended,0,,"Timboon West Wind Farm - VIC, VIC, 3268, Australia",-38.528351,142.9162289,OK,"101 E and W Rd, Timboon West VIC 3268, Australia"
SRPVVCE5,Proform Solutions Swan Hill - Solar w SGU - VIC,VIC,0.532,3585,Solar,17/10/2018,Unsuspended,0,The installed capacity includes capacity that received small-scale technology certificates (STCs) under the Small-scale Renewable Energy Target (SRES). ,"Proform Solutions Swan Hill - Solar w SGU - VIC, VIC, 3585, Australia",-35.3269166,143.5343818,OK,"79 Williams Rd, Swan Hill VIC 3585, Australia"
SRPVVCE9,Lynbrook Village - Solar - VIC,VIC,0.3764,3975,Solar,16/10/2018,Unsuspended,0,,"Lynbrook Village - Solar - VIC, VIC, 3975, Australia",-38.0510589,145.2559478,OK,"Lynbrook VIC 3975, Australia"
SRPVTA07,Tasfresh Launceston - Solar - TAS,TAS,0.1863,7250,Solar,12/10/2018,Unsuspended,0,,"Tasfresh Launceston - Solar - TAS, TAS, 7250, Australia",-41.45012,147.0977983,OK,"Blackstone Heights TAS 7250, Australia"
SRPVVCE7,Woolworths Lara - Solar - Vic,VIC,0.1971,3212,Solar,12/10/2018,Unsuspended,0,,"Woolworths Lara - Solar - Vic, VIC, 3212, Australia",-38.0227252,144.408281,OK,"50 The Centreway, Shop 2A/50 Centre Way, Lara VIC 3212, Australia"
SRPVVCE4,True Foods Maryborough Solar - VIC,VIC,1.2402,3465,Solar,12/10/2018,Unsuspended,0,,"True Foods Maryborough Solar - VIC, VIC, 3465, Australia",-37.037473,143.754044,OK,"1 Ohalloran Dr, Maryborough VIC 3465, Australia"
SRPVVCE3,Ballarat Golf Club - Solar - VIC,VIC,0.1604,3350,Solar,11/10/2018,Unsuspended,0,,"Ballarat Golf Club - Solar - VIC, VIC, 3350, Australia",-37.5470246,143.8015038,OK,"1800 Sturt St, Alfredton VIC 3355, Australia"
SRPVNSF3,J Notaras & Sons - Solar - NSW,NSW,0.3111,2460,Solar,11/10/2018,Unsuspended,0,,"J Notaras & Sons - Solar - NSW, NSW, 2460, Australia",-29.7123522,152.9461692,OK,"33 Heber St, South Grafton NSW 2460, Australia"
SRPVVCE2,Kingspan Insulation - Solar - VIC,VIC,0.7543,3062,Solar,11/10/2018,Unsuspended,0,,"Kingspan Insulation - Solar - VIC, VIC, 3062, Australia",-37.6287345,144.9527587,OK,"25 O'Herns Rd, Somerton VIC 3062, Australia"
SRPVWA69,Ambrisolar PV 1 - WA,WA,1.0282,6415,Solar,11/10/2018,Unsuspended,0,,"Ambrisolar PV 1 - WA, WA, 6415, Australia",-31.5402588,118.2752169,OK,"Merredin WA 6415, Australia"
SRPVSA76,Adelaide Desalination Plant - Solar - SA,SA,0.22,5160,Solar,10/10/2018,Unsuspended,0,,"Adelaide Desalination Plant - Solar - SA, SA, 5160, Australia",-35.096799,138.4839965,OK,"16 Chrysler Rd, Lonsdale SA 5160, Australia"
SRPVNSF2,HS Wetherill Park 0.2MW - Solar - NSW,NSW,0.1995,2164,Solar,9/10/2018,Unsuspended,0,,"HS Wetherill Park 0.2MW - Solar - NSW, NSW, 2164, Australia",-33.8492918,150.9132815,OK,"Wetherill Park NSW 2164, Australia"
SRPVNSF4,Woolworths Camden - Solar - NSW,NSW,0.1999,2570,Solar,9/10/2018,Unsuspended,0,,"Woolworths Camden - Solar - NSW, NSW, 2570, Australia",-34.0539556,150.6936,OK,"35 Oxley St, Camden NSW 2570, Australia"
HYMCVC08,Ythan Creek - Hydro - Vic,VIC,0.1,3799,Hydro,8/10/2018,Unsuspended,0,,"Ythan Creek - Hydro - Vic, VIC, 3799, Australia",-37.73688343523492,145.6814568414617,OK,"Ythan Creek, Warburton VIC 3799, Australia"
SRPVWA68,Unique Power - Solar - WA,WA,0.198,6065,Solar,8/10/2018,Unsuspended,0,,"Unique Power - Solar - WA, WA, 6065, Australia",-31.763241,115.816684,OK,"Ashby WA 6065, Australia"
SRPVVCE0,University of Melbourne Dookie Campus Solar Vic,VIC,0.1681,3647,Solar,5/10/2018,Unsuspended,0,,"University of Melbourne Dookie Campus Solar Vic, VIC, 3647, Australia",-36.3840116,145.7069836,OK,"543/2 Ridge Rd, Dookie College VIC 3647, Australia"
SRPVNSF0,OEH Lidcombe Labs Solar PV - NSW,NSW,0.1701,2141,Solar,3/10/2018,Unsuspended,0,,"OEH Lidcombe Labs Solar PV - NSW, NSW, 2141, Australia",-33.8616915,151.0423034,OK,"Lidcombe NSW 2141, Australia"
SRPVQLB2,Baking Board solar farm - QLD,QLD,19.9244,4413,Solar,3/10/2018,Unsuspended,0,,"Baking Board solar farm - QLD, QLD, 4413, Australia",-26.7211656,150.5541702,OK,"Baking Board QLD 4413, Australia"
SRPVNSF1,Woolworths Bulli - Solar - NSW,NSW,0.1999,2516,Solar,2/10/2018,Unsuspended,0,,"Woolworths Bulli - Solar - NSW, NSW, 2516, Australia",-34.33666669999999,150.9130556,OK,"5-9 Molloy St, Bulli NSW 2516, Australia"
SRPVQLB3,Woolworths Vincent - Solar - QLD,QLD,0.2156,4814,Solar,2/10/2018,Unsuspended,0,,"Woolworths Vincent - Solar - QLD, QLD, 4814, Australia",-19.2869414,146.7618667,OK,"249 Fulham Rd, Vincent QLD 4814, Australia"
SRPVVCE1,St Kilda Town Hall - Solar - VIC,VIC,0.172,3182,Solar,1/10/2018,Unsuspended,0,,"St Kilda Town Hall - Solar - VIC, VIC, 3182, Australia",-37.8686304,144.9884716,OK,"99A Carlisle St, St Kilda VIC 3182, Australia"
SRPVSA75,I.B. McBryde Port Pirie Solar - SA,SA,0.2976,5540,Solar,29/09/2018,Unsuspended,0,,"I.B. McBryde Port Pirie Solar - SA, SA, 5540, Australia",-33.1900987,137.9956572,OK,"McBride Ct, Risdon Park SA 5540, Australia"
SRPVVCD9,Catholic Regional College St Albans Solar - VIC,VIC,0.16,3021,Solar,27/09/2018,Unsuspended,0,,"Catholic Regional College St Albans Solar - VIC, VIC, 3021, Australia",-37.7385199,144.7989092,OK,"10 Theodore St, St Albans VIC 3021, Australia"
SRPVQLA0,BTP 8 CLUNIES 9 MCKECHNIE Solar - QLD,QLD,0.2101,4113,Solar,27/09/2018,Unsuspended,0,,"BTP 8 CLUNIES 9 MCKECHNIE Solar - QLD, QLD, 4113, Australia",-27.5773786,153.0944857,OK,"1 Clunies Ross Court, Eight Mile Plains QLD 4113, Australia"
SRPVQLB0,Mercy College Mackay Solar - QLD,QLD,0.3801,4740,Solar,27/09/2018,Unsuspended,0,,"Mercy College Mackay Solar - QLD, QLD, 4740, Australia",-21.154796,149.1831364,OK,"2 Penn St, South Mackay QLD 4740, Australia"
SRPVVCD8,Camberwell Grammar Solar - VIC,VIC,0.8885,3126,Solar,27/09/2018,Unsuspended,0,,"Camberwell Grammar Solar - VIC, VIC, 3126, Australia",-37.8163573,145.0665681,OK,"55 Mont Albert Rd, Canterbury VIC 3126, Australia"
SRPVQLA9,Matthew Flinders Anglican College - QLD - Solar w SGU,QLD,0.2985,4556,Solar,26/09/2018,Unsuspended,0,The installed capacity includes capacity that received small-scale technology certificates (STCs) under the Small-scale Renewable Energy Target (SRES). ,"Matthew Flinders Anglican College - QLD - Solar w SGU, QLD, 4556, Australia",-26.6990653,153.0597255,OK,"1/46 Stringybark Rd, Buderim QLD 4556, Australia"
SRPVSA72,Redmud Green Energy 38 - Solar - SA,SA,0.216,5340,Solar,25/09/2018,Unsuspended,0,,"Redmud Green Energy 38 - Solar - SA, SA, 5340, Australia",-34.1812186,140.7840005,OK,"Lot 41 Sturt Hwy, Paringa SA 5340, Australia"
SRPVSA73,Redmud Green Energy 36 - Solar - SA,SA,0.216,5631,Solar,25/09/2018,Unsuspended,0,,"Redmud Green Energy 36 - Solar - SA, SA, 5631, Australia",-34.1812186,140.7840005,OK,"Lot 41 Sturt Hwy, Paringa SA 5340, Australia"
SRPVVCD7,O'Brien Group Docklands - Solar - Vic,VIC,0.4721,3008,Solar,25/09/2018,Unsuspended,0,,"O'Brien Group Docklands - Solar - Vic, VIC, 3008, Australia",-37.8118593,144.9356358,OK,"Ground/105 Pearl River Rd, Docklands VIC 3008, Australia"
SRPVSA74,Bungala Two Solar Farm SA,SA,137.9754,5713,Solar,24/09/2018,Unsuspended,0,,"Bungala Two Solar Farm SA, SA, 5713, Australia",-30.0002315,136.2091547,OK,"South Australia, Australia"
SRPVQLA7,HAYMAN SOLAR FARM - QLD,QLD,60.24,4804,Solar,23/09/2018,Unsuspended,0,,"HAYMAN SOLAR FARM - QLD, QLD, 4804, Australia",-20.4875155,147.7447776,OK,"Hayman Solar Farm, Strathmore Rd, Collinsville QLD 4804, Australia"
SRPVNT39,Alice Springs Aquatic and Leisure Centre - Solar w SGU - NT,NT,0.277,870,Solar,21/09/2018,Unsuspended,0,The installed capacity includes capacity that received small-scale technology certificates (STCs) under the Small-scale Renewable Energy Target (SRES). ,"Alice Springs Aquatic and Leisure Centre - Solar w SGU - NT, NT, 870, Australia",-23.7110119,133.8733261,OK,"10 Speed St, The Gap NT 0870, Australia"
SRPVQLA3,BTP 88 BRANDL Solar - QLD,QLD,0.1965,4113,Solar,20/09/2018,Unsuspended,0,,"BTP 88 BRANDL Solar - QLD, QLD, 4113, Australia",-27.5789006,153.0985757,OK,"88 Brandl St, Eight Mile Plains QLD 4113, Australia"
SRPVQLA6,DAYDREAM SOLAR FARM  - QLD,QLD,180.7488,4804,Solar,20/09/2018,Unsuspended,0,,"DAYDREAM SOLAR FARM  - QLD, QLD, 4804, Australia",-20.4941777,147.7705054,OK,"Daydream Solar Farm, Strathmore Rd, Collinsville QLD 4804, Australia"
SRPVQLA1,BTP 37 BRANDL Solar - QLD,QLD,0.1992,4113,Solar,19/09/2018,Unsuspended,0,,"BTP 37 BRANDL Solar - QLD, QLD, 4113, Australia",-27.5804413,153.0992786,OK,"37 Brandl St, Eight Mile Plains QLD 4113, Australia"
SRPVNSE8,Woolworths Inverell - Solar - NSW,NSW,0.2218,2360,Solar,19/09/2018,Unsuspended,0,,"Woolworths Inverell - Solar - NSW, NSW, 2360, Australia",-29.7716903,151.1122894,OK,"16 Sweaney St, Inverell NSW 2360, Australia"
SRPVQLA2,Friendly Society Private Hospital  Bundaberg - Solar - QLD,QLD,0.5642,4670,Solar,19/09/2018,Unsuspended,0,,"Friendly Society Private Hospital  Bundaberg - Solar - QLD, QLD, 4670, Australia",-24.8705794,152.3427065,OK,"19-23 Bingera St, Bundaberg West QLD 4670, Australia"
SRPVQLB1,Emerald Solar Park - QLD,QLD,89.6308,4720,Solar,18/09/2018,Unsuspended,0,,"Emerald Solar Park - QLD, QLD, 4720, Australia",-23.51,148.1299999,OK,"Emerald QLD 4720, Australia"
SRPVNSE9,Ausperl Solar System - NSW,NSW,0.2377,2211,Solar,17/09/2018,Unsuspended,0,,"Ausperl Solar System - NSW, NSW, 2211, Australia",-33.936945,151.033471,OK,"64 Gow St, Padstow NSW 2211, Australia"
SRPVQLA5,Emmaus College Main Street Solar - QLD,QLD,0.2703,4701,Solar,17/09/2018,Unsuspended,0,,"Emmaus College Main Street Solar - QLD, QLD, 4701, Australia",-23.3503534,150.521744,OK,"185 Main St, North Rockhampton QLD 4701, Australia"
SRPVQLA4,Emmaus College Yaamba Road Solar - QLD,QLD,0.3801,4701,Solar,17/09/2018,Unsuspended,0,,"Emmaus College Yaamba Road Solar - QLD, QLD, 4701, Australia",-23.3474002,150.5236151,OK,"362 Yaamba Rd, Norman Gardens QLD 4701, Australia"
SRPVVCD5,Mt Derrimut Rd Derrimut Solar - VIC,VIC,0.6977,3026,Solar,17/09/2018,Unsuspended,0,,"Mt Derrimut Rd Derrimut Solar - VIC, VIC, 3026, Australia",-37.7981674,144.7710823,OK,"Mt Derrimut Rd, Laverton North VIC 3026, Australia"
SRPVSA71,Scholle IPN -Solar - SA,SA,0.7022,5113,Solar,17/09/2018,Unsuspended,0,,"Scholle IPN -Solar - SA, SA, 5113, Australia",-34.7049853,138.673985,OK,"Edinburgh North SA 5113, Australia"
SRPVSA70,Crystal Brook Depot - Solar - SA,SA,0.1099,5523,Solar,14/09/2018,Unsuspended,0,,"Crystal Brook Depot - Solar - SA, SA, 5523, Australia",-33.3889869,138.1995591,OK,"Crystal Brook, SA 5523, Australia"
SRPVVCD4,Pullar Cold Storage - Solar - Vic,VIC,0.439,3644,Solar,14/09/2018,Unsuspended,0,,"Pullar Cold Storage - Solar - Vic, VIC, 3644, Australia",-35.9329807,145.6572549,OK,"3479 Murray Valley Hwy, Cobram VIC 3644, Australia"
SRPVNSE7,Proten Solar NSW - Farm 92-2,NSW,0.1228,2340,Solar,13/09/2018,Unsuspended,0,,"Proten Solar NSW - Farm 92-2, NSW, 2340, Australia",-33.911343,150.9381637,OK,"Warwick Farm NSW 2170, Australia"
SRPVQL99,Western Meat Exporters - Solar - QLD,QLD,0.758,4470,Solar,12/09/2018,Unsuspended,0,,"Western Meat Exporters - Solar - QLD, QLD, 4470, Australia",-26.4101943,146.291809,OK,"60 Warrego Hwy, Charleville QLD 4470, Australia"
SRPVVCD3,Van Wyk Flowers - Solar - VIC,VIC,0.3409,3975,Solar,11/09/2018,Unsuspended,0,,"Van Wyk Flowers - Solar - VIC, VIC, 3975, Australia",-38.0704681,145.2424941,OK,"Lynbrook VIC 3975, Australia"
SRPVNSE6,Moama on Murray - Solar w SGU - NSW,NSW,0.1971,2731,Solar,10/09/2018,Unsuspended,0,The installed capacity includes capacity that received small-scale technology certificates (STCs) under the Small-scale Renewable Energy Target (SRES). ,"Moama on Murray - Solar w SGU - NSW, NSW, 2731, Australia",-36.1069329,144.7559834,OK,"Moama NSW 2731, Australia"
SRPVNSE4,Midwest Foods Dubbo Solar - NSW,NSW,0.1998,2830,Solar,7/09/2018,Unsuspended,0,,"Midwest Foods Dubbo Solar - NSW, NSW, 2830, Australia",-32.262841,148.653215,OK,"2 Capital Dr, Dubbo NSW 2830, Australia"
SRPVVCD6,Lamattina - Solar - VIC,VIC,0.3003,3549,Solar,6/09/2018,Unsuspended,0,,"Lamattina - Solar - VIC, VIC, 3549, Australia",-34.75832,142.667536,OK,"3916 Hattah-Robinvale Rd, Wemen VIC 3549, Australia"
SRPVNSE5,Coleambally Solar Farm - NSW - Solar,NSW,188.6799,2707,Solar,6/09/2018,Unsuspended,0,,"Coleambally Solar Farm - NSW - Solar, NSW, 2707, Australia",-34.7440883,145.9541003,OK,"44-18 Ercildoune Rd, Coleambally NSW 2707, Australia"
SRPVWA67,CBH Geraldton Port - Solar - WA,WA,0.115,6530,Solar,5/09/2018,Unsuspended,0,,"CBH Geraldton Port - Solar - WA, WA, 6530, Australia",-28.7766467,114.602634,OK,"Ian Bogle Rd, Geraldton WA 6530, Australia"
SRPVNSE3,Panania Diggers RSL Club - Solar - NSW,NSW,0.1756,2213,Solar,5/09/2018,Unsuspended,0,,"Panania Diggers RSL Club - Solar - NSW, NSW, 2213, Australia",-33.9539736,150.9878704,OK,"Panania Diggers, 28 Childs St, Panania NSW 2213, Australia"
SRPVWA66,Todae Solar - Scentre Group Cannington - Solar - WA,WA,1.0719,6107,Solar,3/09/2018,Unsuspended,0,,"Todae Solar - Scentre Group Cannington - Solar - WA, WA, 6107, Australia",-31.9890697,115.9801466,OK,"7 Wharton Rd, Kewdale WA 6105, Australia"
SRPVWA65,SCV Canning Vale 0.25MW - Solar WA,WA,0.2508,6155,Solar,31/08/2018,Unsuspended,0,,"SCV Canning Vale 0.25MW - Solar WA, WA, 6155, Australia",-32.0887424,115.9177846,OK,"Canning Vale WA 6155, Australia"
SRPVQL98,Condamine Solar Farm - Solar - QLD,QLD,0.2997,4416,Solar,31/08/2018,Unsuspended,0,,"Condamine Solar Farm - Solar - QLD, QLD, 4416, Australia",-26.9270865,150.1364566,OK,"Condamine QLD 4416, Australia"
SRPVNSD9,EG Berkeley 0.14MW Solar NSW,NSW,0.1405,2506,Solar,28/08/2018,Unsuspended,0,,"EG Berkeley 0.14MW Solar NSW, NSW, 2506, Australia",-34.476942,150.838983,OK,"Berkeley NSW 2506, Australia"
SRPVVCC8,Newbridge Solar Plant - VIC,VIC,0.69,3551,Solar,27/08/2018,Unsuspended,0,,"Newbridge Solar Plant - VIC, VIC, 3551, Australia",-36.7403066,143.9001896,OK,"Newbridge VIC 3551, Australia"
SRPVVCC7,Ferguson Plarre - Solar - VIC,VIC,0.4747,3042,Solar,25/08/2018,Unsuspended,0,,"Ferguson Plarre - Solar - VIC, VIC, 3042, Australia",-37.7219869,144.8500253,OK,"Unit 32/40 Keilor Park Dr, Keilor Park VIC 3042, Australia"
SRPVQL95,Ross River Solar Farm - QLD,QLD,148.368,4815,Solar,24/08/2018,Unsuspended,0,,"Ross River Solar Farm - QLD, QLD, 4815, Australia",-19.4130191,146.7207946,OK,"Kelso Dr, Kelso QLD 4815, Australia"
SRPVSA69,Lincoln Plastics Royal Park - Solar - SA.,SA,0.1512,5014,Solar,23/08/2018,Unsuspended,0,,"Lincoln Plastics Royal Park - Solar - SA., SA, 5014, Australia",-34.8658617,138.5070938,OK,"4 Brandwood St, Cheltenham SA 5014, Australia"
SRPVNSE0,HJ Heinz Solar System - NSW,NSW,0.5002,2650,Solar,23/08/2018,Unsuspended,0,,"HJ Heinz Solar System - NSW, NSW, 2650, Australia",-35.0746395,147.4122618,OK,"Dampier St, Bomen NSW 2650, Australia"
SRPVVCD1,MMS Donvale Solar - VIC,VIC,0.4522,3111,Solar,22/08/2018,Unsuspended,0,,"MMS Donvale Solar - VIC, VIC, 3111, Australia",-37.7901921,145.1872619,OK,"Donvale VIC 3111, Australia"
SRPVQL96,Parkside Plaza - Solar - QLD,QLD,0.1999,4740,Solar,20/08/2018,Unsuspended,0,,"Parkside Plaza - Solar - QLD, QLD, 4740, Australia",-21.1582043,149.1692182,OK,"245 Bridge Rd, West Mackay QLD 4740, Australia"
SRPVVCD0,Gemwood - Solar - VIC,VIC,0.2029,3168,Solar,20/08/2018,Unsuspended,0,,"Gemwood - Solar - VIC, VIC, 3168, Australia",-37.9211962,145.1320653,OK,"Notting Hill VIC 3168, Australia"
SRPVTA06,SRT Logistics Devonport - Solar - Tas,TAS,0.5842,7310,Solar,20/08/2018,Unsuspended,0,,"SRT Logistics Devonport - Solar - Tas, TAS, 7310, Australia",-41.2055498,146.3520697,OK,"2 Saleyard Rd, Quoiba TAS 7310, Australia"
SRPVNSE1,Stockland Merrylands - Solar - NSW,NSW,1.1088,2160,Solar,20/08/2018,Unsuspended,0,,"Stockland Merrylands - Solar - NSW, NSW, 2160, Australia",-33.8345951,150.9891995,OK,"1 McFarlane St, Merrylands NSW 2160, Australia"
WD00QL03,Mount Emerald Wind Farm - Qld,QLD,180.45,4880,Wind,20/08/2018,Unsuspended,0,,"Mount Emerald Wind Farm - Qld, QLD, 4880, Australia",-17.1332484,145.3800374,OK,"Kippen Drive, Arriga QLD 4872, Australia"
SRPVVCC9,Spence Doors - Solar - VIC,VIC,0.2519,3192,Solar,16/08/2018,Unsuspended,0,,"Spence Doors - Solar - VIC, VIC, 3192, Australia",-37.9634774,145.0323605,OK,"85-89 Tulip St, Cheltenham VIC 3192, Australia"
SRPVNSD7,UNSW - BioSc (E26) - Solar - NSW,NSW,0.095,2031,Solar,15/08/2018,Unsuspended,0,,"UNSW - BioSc (E26) - Solar - NSW, NSW, 2031, Australia",-33.9176637,151.2360499,OK,"Biological Sciences Building South (E26, Library Rd, Kensington NSW 2033, Australia"
SRPVQL89,GL Maryborough - QLD - Solar,QLD,0.1656,4650,Solar,15/08/2018,Unsuspended,0,,"GL Maryborough - QLD - Solar, QLD, 4650, Australia",-25.5384947,152.7034191,OK,"Maryborough QLD 4650, Australia"
SRPVNSE2,Proten Solar NSW - Farm 91,NSW,0.2995,2340,Solar,15/08/2018,Unsuspended,0,,"Proten Solar NSW - Farm 91, NSW, 2340, Australia",-33.911343,150.9381637,OK,"Warwick Farm NSW 2170, Australia"
SRPVNSD8,Sandvik Heatherbrae Solar - NSW,NSW,0.1342,2324,Solar,14/08/2018,Unsuspended,0,,"Sandvik Heatherbrae Solar - NSW, NSW, 2324, Australia",-32.7865693,151.7388447,OK,"431 Masonite Rd, Heatherbrae NSW 2324, Australia"
SRPVVCD2,Staetite - Solar - VIC,VIC,0.1749,3081,Solar,14/08/2018,Unsuspended,0,,"Staetite - Solar - VIC, VIC, 3081, Australia",-37.7304295,145.0433764,OK,"53 Sheehan Rd, Heidelberg West VIC 3081, Australia"
SRPVVCC4,CHAH01 Laverton - Solar - VIC,VIC,0.4501,3029,Solar,14/08/2018,Unsuspended,0,,"CHAH01 Laverton - Solar - VIC, VIC, 3029, Australia",-37.8635199,144.7710013,OK,"Laverton VIC 3028, Australia"
SRPVVCC6,Numurkah Solar Farm - VIC,VIC,5.98,3636,Solar,14/08/2018,Unsuspended,0,,"Numurkah Solar Farm - VIC, VIC, 3636, Australia",-36.1596789,145.4738272,OK,"296 Wunghnu Rd, Drumanure VIC 3636, Australia"
SRPVVCC5,Conga Foods Coburg Solar - VIC,VIC,0.46,3058,Solar,7/08/2018,Unsuspended,0,,"Conga Foods Coburg Solar - VIC, VIC, 3058, Australia",-37.7271,144.976291,OK,"150 Newlands Rd, Coburg North VIC 3058, Australia"
WD00NS16,Bodangora Wind Farm Pty Limited-NSW,NSW,113.19,2820,Wind,6/08/2018,Unsuspended,0,,"Bodangora Wind Farm Pty Limited-NSW, NSW, 2820, Australia",-32.4071283,149.04133,OK,"Gillinghall Rd, Bodangora NSW 2820, Australia"
SRPVSA66,Redmud Green Energy 22 - Solar - SA,SA,0.216,5341,Solar,2/08/2018,Unsuspended,0,,"Redmud Green Energy 22 - Solar - SA, SA, 5341, Australia",-34.1812186,140.7840005,OK,"Lot 41 Sturt Hwy, Paringa SA 5340, Australia"
SRPVVCC3,Synectix Dandenong South Solar - VIC,VIC,0.3042,3175,Solar,1/08/2018,Unsuspended,0,,"Synectix Dandenong South Solar - VIC, VIC, 3175, Australia",-38.03329799999999,145.238637,OK,"301/311 Abbotts Rd, Dandenong South VIC 3175, Australia"
SRPVQL97,Ratch-Collinsville Solar PV - Qld,QLD,58.6827,4804,Solar,1/08/2018,Unsuspended,0,,"Ratch-Collinsville Solar PV - Qld, QLD, 4804, Australia",-20.5530632,147.8442539,OK,"Collinsville QLD 4804, Australia"
SRPVSA68,Burnside War Memorial Kensington Solar - SA,SA,0.1571,5065,Solar,31/07/2018,Unsuspended,0,,"Burnside War Memorial Kensington Solar - SA, SA, 5065, Australia",-34.9274519,138.6381647,OK,"120 Kensington Rd, Toorak Gardens SA 5065, Australia"
SRPVWA64,North Regional TAFE - SOLAR - WA,WA,0.1929,6714,Solar,30/07/2018,Unsuspended,0,,"North Regional TAFE - SOLAR - WA, WA, 6714, Australia",-20.746269,116.8231208,OK,"Lot 2598 Dampier Hwy, Karratha WA 6714, Australia"
SRPVSA67,Revolution Roofing - Solar - SA,SA,0.1993,5010,Solar,30/07/2018,Unsuspended,0,,"Revolution Roofing - Solar - SA, SA, 5010, Australia",-30.0002315,136.2091547,OK,"South Australia, Australia"
SRPVQL94,Calvary Christian College Solar w SGU - QLD,QLD,0.2308,4814,Solar,30/07/2018,Unsuspended,0,The installed capacity includes capacity that received small-scale technology certificates (STCs) under the Small-scale Renewable Energy Target (SRES). ,"Calvary Christian College Solar w SGU - QLD, QLD, 4814, Australia",-19.2687709,146.7383139,OK,"569 Bayswater Rd, Mount Louisa QLD 4814, Australia"
SRPVVCC1,Tanloden - Solar - VIC,VIC,0.2753,3551,Solar,30/07/2018,Unsuspended,0,,"Tanloden - Solar - VIC, VIC, 3551, Australia",-36.8021738,144.4779988,OK,"Kimbolton VIC 3551, Australia"
SRPVNSD4,Proten Solar NSW - Farm 73,NSW,0.2508,2652,Solar,27/07/2018,Unsuspended,0,,"Proten Solar NSW - Farm 73, NSW, 2652, Australia",-33.911343,150.9381637,OK,"Warwick Farm NSW 2170, Australia"
SRPVNSD3,Proten Solar NSW - Farm 72,NSW,0.3008,2652,Solar,27/07/2018,Unsuspended,0,,"Proten Solar NSW - Farm 72, NSW, 2652, Australia",-33.911343,150.9381637,OK,"Warwick Farm NSW 2170, Australia"
SRPVVCC2,Stockland Mall Traralgon - Solar - VIC,VIC,0.5001,3844,Solar,27/07/2018,Unsuspended,0,,"Stockland Mall Traralgon - Solar - VIC, VIC, 3844, Australia",-38.194513,146.539444,OK,"166-188 Franklin St, Traralgon VIC 3844, Australia"
SRPVNSD6,Singleton Square - Solar - NSW,NSW,0.8612,2330,Solar,27/07/2018,Unsuspended,0,,"Singleton Square - Solar - NSW, NSW, 2330, Australia",-32.566397,151.1639759,OK,"1 Gowrie St, Singleton NSW 2330, Australia"
SRPVQL90,Darling Downs Solar Farm - QLD,QLD,137.592,4406,Solar,27/07/2018,Unsuspended,0,,"Darling Downs Solar Farm - QLD, QLD, 4406, Australia",-27.7210976,150.3037323,OK,"Southwood QLD 4406, Australia"
SRPVVCC0,Banyule City Council Greensborough Solar - VIC,VIC,0.1924,3088,Solar,26/07/2018,Unsuspended,0,,"Banyule City Council Greensborough Solar - VIC, VIC, 3088, Australia",-37.7040545,145.1051893,OK,"Level 3/1 Flintoff St, Greensborough VIC 3088, Australia"
SRPVQL92,Mirvac Energy - Orion - Solar - QLD,QLD,1.008,4300,Solar,26/07/2018,Suspended,0,,"Mirvac Energy - Orion - Solar - QLD, QLD, 4300, Australia",-27.6776615,152.9021193,OK,"1 Main St, Springfield Central QLD 4300, Australia"
SRPVSA65,Redmud Green Energy 27 - Solar - SA,SA,0.216,5333,Solar,25/07/2018,Unsuspended,0,,"Redmud Green Energy 27 - Solar - SA, SA, 5333, Australia",-34.1812186,140.7840005,OK,"Lot 41 Sturt Hwy, Paringa SA 5340, Australia"
SRPVNSD2,Proten Solar NSW - Farm 71,NSW,0.2508,2669,Solar,25/07/2018,Unsuspended,0,,"Proten Solar NSW - Farm 71, NSW, 2669, Australia",-33.911343,150.9381637,OK,"Warwick Farm NSW 2170, Australia"
SRPVQL93,Coomera Anglican Solar w SGU - QLD,QLD,0.2513,4209,Solar,25/07/2018,Unsuspended,0,The installed capacity includes capacity that received small-scale technology certificates (STCs) under the Small-scale Renewable Energy Target (SRES). ,"Coomera Anglican Solar w SGU - QLD, QLD, 4209, Australia",-27.8578702,153.3050707,OK,"8 Days Rd, Upper Coomera QLD 4209, Australia"
SRPVNSD5,Proten Solar NSW - Farm 92-1,NSW,0.1497,2340,Solar,24/07/2018,Unsuspended,0,,"Proten Solar NSW - Farm 92-1, NSW, 2340, Australia",-33.911343,150.9381637,OK,"Warwick Farm NSW 2170, Australia"
SRPVNSD1,Proten Solar NSW - Farm 70,NSW,0.3008,2669,Solar,24/07/2018,Unsuspended,0,,"Proten Solar NSW - Farm 70, NSW, 2669, Australia",-33.911343,150.9381637,OK,"Warwick Farm NSW 2170, Australia"
SRPVNSD0,Borg Charmhaven - Solar - NSW,NSW,1.3038,2263,Solar,24/07/2018,Unsuspended,0,,"Borg Charmhaven - Solar - NSW, NSW, 2263, Australia",-33.2262433,151.5029848,OK,"Charmhaven NSW 2263, Australia"
WD00SA21,Willogoleche Wind Farm - SA,SA,119.36,5419,Wind,24/07/2018,Unsuspended,0,,"Willogoleche Wind Farm - SA, SA, 5419, Australia",-33.4495523,138.7973036,OK,"Willalo SA 5419, Australia"
SRPVVCB9,Bannerton Solar Park - VIC,VIC,110.1951,3549,Solar,20/07/2018,Unsuspended,0,,"Bannerton Solar Park - VIC, VIC, 3549, Australia",-34.7507932,142.8038385,OK,"Bannerton VIC 3549, Australia"
SRPVTA05,SRT Logistics Launceston - Solar - Tas,TAS,0.247,7212,Solar,18/07/2018,Unsuspended,0,,"SRT Logistics Launceston - Solar - Tas, TAS, 7212, Australia",-41.5399545,147.1917016,OK,"22 Translink Ave, Western Junction TAS 7212, Australia"
SRPVSA64,Redmud Green Energy 37 - Solar - SA,SA,0.216,5340,Solar,17/07/2018,Unsuspended,0,,"Redmud Green Energy 37 - Solar - SA, SA, 5340, Australia",-34.1812186,140.7840005,OK,"Lot 41 Sturt Hwy, Paringa SA 5340, Australia"
SRPVVCB8,Fastrac Foodservices - Solar - VIC,VIC,0.1748,3912,Solar,16/07/2018,Unsuspended,0,,"Fastrac Foodservices - Solar - VIC, VIC, 3912, Australia",-38.2192211,145.1820719,OK,"32 Simcock St, Somerville VIC 3912, Australia"
SRPVNSC9,Stockland Green Hills 1.87MW - Solar - NSW,NSW,1.9172,2323,Solar,13/07/2018,Unsuspended,0,,"Stockland Green Hills 1.87MW - Solar - NSW, NSW, 2323, Australia",-32.7627913,151.5913572,OK,"1 Molly Morgan Dr, East Maitland NSW 2323, Australia"
SRPVQL91,WHITSUNDAY SOLAR FARM - QLD,QLD,68.8896,4804,Solar,11/07/2018,Unsuspended,0,,"WHITSUNDAY SOLAR FARM - QLD, QLD, 4804, Australia",-20.4948646,147.7481529,OK,"Curringa Rd, Springlands QLD 4804, Australia"
SRPVWA63,Sundance Scarborough Solar - WA,WA,0.1373,6019,Solar,9/07/2018,Unsuspended,0,,"Sundance Scarborough Solar - WA, WA, 6019, Australia",-31.8974738,115.759873,OK,"101/35 Hastings St, Scarborough WA 6019, Australia"
SRPVQL88,Woree Plaza Solar - QLD,QLD,0.1822,4868,Solar,9/07/2018,Unsuspended,0,,"Woree Plaza Solar - QLD, QLD, 4868, Australia",-16.9519147,145.7427826,OK,"Woree Plaza, Woree QLD 4868, Australia"
SRPVNSC8,Grace Worldwide Seven Hills Solar- NSW,NSW,0.1603,2147,Solar,3/07/2018,Unsuspended,0,,"Grace Worldwide Seven Hills Solar- NSW, NSW, 2147, Australia",-33.7779124,150.9321578,OK,"Seven Hills NSW 2147, Australia"
SRPVQL85,HAMILTON SOLAR FARM - QLD,QLD,68.889,4804,Solar,3/07/2018,Unsuspended,0,,"HAMILTON SOLAR FARM - QLD, QLD, 4804, Australia",-20.5166818,147.685613,OK,"Strathmore Rd, Springlands QLD 4804, Australia"
SRPVQL87,Packer Leather QLD Solar,QLD,0.2785,4504,Solar,28/06/2018,Unsuspended,0,,"Packer Leather QLD Solar, QLD, 4504, Australia",-27.2012958,153.0036621,OK,"Narangba Innovation Precinct, 101-107 Boundary Rd, Narangba QLD 4504, Australia"
SRPVSA63,Gilmac Balaklava - Solar - SA,SA,0.403,5461,Solar,27/06/2018,Unsuspended,0,,"Gilmac Balaklava - Solar - SA, SA, 5461, Australia",-34.1754684,138.4403593,OK,"305 Wedding Rd, Balaklava SA 5461, Australia"
SRPVWA62,IGA Bertram - SOLAR - WA,WA,0.1674,6167,Solar,25/06/2018,Suspended,0,,"IGA Bertram - SOLAR - WA, WA, 6167, Australia",-32.2462353,115.8468596,OK,"1 Hero Cres, Bertram WA 6167, Australia"
SRPVVCB7,University of Melbourne VCA Art Painting & Photography Solar Vic,VIC,0.2412,3006,Solar,25/06/2018,Unsuspended,0,,"University of Melbourne VCA Art Painting & Photography Solar Vic, VIC, 3006, Australia",-37.824707,144.9702258,OK,"234 St Kilda Rd, Southbank VIC 3006, Australia"
SRPVVCB5,Wyndham Civic Centre Solar - VIC,VIC,0.3374,3030,Solar,25/06/2018,Unsuspended,0,,"Wyndham Civic Centre Solar - VIC, VIC, 3030, Australia",-37.8969266,144.6706933,OK,"45 Princes Hwy, Werribee VIC 3030, Australia"
SRPVWA61,PLASMO - SOLAR - WA,WA,0.4218,6090,Solar,25/06/2018,Unsuspended,0,,"PLASMO - SOLAR - WA, WA, 6090, Australia",-31.8621482,115.9068433,OK,"436 Victoria Rd, Malaga WA 6090, Australia"
SRPVNSC6,Seven Hills Parcel Delivery Centre  - Solar - NSW,NSW,0.1505,2147,Solar,23/06/2018,Unsuspended,0,,"Seven Hills Parcel Delivery Centre  - Solar - NSW, NSW, 2147, Australia",-33.7779124,150.9321578,OK,"Seven Hills NSW 2147, Australia"
SRPVNSC3,Woolworths Glen Innes - Solar - NSW,NSW,0.2094,2370,Solar,21/06/2018,Unsuspended,0,,"Woolworths Glen Innes - Solar - NSW, NSW, 2370, Australia",-29.7418712,151.7340029,OK,"128-134 Grey St, Glen Innes NSW 2370, Australia"
SRPVNSC4,Woolworths SLDC Erskine Park - Solar - NSW,NSW,0.4026,2759,Solar,21/06/2018,Unsuspended,0,,"Woolworths SLDC Erskine Park - Solar - NSW, NSW, 2759, Australia",-33.8237865,150.7818949,OK,"29 Sarah Andrews Cl, Erskine Park NSW 2759, Australia"
SRPVSA61,Windsor Ave Port Lincoln SA - Solar,SA,0.2006,5606,Solar,19/06/2018,Unsuspended,0,,"Windsor Ave Port Lincoln SA - Solar, SA, 5606, Australia",-34.7429897,135.8545358,OK,"Windsor Ave, Port Lincoln SA 5606, Australia"
SRPVNSC5,Aldi Prestons 1.5MW - Solar NSW,NSW,1.4905,2170,Solar,18/06/2018,Unsuspended,0,,"Aldi Prestons 1.5MW - Solar NSW, NSW, 2170, Australia",-33.9376501,150.8719185,OK,"10 Burando Rd, Prestons NSW 2170, Australia"
SRPVNSC0,Barker College - Solar - NSW,NSW,0.168,2077,Solar,15/06/2018,Unsuspended,0,,"Barker College - Solar - NSW, NSW, 2077, Australia",-33.7109825,151.0997846,OK,"91 Pacific Hwy, Hornsby NSW 2077, Australia"
SRPVNSB8,Soma Holdings Solar - NSW,NSW,0.2401,2557,Solar,15/06/2018,Unsuspended,0,,"Soma Holdings Solar - NSW, NSW, 2557, Australia",-34.0214644,150.7660063,OK,"Gledswood Hills NSW 2557, Australia"
SRPVQL83,Marland Mushrooms - Solar - QLD,QLD,0.8109,4207,Solar,15/06/2018,Suspended,0,,"Marland Mushrooms - Solar - QLD, QLD, 4207, Australia",-27.7276401,153.2550528,OK,"110 Quinns Hill Rd E, Stapylton QLD 4207, Australia"
WD00NS15,Crookwell 2 Wind Farm NSW,NSW,96.04,2583,Wind,15/06/2018,Unsuspended,0,,"Crookwell 2 Wind Farm NSW, NSW, 2583, Australia",-34.5165,149.5424722,OK,"FGMR+9X, Pejar NSW 2583, Australia"
SRPVNSC1,Woolworths Ballina River Street - Solar - NSW,NSW,0.2033,2478,Solar,14/06/2018,Unsuspended,0,,"Woolworths Ballina River Street - Solar - NSW, NSW, 2478, Australia",-28.8714711,153.561588,OK,"88 River St, Ballina NSW 2478, Australia"
SRPVSA62,Woolworths Cumberland Park - Solar - SA,SA,0.2447,5041,Solar,14/06/2018,Unsuspended,0,,"Woolworths Cumberland Park - Solar - SA, SA, 5041, Australia",-34.9682136,138.5898535,OK,"2HJR+J3, 366 Goodwood Rd, Cumberland Park SA 5041, Australia"
SRPVNSC2,Woolworths Bega 1372 - Solar - NSW,NSW,0.2587,2550,Solar,14/06/2018,Unsuspended,0,,"Woolworths Bega 1372 - Solar - NSW, NSW, 2550, Australia",-36.6742897,149.8432479,OK,"Bega NSW 2550, Australia"
SRPVQL86,Woolworths Northside Plaza - Solar - QLD,QLD,0.3203,4701,Solar,14/06/2018,Unsuspended,0,,"Woolworths Northside Plaza - Solar - QLD, QLD, 4701, Australia",-23.3593683,150.5237324,OK,"222 Musgrave St, Rockhampton North QLD 4701, Australia"
SRPVNT38,Woolworths Bakewell - Solar - NT,NT,0.3897,832,Solar,14/06/2018,Unsuspended,0,,"Woolworths Bakewell - Solar - NT, NT, 832, Australia",-12.4994858,130.9866355,OK,"1 Mannikan Ct, Bakewell NT 0832, Australia"
SRPVVCB6,Easyrest Pty Ltd - Solar - VIC,VIC,0.198,3175,Solar,13/06/2018,Unsuspended,0,,"Easyrest Pty Ltd - Solar - VIC, VIC, 3175, Australia",-38.019283,145.1971701,OK,"27 Bamwine Ct, Dandenong South VIC 3175, Australia"
SRPVNSB9,Impact International Smithfield Solar - NSW,NSW,0.3999,2164,Solar,12/06/2018,Unsuspended,0,,"Impact International Smithfield Solar - NSW, NSW, 2164, Australia",-33.8502956,150.9363638,OK,"78 Victoria St, Smithfield NSW 2164, Australia"
SRPVQL82,Caboolture Square Shopping Centre Solar Qld,QLD,0.5204,4510,Solar,12/06/2018,Unsuspended,0,,"Caboolture Square Shopping Centre Solar Qld, QLD, 4510, Australia",-27.084897,152.949737,OK,"Caboolture Square Shopping Centre, Caboolture QLD 4510, Australia"
WD00VC28,Mt Gellibrand Wind Farm - VIC,VIC,138.6,3241,Wind,12/06/2018,Unsuspended,0,,"Mt Gellibrand Wind Farm - VIC, VIC, 3241, Australia",-38.2579656,143.7995697,OK,"450 Mooleric Rd, Birregurra VIC 3242, Australia"
SRPVQL84,ETI Yatala - Solar - QLD,QLD,0.1736,4207,Solar,8/06/2018,Unsuspended,0,,"ETI Yatala - Solar - QLD, QLD, 4207, Australia",-27.7589143,153.2332401,OK,"31 Computer Rd, Yatala QLD 4207, Australia"
SRPVVCB4,Chempack Derrimut Solar - VIC,VIC,0.1982,3026,Solar,6/06/2018,Unsuspended,0,,"Chempack Derrimut Solar - VIC, VIC, 3026, Australia",-37.808908,144.773988,OK,"120 Fulton Dr, Derrimut VIC 3026, Australia"
WD00VC29,Salt Creek Wind Farm - VIC,VIC,54.0,3272,Wind,6/06/2018,Unsuspended,0,,"Salt Creek Wind Farm - VIC, VIC, 3272, Australia",-37.9338859,142.7878918,OK,"1099 Hexham-Woorndoo Rd, Hexham VIC 3273, Australia"
BEBMVC05,CARINA WEST H2E - Waste - VIC,VIC,3.1,3549,Biomass,4/06/2018,Unsuspended,0,,"CARINA WEST H2E - Waste - VIC, VIC, 3549, Australia",-34.7552395,142.7455935,OK,"Robinvale VIC 3549, Australia"
SRPVSA59,Whyalla Solar Farm 1 - SA,SA,5.9616,5601,Solar,4/06/2018,Unsuspended,0,,"Whyalla Solar Farm 1 - SA, SA, 5601, Australia",-33.0059643,137.5591603,OK,"Whyalla Barson SA 5601, Australia"
SRPVQL81,Stockland Mall Caloundra - Solar - QLD,QLD,0.2503,4551,Solar,1/06/2018,Unsuspended,0,,"Stockland Mall Caloundra - Solar - QLD, QLD, 4551, Australia",-26.8028092,153.1249996,OK,"Shop 30&31,Stockland Caloundra, 47 Bowman Rd, Caloundra QLD 4551, Australia"
SRPVQL80,Alexandra Hills Shopping Centre  - Solar - QLD,QLD,0.5118,4161,Solar,1/06/2018,Unsuspended,0,,"Alexandra Hills Shopping Centre  - Solar - QLD, QLD, 4161, Australia",-27.5238889,153.2213889,OK,"71 Cambridge Dr, Alexandra Hills QLD 4161, Australia"
SRPVWA60,Houghton Wines - Solar - WA,WA,0.1902,6056,Solar,31/05/2018,Suspended,0,,"Houghton Wines - Solar - WA, WA, 6056, Australia",-31.8540399,115.9980137,OK,"148 Dale Rd, Middle Swan WA 6056, Australia"
SRPVQL79,St Andrew's Lutheran College Tallebudgera - Solar - QLD,QLD,0.1998,4228,Solar,31/05/2018,Unsuspended,0,,"St Andrew's Lutheran College Tallebudgera - Solar - QLD, QLD, 4228, Australia",-28.1222256,153.432131,OK,"175 Tallebudgera Creek Rd, Tallebudgera QLD 4228, Australia"
SRPVSA60,Findon Shopping Centre-Solar-SA,SA,0.2548,5023,Solar,30/05/2018,Unsuspended,0,,"Findon Shopping Centre-Solar-SA, SA, 5023, Australia",-34.904843,138.5310121,OK,"303 Grange Rd, Findon SA 5023, Australia"
SRPVQL78,Big Top Mt Gravatt Queensland,QLD,0.2564,4122,Solar,30/05/2018,Unsuspended,0,,"Big Top Mt Gravatt Queensland, QLD, 4122, Australia",-27.5311525,153.0745171,OK,"1290 Logan Rd, Mount Gravatt QLD 4122, Australia"
SRPVVCB2,Australian Lamb Colac. - Solar - VIC,VIC,1.1998,3250,Solar,30/05/2018,Unsuspended,0,,"Australian Lamb Colac. - Solar - VIC, VIC, 3250, Australia",-38.32821740000001,143.6081292,OK,"1 Tristania Dr, Colac East VIC 3250, Australia"
SRPVNSB7,IKEA Marsden Park DC Solar - NSW,NSW,0.384,2765,Solar,29/05/2018,Suspended,0,,"IKEA Marsden Park DC Solar - NSW, NSW, 2765, Australia",-33.7159782,150.8234942,OK,"30 Astoria St, Marsden Park NSW 2765, Australia"
SRPVVCB0,Australian Lamb Company Sunshine - Solar - VIC,VIC,0.2079,3020,Solar,28/05/2018,Unsuspended,0,,"Australian Lamb Company Sunshine - Solar - VIC, VIC, 3020, Australia",-37.8084852,144.8271956,OK,"30-34 Strzelecki Ave, Sunshine West VIC 3020, Australia"
SRPVVCB1,Casslis - Solar - VIC,VIC,0.1622,3198,Solar,25/05/2018,Unsuspended,0,,"Casslis - Solar - VIC, VIC, 3198, Australia",-37.2093393,147.5911598,OK,"Cassilis VIC 3898, Australia"
SRPVNSB6,Agile Energy - SKP 0.3MW Solar NSW.,NSW,0.297,2148,Solar,25/05/2018,Unsuspended,0,,"Agile Energy - SKP 0.3MW Solar NSW., NSW, 2148, Australia",-33.7849921,150.9016476,OK,"Marayong NSW 2148, Australia"
SRPVSA55,Redmud Green Energy 32 - Solar - SA,SA,0.216,5341,Solar,22/05/2018,Unsuspended,0,,"Redmud Green Energy 32 - Solar - SA, SA, 5341, Australia",-34.1812186,140.7840005,OK,"Lot 41 Sturt Hwy, Paringa SA 5340, Australia"
SRPVQL77,St Peters Lutheran College Indooroopilly Solar - QLD,QLD,0.5045,4068,Solar,22/05/2018,Unsuspended,0,,"St Peters Lutheran College Indooroopilly Solar - QLD, QLD, 4068, Australia",-27.5052355,152.9832056,OK,"66 Harts Rd, Indooroopilly QLD 4068, Australia"
SRPVVCA3,Swan Hill solar farm Victoria,VIC,19.2827,3585,Solar,22/05/2018,Unsuspended,0,,"Swan Hill solar farm Victoria, VIC, 3585, Australia",-35.3444511,143.5224671,OK,"Memorial Dr, Swan Hill VIC 3585, Australia"
SRPVNSB2,Programmed Timbers - Solar - NSW,NSW,0.1219,2760,Solar,21/05/2018,Unsuspended,0,,"Programmed Timbers - Solar - NSW, NSW, 2760, Australia",-33.7385106,150.7707632,OK,"44 Links Rd, St Marys NSW 2760, Australia"
SRPVVCA9,Corringle Furniture - Solar - VIC,VIC,0.1298,3134,Solar,21/05/2018,Unsuspended,0,,"Corringle Furniture - Solar - VIC, VIC, 3134, Australia",-37.8229877,145.218473,OK,"13-16 Summer Ln, Ringwood VIC 3134, Australia"
SRPVVCA6,Olivet Aged Care Ringwood Solar System - VIC,VIC,0.0998,3134,Solar,18/05/2018,Unsuspended,0,,"Olivet Aged Care Ringwood Solar System - VIC, VIC, 3134, Australia",-37.8072693,145.2394026,OK,"7-9 Rupert St, Ringwood VIC 3134, Australia"
SRPVVCA7,Maxi Foods Ballarat Solar System - VIC,VIC,0.219,3350,Solar,18/05/2018,Unsuspended,0,,"Maxi Foods Ballarat Solar System - VIC, VIC, 3350, Australia",-37.5732209,143.8354371,OK,"601 La Trobe St, Bakery Hill VIC 3350, Australia"
SRPVVCA8,Maxi SUPA IGA Castlemaine Solar System - VIC,VIC,0.238,3450,Solar,18/05/2018,Unsuspended,0,,"Maxi SUPA IGA Castlemaine Solar System - VIC, VIC, 3450, Australia",-37.0663801,144.2186725,OK,"Cnr Mostyn and, Hargraves St, Castlemaine VIC 3450, Australia"
SRPVQL76,Christadelphian Homes Maranatha Solar System - QLD,QLD,0.2496,4503,Solar,18/05/2018,Unsuspended,0,,"Christadelphian Homes Maranatha Solar System - QLD, QLD, 4503, Australia",-27.2449696,153.0097364,OK,"1582 Anzac Ave, Kallangur QLD 4503, Australia"
SRPVNSB3,Star Combo Solar System - NSW,NSW,0.3375,2164,Solar,18/05/2018,Unsuspended,0,,"Star Combo Solar System - NSW, NSW, 2164, Australia",-33.8386849,150.9484161,OK,"171-177 Woodpark Rd, Smithfield NSW 2164, Australia"
SRPVTA04,Tasfresh Camdale - Solar - Tas,TAS,0.1355,7320,Solar,17/05/2018,Unsuspended,0,,"Tasfresh Camdale - Solar - Tas, TAS, 7320, Australia",-41.0402172,145.8473795,OK,"385 Bass Hwy, Emu Heights TAS 7320, Australia"
SRPVVCB3,University of Melbourne Werribee Campus Solar Vic,VIC,0.4029,3030,Solar,17/05/2018,Unsuspended,0,,"University of Melbourne Werribee Campus Solar Vic, VIC, 3030, Australia",-37.8879133,144.6943683,OK,"Gate 1/250 Princes Hwy, Werribee VIC 3030, Australia"
SRPVNSB5,TOST1 Oakdale South Estate - Solar - NSW,NSW,0.7796,2175,Solar,16/05/2018,Unsuspended,0,,"TOST1 Oakdale South Estate - Solar - NSW, NSW, 2175, Australia",-33.848126,150.8493059,OK,"Horsley Park NSW 2175, Australia"
SRPVSA54,Redmud Green Energy 33 - Solar - SA,SA,0.211,5341,Solar,15/05/2018,Unsuspended,0,,"Redmud Green Energy 33 - Solar - SA, SA, 5341, Australia",-30.0002315,136.2091547,OK,"South Australia, Australia"
SRPVNSB1,Westpac Banking Corporation Kogarah - Solar - NSW,NSW,0.3268,2217,Solar,15/05/2018,Unsuspended,0,,"Westpac Banking Corporation Kogarah - Solar - NSW, NSW, 2217, Australia",-33.9635464,151.1342437,OK,"18 Montgomery St, Kogarah NSW 2217, Australia"
SRPVSA58,CSR Golden Grove 1MW - Solar SA,SA,1.001,5125,Solar,15/05/2018,Unsuspended,0,,"CSR Golden Grove 1MW - Solar SA, SA, 5125, Australia",-34.7904698,138.6975102,OK,"Golden Grove SA 5125, Australia"
WD00NS14,Silverton Wind Farm - NSW,NSW,198.94,2880,Wind,12/05/2018,Unsuspended,0,,"Silverton Wind Farm - NSW, NSW, 2880, Australia",-31.8845633,141.222982,OK,"Silverton NSW 2880, Australia"
SRPVVCA4,Interpack Solar System - VIC,VIC,0.6048,3023,Solar,11/05/2018,Unsuspended,0,,"Interpack Solar System - VIC, VIC, 3023, Australia",-37.7818605,144.7812694,OK,"1/11 Carson Rd, Deer Park VIC 3023, Australia"
SRPVSA52,Bungala One Solar Farm SA,SA,137.8296,5700,Solar,11/05/2018,Unsuspended,0,,"Bungala One Solar Farm SA, SA, 5700, Australia",-32.4157497,137.8486525,OK,"Warrakimbo Rd, Wami Kata SA 5700, Australia"
SRPVNT37,Barramundi Group - Solar - NT,NT,0.0998,820,Solar,10/05/2018,Unsuspended,0,,"Barramundi Group - Solar - NT, NT, 820, Australia",-12.4264942,130.8475181,OK,"Darwin DC NT 0820, Australia"
SRPVSA53,Redmud Green Energy 28 - Solar - SA,SA,0.216,5357,Solar,10/05/2018,Unsuspended,0,,"Redmud Green Energy 28 - Solar - SA, SA, 5357, Australia",-34.1812186,140.7840005,OK,"Lot 41 Sturt Hwy, Paringa SA 5340, Australia"
SRPVSA56,Redmud Green Energy 34 - Solar - SA,SA,0.216,5340,Solar,9/05/2018,Unsuspended,0,,"Redmud Green Energy 34 - Solar - SA, SA, 5340, Australia",-34.1812186,140.7840005,OK,"Lot 41 Sturt Hwy, Paringa SA 5340, Australia"
SRPVSA57,Redmud Green Energy 35 - Solar - SA,SA,0.216,5332,Solar,9/05/2018,Unsuspended,0,,"Redmud Green Energy 35 - Solar - SA, SA, 5332, Australia",-34.35170069999999,140.2862819,OK,"Yinkanie SA 5332, Australia"
SRPVVCA5,FJ Lenne Ardmona Solar - VIC,VIC,0.5,3629,Solar,9/05/2018,Unsuspended,0,,"FJ Lenne Ardmona Solar - VIC, VIC, 3629, Australia",-36.3834496,145.3042223,OK,"Lenne Rd, Ardmona VIC 3629, Australia"
SRPVVCA2,Valley Park Farm Solar - VIC,VIC,0.2131,3660,Solar,8/05/2018,Unsuspended,0,,"Valley Park Farm Solar - VIC, VIC, 3660, Australia",-37.06642,145.143696,OK,"350 Hume and Hovell Rd, Seymour VIC 3660, Australia"
SRPVAC18,The Canberra Burns Club Solar - ACT,ACT,0.2427,2902,Solar,8/05/2018,Unsuspended,0,,"The Canberra Burns Club Solar - ACT, ACT, 2902, Australia",-35.381466,149.058972,OK,"28 Kett St, Kambah ACT 2902, Australia"
SRPVNSA9,Pace Farms Widgelli - Solar - NSW,NSW,0.4992,2680,Solar,7/05/2018,Unsuspended,0,,"Pace Farms Widgelli - Solar - NSW, NSW, 2680, Australia",-34.3418951,146.2170636,OK,"Widgelli NSW 2680, Australia"
SRPVNSB0,South Keswick Solar Farm - NSW - Solar,NSW,17.9712,2830,Solar,5/05/2018,Unsuspended,0,,"South Keswick Solar Farm - NSW - Solar, NSW, 2830, Australia",-32.2743873,148.6499786,OK,"20L Sheraton Rd, Dubbo NSW 2830, Australia"
SRPVVC99,University of Melbourne Dental Clinic BLDG 348 Solar Vic,VIC,0.0531,3052,Solar,3/05/2018,Unsuspended,0,,"University of Melbourne Dental Clinic BLDG 348 Solar Vic, VIC, 3052, Australia",-37.7983459,144.960974,OK,"Parkville VIC 3010, Australia"
SRPVVC97,University of Melbourne FBE BLDG 105 Solar Vic,VIC,0.0672,3053,Solar,3/05/2018,Unsuspended,0,,"University of Melbourne FBE BLDG 105 Solar Vic, VIC, 3053, Australia",-37.8013795,144.9593986,OK,"111 Barry St, Carlton VIC 3053, Australia"
SRPVVC98,University of Melbourne John Medley BLDG 191 Solar Vic,VIC,0.069,3052,Solar,3/05/2018,Unsuspended,0,,"University of Melbourne John Medley BLDG 191 Solar Vic, VIC, 3052, Australia",-37.7983459,144.960974,OK,"Parkville VIC 3010, Australia"
SRPVVCA1,University of Melbourne Kwong Lee Dow BLDG 263 Solar Vic,VIC,0.0804,3053,Solar,3/05/2018,Unsuspended,0,,"University of Melbourne Kwong Lee Dow BLDG 263 Solar Vic, VIC, 3053, Australia",-37.8039794,144.9607534,OK,"Kwong Lee Dow Building, 234 Queensberry St, Parkville VIC 3053, Australia"
SRPVVC95,University of Melbourne Allan Gilbert BLDG 104 Solar Vic,VIC,0.0955,3053,Solar,3/05/2018,Unsuspended,0,,"University of Melbourne Allan Gilbert BLDG 104 Solar Vic, VIC, 3053, Australia",-37.7983459,144.960974,OK,"Parkville VIC 3010, Australia"
SRPVVCA0,University of Melbourne VCA Film & TV BLDG 861 Solar Vic,VIC,0.1068,3006,Solar,3/05/2018,Unsuspended,0,,"University of Melbourne VCA Film & TV BLDG 861 Solar Vic, VIC, 3006, Australia",-37.8251182,144.9696749,OK,"Southbank VIC 3006, Australia"
SRPVQL75,BRC Millbank Solar - QLD,QLD,0.1084,4670,Solar,3/05/2018,Unsuspended,0,,"BRC Millbank Solar - QLD, QLD, 4670, Australia",-24.8665958,152.3480022,OK,"190 Bourbong St, Bundaberg Central QLD 4670, Australia"
SRPVVC96,University of Melbourne Medical Building 181 Solar Vic,VIC,0.1299,3052,Solar,3/05/2018,Unsuspended,0,,"University of Melbourne Medical Building 181 Solar Vic, VIC, 3052, Australia",-37.7983459,144.960974,OK,"Parkville VIC 3010, Australia"
SRPVNSB4,Pymble Ladies' College - Solar - NSW,NSW,0.2023,2073,Solar,3/05/2018,Unsuspended,0,,"Pymble Ladies' College - Solar - NSW, NSW, 2073, Australia",-33.7470793,151.1344152,OK,"Avon Rd, Pymble NSW 2073, Australia"
SRPVNSA8,Warilla Bowls & Recreation Club Solar - NSW,NSW,0.3144,2528,Solar,3/05/2018,Unsuspended,0,,"Warilla Bowls & Recreation Club Solar - NSW, NSW, 2528, Australia",-34.5611114,150.8648681,OK,"63 Jason Ave, Barrack Heights NSW 2528, Australia"
SRPVVC94,AVL Merbein Solar VIC,VIC,0.3005,3505,Solar,1/05/2018,Unsuspended,0,,"AVL Merbein Solar VIC, VIC, 3505, Australia",-34.1679896,142.0585016,OK,"Merbein VIC 3505, Australia"
BEBGNS32,Orora Botany Mill Power Station 1 - Biomass - NSW,NSW,1.48,2036,Biomass,1/05/2018,Unsuspended,0,,"Orora Botany Mill Power Station 1 - Biomass - NSW, NSW, 2036, Australia",-33.9735997,151.2393885,OK,"Little Bay NSW 2036, Australia"
SRPVNSA7,Manildra Solar Farm - NSW,NSW,55.872,2865,Solar,1/05/2018,Unsuspended,0,,"Manildra Solar Farm - NSW, NSW, 2865, Australia",-33.1854769,148.689159,OK,"Manildra NSW 2865, Australia"
SRPVVC93,Rollspack Solar - Vic,VIC,0.1728,3195,Solar,30/04/2018,Unsuspended,0,,"Rollspack Solar - Vic, VIC, 3195, Australia",-38.0008347,145.1170145,OK,"81-89 Malcolm Rd, Braeside VIC 3195, Australia"
SRPVQL74,BWTP Mount Pluto Solar - QLD,QLD,0.3998,4800,Solar,30/04/2018,Unsuspended,0,,"BWTP Mount Pluto Solar - QLD, QLD, 4800, Australia",-20.3439612,148.4433741,OK,"Mount Pluto QLD 4800, Australia"
SRPVNSA5,Narromine Solar Farm - NSW,NSW,10.8864,2821,Solar,30/04/2018,Unsuspended,0,,"Narromine Solar Farm - NSW, NSW, 2821, Australia",-32.2183231,148.254523,OK,"Narromine NSW 2821, Australia"
SRPVSA51,Taplin Corporation - Mitcham Shopping Centre - Solar - SA,SA,0.1224,5062,Solar,27/04/2018,Unsuspended,0,,"Taplin Corporation - Mitcham Shopping Centre - Solar - SA, SA, 5062, Australia",-34.9794721,138.6234569,OK,"Mitcham SA 5062, Australia"
SRPVSA49,Taplin Corporation - Marden Shopping Centre - Solar - SA,SA,0.2442,5070,Solar,27/04/2018,Unsuspended,0,,"Taplin Corporation - Marden Shopping Centre - Solar - SA, SA, 5070, Australia",-34.8952225,138.6387021,OK,"1 Portrush Rd, Marden SA 5070, Australia"
SRPVVC89,Select Produce Korumburra Solar - VIC,VIC,0.2555,3950,Solar,27/04/2018,Unsuspended,0,,"Select Produce Korumburra Solar - VIC, VIC, 3950, Australia",-38.4251128,145.8116744,OK,"21 Langham Dr, Korumburra VIC 3950, Australia"
SRPVSA50,Taplin Corporation - Mawson Lakes Corporation - Solar - SA,SA,0.2587,5095,Solar,27/04/2018,Unsuspended,0,,"Taplin Corporation - Mawson Lakes Corporation - Solar - SA, SA, 5095, Australia",-34.8178472,138.613832,OK,"Pooraka SA 5095, Australia"
SRPVVC90,CMTP Solar Colac VIC,VIC,0.2902,3250,Solar,27/04/2018,Unsuspended,0,,"CMTP Solar Colac VIC, VIC, 3250, Australia",-38.3445786,143.6066697,OK,"92-100 Forest St S, Colac East VIC 3250, Australia"
SRPVVC91,Pyramid Salt Pyramid Hill Solar - VIC,VIC,0.2996,3575,Solar,27/04/2018,Unsuspended,0,,"Pyramid Salt Pyramid Hill Solar - VIC, VIC, 3575, Australia",-36.0939602,143.9975687,OK,"1142 Boort-Pyramid Rd, Pyramid Hill VIC 3575, Australia"
SRPVSA48,Taplin Corporation - Jetty Road Properties - Solar - SA,SA,0.3339,5045,Solar,27/04/2018,Unsuspended,0,,"Taplin Corporation - Jetty Road Properties - Solar - SA, SA, 5045, Australia",-34.9801229,138.5163,OK,"79 Jetty Rd, Glenelg SA 5045, Australia"
SRPVNSA6,Hillsong Church Castle Hill Solar - NSW,NSW,0.5942,2153,Solar,27/04/2018,Unsuspended,0,,"Hillsong Church Castle Hill Solar - NSW, NSW, 2153, Australia",-33.7351559,150.9613833,OK,"1/9 Solent Cct, Norwest NSW 2153, Australia"
SRPVNSA4,West Tamworth League Club Solar - NSW,NSW,0.4355,2340,Solar,24/04/2018,Unsuspended,0,,"West Tamworth League Club Solar - NSW, NSW, 2340, Australia",-31.10231899999999,150.9158774,OK,"58 Phillip St, West Tamworth NSW 2340, Australia"
SRPVVC92,FS Energy Solar - VIC,VIC,0.2706,3030,Solar,23/04/2018,Unsuspended,0,,"FS Energy Solar - VIC, VIC, 3030, Australia",-37.938058,144.6753231,OK,"Werribee South VIC 3030, Australia"
SRPVVC86,Good News Lutheran College VIC - Solar,VIC,0.2362,3029,Solar,19/04/2018,Unsuspended,0,,"Good News Lutheran College VIC - Solar, VIC, 3029, Australia",-37.855309,144.6666847,OK,"580 Tarneit Rd, Tarneit VIC 3029, Australia"
SRPVAC17,IKEA Canberra Solar - ACT,ACT,0.5002,2609,Solar,19/04/2018,Suspended,0,,"IKEA Canberra Solar - ACT, ACT, 2609, Australia",-35.294924,149.186758,OK,"1030 Majura Rd, Pialligo ACT 2609, Australia"
SRPVVC87,Knox - Solar - VIC,VIC,0.6311,3152,Solar,18/04/2018,Unsuspended,0,,"Knox - Solar - VIC, VIC, 3152, Australia",-37.8668518,145.220397,OK,"Knox City Centre VIC 3152, Australia"
SRPVVC88,134-140 Fairbairn Road - Solar - VIC,VIC,0.199,3020,Solar,17/04/2018,Unsuspended,0,,"134-140 Fairbairn Road - Solar - VIC, VIC, 3020, Australia",-37.8090031,144.8184425,OK,"134-140 Fairbairn Rd, Sunshine West VIC 3020, Australia"
SRPVSA46,Ahrens Group Pty Ltd - Kingsford - Solar - SA,SA,0.2929,5118,Solar,12/04/2018,Unsuspended,0,,"Ahrens Group Pty Ltd - Kingsford - Solar - SA, SA, 5118, Australia",-34.5485068,138.7959118,OK,"Kingsford SA 5118, Australia"
SRPVSA47,Peterborough Solar Farm - SA,SA,5.633,5422,Solar,12/04/2018,Unsuspended,0,,"Peterborough Solar Farm - SA, SA, 5422, Australia",-32.9788275,138.8155738,OK,"Beniah Rd, Peterborough SA 5422, Australia"
SRPVVC85,Hickory Structures Laverton North Solar - VIC,VIC,0.2015,3026,Solar,11/04/2018,Unsuspended,0,,"Hickory Structures Laverton North Solar - VIC, VIC, 3026, Australia",-37.8455171,144.7702246,OK,"55 Leakes Rd, Laverton North VIC 3026, Australia"
SRPVQL73,IKEA North Lakes Solar - QLD,QLD,0.5027,4509,Solar,11/04/2018,Suspended,0,,"IKEA North Lakes Solar - QLD, QLD, 4509, Australia",-27.2435135,153.0156136,OK,"N Lakes Dr, North Lakes QLD 4509, Australia"
SRPVSA45,Redmud Green Energy 31 - Solar - SA,SA,0.216,5321,Solar,9/04/2018,Unsuspended,0,,"Redmud Green Energy 31 - Solar - SA, SA, 5321, Australia",-34.1812186,140.7840005,OK,"Lot 41 Sturt Hwy, Paringa SA 5340, Australia"
SRPVVC84,CMTP Solar Dandenong VIC,VIC,0.2187,3175,Solar,6/04/2018,Unsuspended,0,,"CMTP Solar Dandenong VIC, VIC, 3175, Australia",-38.0082424,145.2030427,OK,"39-49 Smeaton Ave, Dandenong South VIC 3175, Australia"
SRPVNSA2,CleanPeak Energy - Griffin Plaza - Solar - NSW,NSW,0.3656,2680,Solar,6/04/2018,Unsuspended,0,,"CleanPeak Energy - Griffin Plaza - Solar - NSW, NSW, 2680, Australia",-34.2906515,146.0549969,OK,"2 Yambil St, Griffith NSW 2680, Australia"
SRPVWA59,Bestry Power Station - WA - Solar,WA,0.2745,6020,Solar,5/04/2018,Unsuspended,0,,"Bestry Power Station - WA - Solar, WA, 6020, Australia",-31.825112,115.7516025,OK,"Watermans Bay WA 6020, Australia"
SRPVSA44,Redmud Green Energy 26 - Solar - SA,SA,0.216,5333,Solar,4/04/2018,Unsuspended,0,,"Redmud Green Energy 26 - Solar - SA, SA, 5333, Australia",-25.274398,133.775136,OK,Australia
SRPVNSA3,AIT Gunnedah - Solar - NSW,NSW,0.504,2380,Solar,3/04/2018,Unsuspended,0,,"AIT Gunnedah - Solar - NSW, NSW, 2380, Australia",-30.97943189999999,150.2565037,OK,"Gunnedah NSW 2380, Australia"
SRPVVC83,Greta Rd Wangaratta Solar - VIC,VIC,0.1145,3677,Solar,29/03/2018,Unsuspended,0,,"Greta Rd Wangaratta Solar - VIC, VIC, 3677, Australia",-36.3799976,146.3049427,OK,"Greta Rd, Wangaratta VIC 3677, Australia"
SRPVQL71,Hillsong Church Mt Gravatt Solar - QLD,QLD,0.1478,4122,Solar,29/03/2018,Unsuspended,0,,"Hillsong Church Mt Gravatt Solar - QLD, QLD, 4122, Australia",-27.5419634,153.0791891,OK,"16 Rover St, Mount Gravatt QLD 4122, Australia"
SRPVNSA1,Stennett Rd Ingleburn Solar - NSW,NSW,0.2161,2565,Solar,29/03/2018,Unsuspended,0,,"Stennett Rd Ingleburn Solar - NSW, NSW, 2565, Australia",-34.0033819,150.852341,OK,"Stennett Rd, Ingleburn NSW 2565, Australia"
SRPVSA43,Redmud Green Energy 25 - Solar - SA,SA,0.212,5333,Solar,28/03/2018,Unsuspended,0,,"Redmud Green Energy 25 - Solar - SA, SA, 5333, Australia",-34.1812186,140.7840005,OK,"Lot 41 Sturt Hwy, Paringa SA 5340, Australia"
SRPVQL72,Earle Haven Lodges Solar System - QLD,QLD,0.15,4211,Solar,27/03/2018,Unsuspended,0,,"Earle Haven Lodges Solar System - QLD, QLD, 4211, Australia",-27.9970135,153.3452479,OK,"62 Lawrence Dr, Nerang QLD 4211, Australia"
SRPVVC82,Kaisercraft - Solar - VIC,VIC,0.1987,3219,Solar,27/03/2018,Unsuspended,0,,"Kaisercraft - Solar - VIC, VIC, 3219, Australia",-38.1701283,144.3928452,OK,"71 Bellarine Hwy, Newcomb VIC 3219, Australia"
SRPVSA42,Your DC Pty Ltd - Edinburgh - Solar - SA,SA,0.1991,5111,Solar,27/03/2018,Unsuspended,0,,"Your DC Pty Ltd - Edinburgh - Solar - SA, SA, 5111, Australia",-34.7407887,138.643853,OK,"27 Woomera Ave, Edinburgh SA 5111, Australia"
SRPVNSA0,Dangrove Art Storage Facility Solar - NSW,NSW,0.1925,2015,Solar,26/03/2018,Unsuspended,0,,"Dangrove Art Storage Facility Solar - NSW, NSW, 2015, Australia",-33.9046849,151.2001296,OK,"14 Mandible St, Alexandria NSW 2015, Australia"
SRPVVC81,Scentre Group Plenty Valley - Solar - VIC,VIC,0.3024,3082,Solar,23/03/2018,Unsuspended,0,,"Scentre Group Plenty Valley - Solar - VIC, VIC, 3082, Australia",-37.6514214,145.071735,OK,"415 McDonalds Rd, Mill Park VIC 3082, Australia"
SRPVSA41,Redmud Green Energy 29 - Solar - SA,SA,0.162,5010,Solar,22/03/2018,Unsuspended,0,,"Redmud Green Energy 29 - Solar - SA, SA, 5010, Australia",-30.0002315,136.2091547,OK,"South Australia, Australia"
SRPVNT36,Mt Liebig Solar Power Station - NT,NT,0.0501,872,Solar,21/03/2018,Unsuspended,0,,"Mt Liebig Solar Power Station - NT, NT, 872, Australia",-23.2659591,131.2722316,OK,"Mount Liebig NT 0872, Australia"
SRPVVC80,GANNAWARRA SOLAR FARM - VIC,VIC,60.236,3579,Solar,21/03/2018,Unsuspended,0,,"GANNAWARRA SOLAR FARM - VIC, VIC, 3579, Australia",-35.7350558,143.7794624,OK,"Lalbert-Kerang Rd, Bael Bael VIC 3579, Australia"
SRPVNS99,Hammondcare Southwood Solar - NSW,NSW,0.0997,2170,Solar,20/03/2018,Unsuspended,0,,"Hammondcare Southwood Solar - NSW, NSW, 2170, Australia",-33.9513127,150.9602242,OK,"Hammondville NSW 2170, Australia"
SRPVQL68,Longreach Solar Farm QLD,QLD,17.3437,4730,Solar,18/03/2018,Unsuspended,0,,"Longreach Solar Farm QLD, QLD, 4730, Australia",-23.4471611,144.359354,OK,"Longreach QLD 4730, Australia"
SRPVAC16,SA Hughes Solar ACT,ACT,0.0999,2605,Solar,16/03/2018,Unsuspended,0,,"SA Hughes Solar ACT, ACT, 2605, Australia",-35.3325792,149.094938,OK,"Hughes ACT 2605, Australia"
SRPVQL70,CLARE SOLAR FARM - QLD,QLD,127.8225,4807,Solar,16/03/2018,Unsuspended,0,,"CLARE SOLAR FARM - QLD, QLD, 4807, Australia",-19.8396942,147.2103537,OK,"Clare QLD 4807, Australia"
SRPVQL69,Sun Metals -Solar- Qld,QLD,151.2249,4811,Solar,15/03/2018,Unsuspended,0,,"Sun Metals -Solar- Qld, QLD, 4811, Australia",-19.3336544,146.8871645,OK,"1 Zinc Rd, Stuart QLD 4811, Australia"
SRPVVC79,St Paul's Warragul Solar - VIC,VIC,0.0547,3820,Solar,13/03/2018,Unsuspended,0,,"St Paul's Warragul Solar - VIC, VIC, 3820, Australia",-38.147536,145.9304883,OK,"150 Bowen St, Warragul VIC 3820, Australia"
SRPVWA58,Mineral Resources PIHA Kwinana WA Solar,WA,0.1872,6167,Solar,13/03/2018,Unsuspended,0,,"Mineral Resources PIHA Kwinana WA Solar, WA, 6167, Australia",-32.2320792,115.7787256,OK,"Kwinana Beach WA 6167, Australia"
SRPVVC78,Ahrens Group Pty Ltd - Tarranyurk - Solar - VIC,VIC,0.1595,3414,Solar,9/03/2018,Unsuspended,0,,"Ahrens Group Pty Ltd - Tarranyurk - Solar - VIC, VIC, 3414, Australia",-36.2113085,142.0344718,OK,"Tarranyurk VIC 3414, Australia"
SRPVNT35,Daly River Solar Power Station - NT,NT,1.0237,822,Solar,8/03/2018,Unsuspended,0,,"Daly River Solar Power Station - NT, NT, 822, Australia",-13.7121487,130.6885652,OK,"Daly River NT 0822, Australia"
SRPVSA40,Redmud Green Energy 20 - Solar - SA,SA,0.212,5340,Solar,7/03/2018,Unsuspended,0,,"Redmud Green Energy 20 - Solar - SA, SA, 5340, Australia",-34.1812186,140.7840005,OK,"Lot 41 Sturt Hwy, Paringa SA 5340, Australia"
SRPVVC77,Todae Solar - MDL Scoresby Solar VIC,VIC,0.528,3179,Solar,2/03/2018,Unsuspended,0,,"Todae Solar - MDL Scoresby Solar VIC, VIC, 3179, Australia",-37.9042587,145.220397,OK,"Scoresby VIC 3179, Australia"
SRPVVC76,Knight Court Kyneton Solar - VIC,VIC,2.4942,3444,Solar,1/03/2018,Unsuspended,0,,"Knight Court Kyneton Solar - VIC, VIC, 3444, Australia",-37.2344036,144.4545899,OK,"Knight Ct, Kyneton VIC 3444, Australia"
SRPVNS96,Mitchell Foods Eastern Creek Solar - NSW,NSW,0.407,2766,Solar,28/02/2018,Unsuspended,0,,"Mitchell Foods Eastern Creek Solar - NSW, NSW, 2766, Australia",-33.8102184,150.85064,OK,"Eastern Creek NSW 2766, Australia"
SRPVVC74,Black Rock solar farm - VIC,VIC,3.047,3227,Solar,23/02/2018,Unsuspended,0,,"Black Rock solar farm - VIC, VIC, 3227, Australia",-38.2850583,144.4195177,OK,"Blackrock Rd, Connewarre VIC 3227, Australia"
SRPVVC75,Natures Organics - Solar - VIC,VIC,1.2995,3156,Solar,22/02/2018,Unsuspended,0,,"Natures Organics - Solar - VIC, VIC, 3156, Australia",-37.8942766,145.2979908,OK,"31 Cornhill St, Ferntree Gully VIC 3156, Australia"
SRPVSA39,Redmud Green Energy 17 - Solar - SA,SA,0.212,5333,Solar,21/02/2018,Unsuspended,0,,"Redmud Green Energy 17 - Solar - SA, SA, 5333, Australia",-34.1812186,140.7840005,OK,"Lot 41 Sturt Hwy, Paringa SA 5340, Australia"
SRPVNS97,Milltech Hexham Solar - NSW,NSW,0.05,2322,Solar,20/02/2018,Unsuspended,0,,"Milltech Hexham Solar - NSW, NSW, 2322, Australia",-32.82751620000001,151.6882514,OK,"Old Punt Rd, Hexham NSW 2322, Australia"
SRPVQL67,University of Southern Queensland Ipswich - Solar - QLD,QLD,0.1966,4305,Solar,16/02/2018,Unsuspended,0,,"University of Southern Queensland Ipswich - Solar - QLD, QLD, 4305, Australia",-27.6290998,152.755172,OK,"UniSQ Ipswich campus, 11 Salisbury Rd, Ipswich QLD 4305, Australia"
SRPVNS98,Sydney Airport T1 Carpark - Solar - NSW,NSW,0.5498,2020,Solar,16/02/2018,Unsuspended,0,,"Sydney Airport T1 Carpark - Solar - NSW, NSW, 2020, Australia",-33.9375158,151.1654096,OK,"SYD Terminal 1, Departure Plaza, Mascot NSW 2020, Australia"
BEBGNS31,Goulburn Bioenergy Project -NSW,NSW,1.6,2580,Biomass,15/02/2018,Unsuspended,0,,"Goulburn Bioenergy Project -NSW, NSW, 2580, Australia",-34.7567489,149.713629,OK,"Goulburn NSW 2580, Australia"
SRPVSA37,Redmud Green Energy 18 - Solar - SA,SA,0.53,5340,Solar,14/02/2018,Unsuspended,0,,"Redmud Green Energy 18 - Solar - SA, SA, 5340, Australia",-34.1812186,140.7840005,OK,"Lot 41 Sturt Hwy, Paringa SA 5340, Australia"
SRPVSA38,Joint Venture Juicing - Solar - SA,SA,0.1863,5254,Solar,13/02/2018,Unsuspended,0,,"Joint Venture Juicing - Solar - SA, SA, 5254, Australia",-35.0380696,139.1625989,OK,"Rockleigh SA 5254, Australia"
HYMCVC05,Cardinia Creek Mini-Hydro - VIC,VIC,0.09,3804,Hydro,12/02/2018,Unsuspended,0,,"Cardinia Creek Mini-Hydro - VIC, VIC, 3804, Australia",-37.98273226218842,145.3869563744688,OK,"Cardinia Creek, Victoria, Australia"
HYMCVC04,Boronia Mini Hydro - VIC,VIC,0.11,3154,Hydro,12/02/2018,Unsuspended,0,,"Boronia Mini Hydro - VIC, VIC, 3154, Australia",-37.8534742,145.3198788,OK,"The Basin VIC 3154, Australia"
HYMCVC07,Wantirna Mini Hydro - VIC,VIC,0.132,3152,Hydro,12/02/2018,Unsuspended,0,,"Wantirna Mini Hydro - VIC, VIC, 3152, Australia",-37.8479567,145.2289289,OK,"Wantirna VIC 3152, Australia"
SRPVNS95,Lithgow Workies Solar - NSW,NSW,0.2067,2790,Solar,12/02/2018,Unsuspended,0,,"Lithgow Workies Solar - NSW, NSW, 2790, Australia",-33.4783422,150.1622575,OK,"3-7 Tank St, Lithgow NSW 2790, Australia"
HYMCVC10,Dandenong Mini-Hydro - VIC,VIC,0.355,3175,Hydro,12/02/2018,Unsuspended,0,,"Dandenong Mini-Hydro - VIC, VIC, 3175, Australia",-37.9485283,145.2029845,OK,"Dandenong North VIC 3175, Australia"
HYMCVC06,Mount Waverley Mini Hydro - VIC,VIC,0.3555,3149,Hydro,12/02/2018,Unsuspended,0,,"Mount Waverley Mini Hydro - VIC, VIC, 3149, Australia",-37.8772869,145.1265477,OK,"Pinewood VIC 3149, Australia"
SRPVVC72,Crown Melbourne Solar - VIC,VIC,0.2999,3006,Solar,9/02/2018,Unsuspended,0,,"Crown Melbourne Solar - VIC, VIC, 3006, Australia",-37.8235301,144.9580953,OK,"8 Whiteman St, Southbank VIC 3006, Australia"
SRPVVC73,Top Cat Installations - Solar - VIC,VIC,0.3116,3061,Solar,9/02/2018,Unsuspended,0,,"Top Cat Installations - Solar - VIC, VIC, 3061, Australia",-37.665113,144.955677,OK,"Campbellfield VIC 3061, Australia"
SRPVNT34,Ramingining Solar Power Station - NT,NT,0.5037,822,Solar,9/02/2018,Unsuspended,0,,"Ramingining Solar Power Station - NT, NT, 822, Australia",-12.3285681,134.9280587,OK,"Ramingining NT 0822, Australia"
SRPVNS94,Ingleburn Stage 1 - Solar - NSW,NSW,0.356,2565,Solar,8/02/2018,Unsuspended,0,,"Ingleburn Stage 1 - Solar - NSW, NSW, 2565, Australia",-33.9700224,150.8711354,OK,"1, 17 Ingleburn Gardens Dr, Bardia NSW 2565, Australia"
SRPVNT33,Maningrida Solar Power Station - NT,NT,1.1901,822,Solar,8/02/2018,Unsuspended,0,,"Maningrida Solar Power Station - NT, NT, 822, Australia",-12.0551674,134.2313799,OK,"Maningrida NT 0822, Australia"
SRPVNS93,Bunnings Bellambi Solar - NSW,NSW,0.2495,2517,Solar,2/02/2018,Unsuspended,0,,"Bunnings Bellambi Solar - NSW, NSW, 2517, Australia",-34.361548,150.9096286,OK,"Cnr Bellambi Ln &, Watts Ln, Bellambi NSW 2518, Australia"
SRPVVC71,Doncaster Secondary Solar - VIC,VIC,0.299,3108,Solar,2/02/2018,Unsuspended,0,,"Doncaster Secondary Solar - VIC, VIC, 3108, Australia",-37.7844214,145.137233,OK,"123 Church Rd, Doncaster VIC 3108, Australia"
SRPVNT26,Kaltukatjara Solar Power Station - NT,NT,0.1002,872,Solar,1/02/2018,Unsuspended,0,,"Kaltukatjara Solar Power Station - NT, NT, 872, Australia",-24.8736576,129.082823,OK,"Kaltukatjara NT 0872, Australia"
SRPVNT28,Areyonga Solar Power Station - NT,NT,0.1002,872,Solar,1/02/2018,Unsuspended,0,,"Areyonga Solar Power Station - NT, NT, 872, Australia",-24.0734118,132.2681,OK,"Areyonga NT 0872, Australia"
SRPVNT31,Nyirripi Solar Power Station - NT,NT,0.201,872,Solar,1/02/2018,Unsuspended,0,,"Nyirripi Solar Power Station - NT, NT, 872, Australia",-22.6499244,130.5524637,OK,"Nyirripi NT 0872, Australia"
SRPVNT27,Kintore Solar Power Station - NT,NT,0.2262,872,Solar,1/02/2018,Unsuspended,0,,"Kintore Solar Power Station - NT, NT, 872, Australia",-23.2756448,129.3893238,OK,"Kintore NT 0872, Australia"
SRPVNT30,Lajamanu Solar Power Station - NT,NT,0.4029,852,Solar,1/02/2018,Unsuspended,0,,"Lajamanu Solar Power Station - NT, NT, 852, Australia",-18.334175,130.6338224,OK,"Lajamanu NT 0852, Australia"
SRPVNT29,Arlparra Solar Power Station - NT,NT,0.453,872,Solar,1/02/2018,Unsuspended,0,,"Arlparra Solar Power Station - NT, NT, 872, Australia",-22.0888291,134.7729542,OK,"Arlparra, Sandover NT 0872, Australia"
SRPVNT32,Yuendumu Solar Power Station - NT,NT,0.5037,872,Solar,1/02/2018,Unsuspended,0,,"Yuendumu Solar Power Station - NT, NT, 872, Australia",-22.2539566,131.7953883,OK,"Yuendumu NT 0872, Australia"
SRPVNS92,Greystanes WIS Solar - NSW,NSW,0.4507,2145,Solar,31/01/2018,Unsuspended,0,,"Greystanes WIS Solar - NSW, NSW, 2145, Australia",-33.8244561,150.9488196,OK,"Greystanes NSW 2145, Australia"
SRPVVC70,Martin St Tatura VIC - Solar,VIC,0.148,3616,Solar,29/01/2018,Unsuspended,0,,"Martin St Tatura VIC - Solar, VIC, 3616, Australia",-36.4461611,145.2266572,OK,"Martin St, Tatura VIC 3616, Australia"
SRPVNT25,Alice Plaza - NT - Solar,NT,0.3248,870,Solar,29/01/2018,Unsuspended,0,,"Alice Plaza - NT - Solar, NT, 870, Australia",-23.6986074,133.8826789,OK,"36 Todd Mall, Alice Springs NT 0870, Australia"
SRPVQL66,A&J Australia Brisbane Solar PV - QLD,QLD,0.2028,4118,Solar,25/01/2018,Unsuspended,0,,"A&J Australia Brisbane Solar PV - QLD, QLD, 4118, Australia",-27.659927,153.031677,OK,"64-70 Johnson Rd, Hillcrest QLD 4118, Australia"
SRPVQL65,Hughenden Solar Farm - QLD,QLD,20.1617,4821,Solar,25/01/2018,Unsuspended,0,,"Hughenden Solar Farm - QLD, QLD, 4821, Australia",-20.8547938,144.186048,OK,"Hughenden QLD 4821, Australia"
SRPVQL64,Special Equipment - QLD - Solar,QLD,0.3029,4174,Solar,22/01/2018,Unsuspended,0,,"Special Equipment - QLD - Solar, QLD, 4174, Australia",-27.4400749,153.1334991,OK,"115 Gosport St, Hemmant QLD 4174, Australia"
SRPVNS87,Pace Farms West Wyalong - Solar - NSW,NSW,0.928,2671,Solar,19/01/2018,Unsuspended,0,,"Pace Farms West Wyalong - Solar - NSW, NSW, 2671, Australia",-33.8628273,147.1665585,OK,"Ridleys Ln, West Wyalong NSW 2671, Australia"
SRPVVC68,Katunga Fresh VIC - Solar,VIC,0.197,3640,Solar,18/01/2018,Unsuspended,0,,"Katunga Fresh VIC - Solar, VIC, 3640, Australia",-35.99733,145.466783,OK,"1055 Numurkah Rd, Katunga VIC 3640, Australia"
SRPVNS91,DHLS10 Horsley Park - Solar - NSW,NSW,0.1444,2175,Solar,16/01/2018,Unsuspended,0,,"DHLS10 Horsley Park - Solar - NSW, NSW, 2175, Australia",-33.848126,150.8493059,OK,"Horsley Park NSW 2175, Australia"
SRPVQL63,McNamee Partners - QLD - Solar,QLD,0.2592,4357,Solar,12/01/2018,Unsuspended,0,,"McNamee Partners - QLD - Solar, QLD, 4357, Australia",-27.8934129,151.0471355,OK,"Mount Emlyn QLD 4357, Australia"
SRPVNS90,Griffith Solar Farm - NSW - Solar,NSW,34.9424,2680,Solar,11/01/2018,Unsuspended,0,,"Griffith Solar Farm - NSW - Solar, NSW, 2680, Australia",-34.3134445,146.1164474,OK,"Yoogali NSW 2680, Australia"
SRPVNS89,AZ Macquarie Park - Solar - NSW,NSW,0.3564,2113,Solar,10/01/2018,Unsuspended,0,,"AZ Macquarie Park - Solar - NSW, NSW, 2113, Australia",-33.7810467,151.122968,OK,"Macquarie Park NSW 2113, Australia"
WD00VC27,Maroona Wind Farm - Vic,VIC,6.9,3377,Wind,10/01/2018,Unsuspended,0,,"Maroona Wind Farm - Vic, VIC, 3377, Australia",-37.4187499,142.8243398,OK,"961 Andrews Ln, Maroona VIC 3377, Australia"
BEBGQL29,Caboolture LFG-QLD,QLD,2.134,4510,Biomass,9/01/2018,Unsuspended,0,,"Caboolture LFG-QLD, QLD, 4510, Australia",-27.0849748,152.9515862,OK,"Caboolture QLD, Australia"
SRPVVC67,Aquapulse Solar - VIC,VIC,0.2249,3029,Solar,4/01/2018,Unsuspended,0,,"Aquapulse Solar - VIC, VIC, 3029, Australia",-37.8833647,144.6833398,OK,"80-82 Derrimut Rd, Hoppers Crossing VIC 3029, Australia"
SRPVVC69,Callister St Shepparton Solar - VIC,VIC,0.7506,3630,Solar,2/01/2018,Unsuspended,0,,"Callister St Shepparton Solar - VIC, VIC, 3630, Australia",-36.3890291,145.4156518,OK,"Callister St, Shepparton VIC 3630, Australia"
SRPVVC66,Booth Strathmerton Solar - VIC,VIC,0.391,3641,Solar,30/12/2017,Unsuspended,0,,"Booth Strathmerton Solar - VIC, VIC, 3641, Australia",-35.9410781,145.4772796,OK,"1815 Numurkah Rd, Strathmerton VIC 3641, Australia"
SRPVQL62,Townsville Campus - Solar - QLD,QLD,0.1319,4810,Solar,22/12/2017,Unsuspended,0,,"Townsville Campus - Solar - QLD, QLD, 4810, Australia",-19.2603411,146.8160681,OK,"373 Flinders St, Townsville City QLD 4810, Australia"
SRPVSA34,Bickfords Australia - Salisbury Factory - Solar - SA,SA,0.6003,5106,Solar,22/12/2017,Unsuspended,0,,"Bickfords Australia - Salisbury Factory - Solar - SA, SA, 5106, Australia",-34.7830242,138.6395408,OK,"162 Cross Keys Rd, Salisbury South SA 5106, Australia"
SRPVSA36,Green Gold 1 - Solar - SA,SA,1.06,5322,Solar,22/12/2017,Unsuspended,0,,"Green Gold 1 - Solar - SA, SA, 5322, Australia",-34.1302474,139.8854497,OK,"Ramco Heights SA 5322, Australia"
SRPVVC65,Todae Solar - Nillumbik - Solar - VIC,VIC,0.1245,3088,Solar,21/12/2017,Unsuspended,0,,"Todae Solar - Nillumbik - Solar - VIC, VIC, 3088, Australia",-37.698595,145.1099967,OK,"Greensborough VIC 3088, Australia"
SRPVSA35,Redmud Green Energy 16 - Solar - SA,SA,0.212,5333,Solar,21/12/2017,Unsuspended,0,,"Redmud Green Energy 16 - Solar - SA, SA, 5333, Australia",-34.1812186,140.7840005,OK,"Lot 41 Sturt Hwy, Paringa SA 5340, Australia"
SRPVNS88,Parkes Solar Farm - Solar - NSW,NSW,65.9232,2870,Solar,20/12/2017,Unsuspended,0,,"Parkes Solar Farm - Solar - NSW, NSW, 2870, Australia",-33.1202708,148.0761678,OK,"Parkes NSW 2870, Australia"
WD00NS13,Sapphire Wind Farm - NSW,NSW,270.0,2360,Wind,20/12/2017,Unsuspended,0,,"Sapphire Wind Farm - NSW, NSW, 2360, Australia",-29.7045538,151.4240714,OK,"Kings Hill, 816 Waterloo Rd, Woodstock NSW 2360, Australia"
SRPVQL60, Pittsworth - Solar - QLD,QLD,0.2835,4356,Solar,18/12/2017,Unsuspended,0,,"Pittsworth - Solar - QLD, QLD, 4356, Australia",-27.7179178,151.6349885,OK,"Pittsworth QLD 4356, Australia"
SRPVWA57,CJD - Guildford - Solar - WA,WA,0.1499,6055,Solar,15/12/2017,Unsuspended,0,,"CJD - Guildford - Solar - WA, WA, 6055, Australia",-31.9183065,115.9609056,OK,"52 Great Eastern Hwy, South Guildford WA 6055, Australia"
SRPVQL61,University of Southern Queensland Springfield - Solar - QLD,QLD,0.2054,4300,Solar,12/12/2017,Unsuspended,0,,"University of Southern Queensland Springfield - Solar - QLD, QLD, 4300, Australia",-27.6828597,152.9068013,OK,"UniSQ Springfield Education City, 37 Sinnathamby Blvd, Springfield Central QLD 4300, Australia"
SRPVSA33,Redmud Green Energy 15 - Solar - SA,SA,0.212,5341,Solar,12/12/2017,Unsuspended,0,,"Redmud Green Energy 15 - Solar - SA, SA, 5341, Australia",-34.1812186,140.7840005,OK,"Lot 41 Sturt Hwy, Paringa SA 5340, Australia"
SRPVNS85,SV - Griffith - Solar - NSW,NSW,0.1519,2680,Solar,8/12/2017,Unsuspended,0,,"SV - Griffith - Solar - NSW, NSW, 2680, Australia",-34.3134445,146.1164474,OK,"Yoogali NSW 2680, Australia"
SRPVQL57,PACE Institute - Solar - QLD,QLD,0.2264,4102,Solar,6/12/2017,Unsuspended,0,,"PACE Institute - Solar - QLD, QLD, 4102, Australia",-27.4999724,153.0307629,OK,"The University of Queensland, Pharmacy Australia Centre of Excellence, Woolloongabba QLD 4102, Australia"
SRPVQL58,Dunblane Solar A QLD,QLD,5.449,4725,Solar,6/12/2017,Unsuspended,0,,"Dunblane Solar A QLD, QLD, 4725, Australia",-23.7152324,145.3143491,OK,"Barcaldine QLD 4725, Australia"
SRPVQL59,Dunblane Solar B QLD,QLD,5.449,4725,Solar,6/12/2017,Unsuspended,0,,"Dunblane Solar B QLD, QLD, 4725, Australia",-23.7152324,145.3143491,OK,"Barcaldine QLD 4725, Australia"
SRPVNS86,Pivotel Satellite Pty Ltd - Solar - NSW,NSW,0.1965,2830,Solar,5/12/2017,Unsuspended,0,,"Pivotel Satellite Pty Ltd - Solar - NSW, NSW, 2830, Australia",-32.1773859,148.6156303,OK,"Lot 52 Burraway Rd, Brocklehurst NSW 2830, Australia"
SRPVQL55,Kidston Solar One - Solar - Qld,QLD,63.168,4871,Solar,5/12/2017,Unsuspended,0,,"Kidston Solar One - Solar - Qld, QLD, 4871, Australia",-18.889097,144.138785,OK,"Kidston, Einasleigh QLD 4871, Australia"
WD00VC26,Yaloak South Windfarm - VIC,VIC,28.7,3342,Wind,1/12/2017,Unsuspended,0,,"Yaloak South Windfarm - VIC, VIC, 3342, Australia",-37.7164742,144.2419466,OK,"Mount Wallace VIC 3342, Australia"
SRPVNS84,LMCC - Works Depot Power Station - Solar NSW,NSW,0.1569,2284,Solar,30/11/2017,Unsuspended,0,,"LMCC - Works Depot Power Station - Solar NSW, NSW, 2284, Australia",-32.9524472,151.6187438,OK,"Teralba NSW 2284, Australia"
SRPVQL56,Vulcan Yatala - Solar - QLD,QLD,0.1966,4207,Solar,29/11/2017,Unsuspended,0,,"Vulcan Yatala - Solar - QLD, QLD, 4207, Australia",-27.7490677,153.2229504,OK,"30 Union Cct, Yatala QLD 4207, Australia"
SRPVVC63,Aeroten Leongatha Solar - VIC,VIC,0.1996,3953,Solar,27/11/2017,Unsuspended,0,,"Aeroten Leongatha Solar - VIC, VIC, 3953, Australia",-38.4795252,145.9494638,OK,"Leongatha VIC 3953, Australia"
SRPVQL54,Mount Sheridan Plaza -Solar - QLD,QLD,0.2995,4868,Solar,27/11/2017,Unsuspended,0,,"Mount Sheridan Plaza -Solar - QLD, QLD, 4868, Australia",-16.9899651,145.7401854,OK,"106 Barnard Dr, Mount Sheridan QLD 4868, Australia"
SRPVVC64,Beaconhills College Berwick Solar Vic,VIC,0.4241,3806,Solar,27/11/2017,Unsuspended,0,,"Beaconhills College Berwick Solar Vic, VIC, 3806, Australia",-38.0485711,145.3560561,OK,"92 Kangan Dr, Berwick VIC 3806, Australia"
SRPVQL53,Aldi Brendale - Solar - QLD,QLD,0.931,4500,Solar,27/11/2017,Unsuspended,0,,"Aldi Brendale - Solar - QLD, QLD, 4500, Australia",-27.314745,152.974565,OK,"68 Kremzow Rd, Brendale QLD 4500, Australia"
SRPVWA56,CKB Airport Solar - WA,WA,0.1201,6430,Solar,24/11/2017,Unsuspended,0,,"CKB Airport Solar - WA, WA, 6430, Australia",-30.76343739999999,121.4558378,OK,"577 Hannan St, Somerville WA 6430, Australia"
SRPVWA55,Dobbie Dico -Solar -WA,WA,0.0998,6090,Solar,22/11/2017,Unsuspended,0,,"Dobbie Dico -Solar -WA, WA, 6090, Australia",-31.8618567,115.9061116,OK,"430 Victoria Rd, Malaga WA 6090, Australia"
SRPVQL51,Moranbah Workers Solar - QLD,QLD,0.2138,4744,Solar,22/11/2017,Unsuspended,0,,"Moranbah Workers Solar - QLD, QLD, 4744, Australia",-22.0025219,148.0443603,OK,"49-55 Mills Ave, Moranbah QLD 4744, Australia"
SRPVNS83,Pace Farms Minchinbury - Solar - NSW,NSW,0.3204,2770,Solar,22/11/2017,Unsuspended,0,,"Pace Farms Minchinbury - Solar - NSW, NSW, 2770, Australia",-33.7825109,150.8117873,OK,"1 Kippist Ave, Minchinbury NSW 2770, Australia"
SRPVVC62,La Trobe University Wodonga - Solar - VIC,VIC,0.4326,3690,Solar,15/11/2017,Unsuspended,0,,"La Trobe University Wodonga - Solar - VIC, VIC, 3690, Australia",-36.1110938,146.850724,OK,"Albury-Wodonga Campus, University Dr, Wodonga VIC 3689, Australia"
SRPVQL50, DHP 1MW - Solar - QLD,QLD,0.9541,4352,Solar,15/11/2017,Unsuspended,0,,"DHP 1MW - Solar - QLD, QLD, 4352, Australia",-27.4595003,151.9470976,OK,"Maclagan QLD 4352, Australia"
SRPVVC61,La Trobe University Bendigo - Solar - VIC,VIC,1.1563,3552,Solar,15/11/2017,Unsuspended,0,,"La Trobe University Bendigo - Solar - VIC, VIC, 3552, Australia",-36.7570157,144.2793906,OK,"Bendigo VIC, Australia"
SRPVQL52,Normanton Solar Farm - Solar - Qld,QLD,4.96,4890,Solar,15/11/2017,Unsuspended,0,,"Normanton Solar Farm - Solar - Qld, QLD, 4890, Australia",-17.681192,141.0498995,OK,"Normanton QLD 4890, Australia"
SRPVNS82,Proten Solar NSW - Farm 61,NSW,0.3567,2680,Solar,14/11/2017,Unsuspended,0,,"Proten Solar NSW - Farm 61, NSW, 2680, Australia",-33.911343,150.9381637,OK,"Warwick Farm NSW 2170, Australia"
SRPVNS81,Proten Solar NSW - Farm 60,NSW,0.3588,2680,Solar,14/11/2017,Unsuspended,0,,"Proten Solar NSW - Farm 60, NSW, 2680, Australia",-33.911343,150.9381637,OK,"Warwick Farm NSW 2170, Australia"
SRPVWA54,AAC22- Solar - WA,WA,0.1929,6152,Solar,13/11/2017,Unsuspended,0,,"AAC22- Solar - WA, WA, 6152, Australia",-31.9890697,115.9801466,OK,"7 Wharton Rd, Kewdale WA 6105, Australia"
SRPVNS79,Proten Solar NSW - Farm 74,NSW,0.2499,2652,Solar,10/11/2017,Unsuspended,0,,"Proten Solar NSW - Farm 74, NSW, 2652, Australia",-33.911343,150.9381637,OK,"Warwick Farm NSW 2170, Australia"
SRPVNS80,Proten Solar NSW - Farm 75 - 79,NSW,1.211,2700,Solar,10/11/2017,Unsuspended,0,,"Proten Solar NSW - Farm 75 - 79, NSW, 2700, Australia",-34.6913768,146.3115178,OK,"Sturt Hwy, Euroley NSW 2700, Australia"
SRPVSA32,Redmud Green Energy 14 - Solar - SA,SA,0.212,5333,Solar,8/11/2017,Unsuspended,0,,"Redmud Green Energy 14 - Solar - SA, SA, 5333, Australia",-34.1812186,140.7840005,OK,"Lot 41 Sturt Hwy, Paringa SA 5340, Australia"
SRPVWA53,NorthamBV - Solar - WA,WA,0.6652,6401,Solar,8/11/2017,Unsuspended,0,,"NorthamBV - Solar - WA, WA, 6401, Australia",-31.50445849999999,116.749645,OK,"Mumberkine WA 6401, Australia"
BEBMWA03,Worsley Multi Fuel Cogeneration Plant - WA,WA,115.0,6225,Biomass,6/11/2017,Unsuspended,0,The total capacity is comprised of: 17 MW biomass and 98 MW diesel. ,"Worsley Multi Fuel Cogeneration Plant - WA, WA, 6225, Australia",-33.3079277,116.0068562,OK,"Worsley WA 6225, Australia"
SRPVQL49,Lakeland Solar & Storage - QLD,QLD,13.0536,4871,Solar,4/11/2017,Unsuspended,0,,"Lakeland Solar & Storage - QLD, QLD, 4871, Australia",-15.8696894,144.8614774,OK,"7769 Mulligan Hwy, Lakeland QLD 4871, Australia"
SRWDTA01,Flinders Island Power Station - Solar and Wind - TAS,TAS,4.1,7255,Wind,1/11/2017,Unsuspended,0,"Wind is the primary fuel source. The total capacity is comprised of: 0.9 MW wind, 0.2 MW solar and 3 MW diesel. ","Flinders Island Power Station - Solar and Wind - TAS, TAS, 7255, Australia",-40.1163649,148.0288719,OK,"62 Thule Rd, Whitemark TAS 7255, Australia"
SRPVTA03,St Patrick's College Launceston - Solar - TAS,TAS,0.2646,7250,Solar,27/10/2017,Unsuspended,0,,"St Patrick's College Launceston - Solar - TAS, TAS, 7250, Australia",-41.4735456,147.1275574,OK,"282 Westbury Rd, Prospect Vale TAS 7250, Australia"
SRPVNS78,Taronga Western Plains Zoo - NSW - Solar,NSW,0.1778,2830,Solar,24/10/2017,Unsuspended,0,,"Taronga Western Plains Zoo - NSW - Solar, NSW, 2830, Australia",-32.2736857,148.5865658,OK,"Obley Rd, Dubbo NSW 2830, Australia"
SRPVVC59,Bayswood Timber Hallam VIC - Solar,VIC,0.1502,3803,Solar,23/10/2017,Unsuspended,0,,"Bayswood Timber Hallam VIC - Solar, VIC, 3803, Australia",-38.0160188,145.2632361,OK,"81/87 Star Cres, Hallam VIC 3803, Australia"
WD00VC25,Kiata Wind Farm - VIC,VIC,31.05,3418,Wind,23/10/2017,Unsuspended,0,,"Kiata Wind Farm - VIC, VIC, 3418, Australia",-36.3976929,141.7468272,OK,"Kiata VIC 3418, Australia"
SRPVVC60,Vawdrey Manufacturing - Solar - VIC,VIC,1.0731,3175,Solar,20/10/2017,Unsuspended,0,,"Vawdrey Manufacturing - Solar - VIC, VIC, 3175, Australia",-38.0298608,145.242307,OK,"1-53 Quantum Cl, Dandenong South VIC 3175, Australia"
SRPVVC58,University of Melbourne The Spot Carlton Solar Vic,VIC,0.0509,3053,Solar,19/10/2017,Unsuspended,0,,"University of Melbourne The Spot Carlton Solar Vic, VIC, 3053, Australia",-37.7983459,144.960974,OK,"Parkville VIC 3010, Australia"
SRPVNS77,SV - Mater Hospital - Solar - NSW,NSW,0.2801,2060,Solar,19/10/2017,Unsuspended,0,,"SV - Mater Hospital - Solar - NSW, NSW, 2060, Australia",-33.8314588,151.2017751,OK,"25 Rocklands Rd, Wollstonecraft NSW 2065, Australia"
SRPVQL48,SV - Holy Spirit Northside - Solar - QLD,QLD,0.3932,4032,Solar,19/10/2017,Unsuspended,0,,"SV - Holy Spirit Northside - Solar - QLD, QLD, 4032, Australia",-27.3912121,153.0226239,OK,"Holyspirit Northside, 627 Rode Rd, Chermside QLD 4032, Australia"
SRPVVC57,University of Melbourne Peter Hall Parkville Solar Vic,VIC,0.0478,3052,Solar,13/10/2017,Unsuspended,0,,"University of Melbourne Peter Hall Parkville Solar Vic, VIC, 3052, Australia",-37.7937009,144.9588084,OK,"Royal Parade, Parkville VIC 3052, Australia"
SRPVVC55,University of Melbourne McCoy Carlton Solar Vic,VIC,0.0733,3053,Solar,10/10/2017,Unsuspended,0,,"University of Melbourne McCoy Carlton Solar Vic, VIC, 3053, Australia",-37.7970289,144.9651557,OK,"253-283 Elgin St, Carlton VIC 3053, Australia"
SRPVVC53,University of Melbourne Archives Brunswick Solar Vic,VIC,0.0916,3056,Solar,10/10/2017,Unsuspended,0,,"University of Melbourne Archives Brunswick Solar Vic, VIC, 3056, Australia",-37.7983459,144.960974,OK,"Parkville VIC 3010, Australia"
SRPVVC56,University of Melbourne Sports Centre Parkville Solar Vic,VIC,0.1608,3052,Solar,10/10/2017,Unsuspended,0,,"University of Melbourne Sports Centre Parkville Solar Vic, VIC, 3052, Australia",-37.7983459,144.960974,OK,"Parkville VIC 3010, Australia"
SRPVVC54,University of Melbourne Performing Arts Centre Southbank Solar Vic,VIC,0.1844,3006,Solar,10/10/2017,Unsuspended,0,,"University of Melbourne Performing Arts Centre Southbank Solar Vic, VIC, 3006, Australia",-37.7983459,144.960974,OK,"Parkville VIC 3010, Australia"
SRPVQL47,Llewellyn Motors - Solar - QLD,QLD,0.3326,4304,Solar,9/10/2017,Unsuspended,0,,"Llewellyn Motors - Solar - QLD, QLD, 4304, Australia",-27.611881,152.800295,OK,"Brisbane Rd &, Ross Llewellyn Dr, Booval QLD 4304, Australia"
SRPVWA51,CJD - Forrestfield - WA,WA,0.1993,6058,Solar,5/10/2017,Unsuspended,0,,"CJD - Forrestfield - WA, WA, 6058, Australia",-31.9680874,115.9852639,OK,"787 Abernethy Rd, Forrestfield WA 6058, Australia"
SRPVWA52,MRL Sleat Rd Applecross Solar WA,WA,0.1248,6153,Solar,4/10/2017,Unsuspended,0,,"MRL Sleat Rd Applecross Solar WA, WA, 6153, Australia",-32.0127044,115.8461809,OK,"Sleat Rd, Applecross WA 6153, Australia"
BEBGSA06,NAWMA - LFG - SOLAR - SA,SA,2.393,5114,Solar,3/10/2017,Unsuspended,0,Biomass is the primary fuel source. The total capacity is comprised of: 1.123 MW biomass and 1.27 MW solar. ,"NAWMA - LFG - SOLAR - SA, SA, 5114, Australia",-34.7383029,138.6355222,OK,"71-75 Woomera Ave, Edinburgh SA 5111, Australia"
SRPVNS76,Bakers Maison Solar NSW,NSW,0.2246,2212,Solar,28/09/2017,Unsuspended,0,,"Bakers Maison Solar NSW, NSW, 2212, Australia",-33.9495044,151.0151163,OK,"Revesby North NSW 2212, Australia"
SRPVVC51,Shamic Sheetmetal Solar VIC,VIC,0.3052,3136,Solar,28/09/2017,Unsuspended,0,,"Shamic Sheetmetal Solar VIC, VIC, 3136, Australia",-37.8173665,145.2911186,OK,"14-18 Research Dr, Croydon South VIC 3136, Australia"
SRPVVC52,SV - Eltham - Solar - VIC,VIC,0.1842,3095,Solar,27/09/2017,Unsuspended,0,,"SV - Eltham - Solar - VIC, VIC, 3095, Australia",-37.718984,145.1460687,OK,"Eltham VIC 3095, Australia"
SRPVVC50,SALE HOSPITAL - SOLAR - Vic,VIC,0.7574,3850,Solar,27/09/2017,Suspended,0,,"SALE HOSPITAL - SOLAR - Vic, VIC, 3850, Australia",-38.096577,147.0675028,OK,"Wurruk VIC 3850, Australia"
SRPVNS75,Parkes Shire Council WTP - Solar - NSW,NSW,0.1074,2870,Solar,21/09/2017,Unsuspended,0,,"Parkes Shire Council WTP - Solar - NSW, NSW, 2870, Australia",-33.0218853,148.2804541,OK,"Parkes NSW 2870, Australia"
SRPVNS74,Parkes Shire Council STP - Solar - NSW,NSW,0.2983,2870,Solar,21/09/2017,Unsuspended,0,,"Parkes Shire Council STP - Solar - NSW, NSW, 2870, Australia",-33.0218853,148.2804541,OK,"Parkes NSW 2870, Australia"
SRPVQL46,SIPS Staypylton Industrial Power Station - Solar - Qld,QLD,0.15,4207,Solar,13/09/2017,Unsuspended,0,,"SIPS Staypylton Industrial Power Station - Solar - Qld, QLD, 4207, Australia",-27.7295742,153.2388459,OK,"Stapylton QLD 4207, Australia"
SRPVSA31,Redmud Green Energy 13 - Solar - SA,SA,0.212,5340,Solar,8/09/2017,Unsuspended,0,,"Redmud Green Energy 13 - Solar - SA, SA, 5340, Australia",-34.1812186,140.7840005,OK,"Lot 41 Sturt Hwy, Paringa SA 5340, Australia"
SRPVWA50,Canning Vale WIS Solar WA,WA,0.1984,6155,Solar,7/09/2017,Unsuspended,0,,"Canning Vale WIS Solar WA, WA, 6155, Australia",-32.0887424,115.9177846,OK,"Canning Vale WA 6155, Australia"
BEBGVC20,REWASTE WOLLERT - VIC,VIC,1.06,3750,Biomass,7/09/2017,Unsuspended,0,,"REWASTE WOLLERT - VIC, VIC, 3750, Australia",-37.6031193,144.9758233,OK,"525 Craigieburn Rd E, Wollert VIC 3750, Australia"
SRPVQL45,University of Southern Queensland Toowoomba - Solar - QLD,QLD,1.5967,4350,Solar,28/08/2017,Unsuspended,0,,"University of Southern Queensland Toowoomba - Solar - QLD, QLD, 4350, Australia",-27.6045414,151.9302108,OK,"UniSQ Toowoomba, 487-535 West St, Darling Heights QLD 4350, Australia"
SRPVNS73,SV - Mater Clinic - NSW,NSW,0.1302,2065,Solar,23/08/2017,Unsuspended,0,,"SV - Mater Clinic - NSW, NSW, 2065, Australia",-33.8321123,151.2012339,OK,"3/9 Gillies St, Wollstonecraft NSW 2065, Australia"
SRPVSA29,Redmud Green Energy 10 - Solar - SA,SA,0.212,5341,Solar,23/08/2017,Unsuspended,0,,"Redmud Green Energy 10 - Solar - SA, SA, 5341, Australia",-34.1812186,140.7840005,OK,"Lot 41 Sturt Hwy, Paringa SA 5340, Australia"
SRPVSA30,Redmud Green Energy 12 - Solar - SA,SA,0.212,5345,Solar,22/08/2017,Unsuspended,0,,"Redmud Green Energy 12 - Solar - SA, SA, 5345, Australia",-34.1812186,140.7840005,OK,"Lot 41 Sturt Hwy, Paringa SA 5340, Australia"
SRPVVC49,Flavorite Marketing VIC - Solar,VIC,0.1494,3023,Solar,21/08/2017,Unsuspended,0,,"Flavorite Marketing VIC - Solar, VIC, 3023, Australia",-37.7808338,144.7508481,OK,"30/32 Riding Boundary Rd, Ravenhall VIC 3023, Australia"
SRPVQL44,SV - Private Brisbane - Solar - QLD,QLD,0.1705,4169,Solar,21/08/2017,Unsuspended,0,,"SV - Private Brisbane - Solar - QLD, QLD, 4169, Australia",-27.47365,153.0349771,OK,"411 Main St, Kangaroo Point QLD 4169, Australia"
SRPVWA45,AAC26-Solar-WA,WA,0.1988,6163,Solar,21/08/2017,Unsuspended,0,,"AAC26-Solar-WA, WA, 6163, Australia",-32.0865957,115.7930198,OK,"Spearwood WA 6163, Australia"
WDOOSA20,Hornsdale Wind Farm Stage 3 - SA,SA,112.0,5491,Wind,16/08/2017,Unsuspended,0,,"Hornsdale Wind Farm Stage 3 - SA, SA, 5491, Australia",-33.0415684,138.5217734,OK,"Hornsdale SA 5491, Australia"
SRPVSA28,Redmud Green Energy 11 - Solar - SA,SA,0.212,5341,Solar,4/08/2017,Unsuspended,0,,"Redmud Green Energy 11 - Solar - SA, SA, 5341, Australia",-34.1812186,140.7840005,OK,"Lot 41 Sturt Hwy, Paringa SA 5340, Australia"
SRPVQL43,SV - Mitchelton - Solar - QLD,QLD,0.1746,4053,Solar,28/07/2017,Unsuspended,0,,"SV - Mitchelton - Solar - QLD, QLD, 4053, Australia",-27.4133382,152.9740677,OK,"Mitchelton QLD 4053, Australia"
SRPVWA49,AAC04- Solar - WA,WA,0.1988,6069,Solar,28/07/2017,Unsuspended,0,,"AAC04- Solar - WA, WA, 6069, Australia",-31.7645555,116.005922,OK,"Ellenbrook WA 6069, Australia"
SRPVQL41,Sunshine Coast Solar Farm - QLD,QLD,15.0,4561,Solar,19/07/2017,Unsuspended,0,,"Sunshine Coast Solar Farm - QLD, QLD, 4561, Australia",-26.5612621,153.0304861,OK,"909 Yandina Coolum Rd, Valdora QLD 4561, Australia"
SRPVQL42,SV Lourdes - Solar - QLD,QLD,0.2637,4350,Solar,17/07/2017,Unsuspended,0,,"SV Lourdes - Solar - QLD, QLD, 4350, Australia",-27.5992424,151.9521032,OK,"Lourdes St, Middle Ridge QLD 4350, Australia"
SRPVQL40,SV - Toowoomba - Solar - QLD,QLD,0.2601,4350,Solar,14/07/2017,Unsuspended,0,,"SV - Toowoomba - Solar - QLD, QLD, 4350, Australia",-27.5564884,151.9533185,OK,"Top Camp QLD 4350, Australia"
SRPVNS72,PE - Llandilo - Solar - NSW,NSW,0.795,2747,Solar,6/07/2017,Unsuspended,0,,"PE - Llandilo - Solar - NSW, NSW, 2747, Australia",-33.7051542,150.7574825,OK,"Llandilo NSW 2747, Australia"
SRPVSA27,Redmud Green Energy 9 - Solar - SA,SA,0.212,5333,Solar,1/07/2017,Unsuspended,0,,"Redmud Green Energy 9 - Solar - SA, SA, 5333, Australia",-34.1812186,140.7840005,OK,"Lot 41 Sturt Hwy, Paringa SA 5340, Australia"
SRPVWA47,Mineral Resources CSI Kwinana Solar WA,WA,0.1872,6167,Solar,29/06/2017,Unsuspended,0,,"Mineral Resources CSI Kwinana Solar WA, WA, 6167, Australia",-32.2368126,115.7795349,OK,"20/6 Thorpe Way, Kwinana Beach WA 6167, Australia"
SRPVWA48,MRL-Barrington Solar WA,WA,0.1872,6163,Solar,29/06/2017,Unsuspended,0,,"MRL-Barrington Solar WA, WA, 6163, Australia",-32.1166102,115.7975076,OK,"Barrington St, Bibra Lake WA 6163, Australia"
SRPVNS71,Charles Sturt University Wagga Wagga 1.8MW - Solar NSW,NSW,1.7691,2650,Solar,29/06/2017,Unsuspended,0,,"Charles Sturt University Wagga Wagga 1.8MW - Solar NSW, NSW, 2650, Australia",-35.0570036,147.3512433,OK,"Charles Sturt University NSW 2678, Australia"
SRPVQL39,Woolcock Centre - Solar - QLD,QLD,0.2956,4812,Solar,28/06/2017,Unsuspended,0,,"Woolcock Centre - Solar - QLD, QLD, 4812, Australia",-19.2708339,146.7893949,OK,"Woolcock St, Mysterton QLD 4812, Australia"
SRPVVC48,Midland Highway Orrvale - Solar - VIC,VIC,0.509,3631,Solar,22/06/2017,Unsuspended,0,,"Midland Highway Orrvale - Solar - VIC, VIC, 3631, Australia",-36.3927591,145.4476565,OK,"Midland Hwy, Orrvale VIC 3631, Australia"
BEBGQL27,Tong Park - Agricultural Waste - QLD,QLD,1.228,4411,Biomass,19/06/2017,Unsuspended,0,,"Tong Park - Agricultural Waste - QLD, QLD, 4411, Australia",-26.9391295,150.9261523,OK,"Tong Park, 22573 Warrego Hwy, Warra QLD 4411, Australia"
WD00NS12,White Rock Wind Farm - NSW,NSW,200.172,2370,Wind,16/06/2017,Unsuspended,0,Wind is the primary fuel source. The solar component was added as an expansion to the wind farm on 20/09/2018. The total capacity is comprised of: 175 MW wind and 25.172 MW solar. ,"White Rock Wind Farm - NSW, NSW, 2370, Australia",-29.7624218,151.5447433,OK,"2309 Gwydir Hwy, Matheson NSW 2370, Australia"
SRPVVC47,Zilzie Winery Solar System - VIC,VIC,1.066,3496,Solar,13/06/2017,Unsuspended,0,,"Zilzie Winery Solar System - VIC, VIC, 3496, Australia",-34.3419976,142.2464109,OK,"544 Kulkyne Way, Red Cliffs VIC 3496, Australia"
SRPVVC46,SCS Shepparton VIC - Solar,VIC,0.3,3630,Solar,7/06/2017,Unsuspended,0,,"SCS Shepparton VIC - Solar, VIC, 3630, Australia",-36.37097930000001,145.4183044,OK,"12 Wheeler St, Shepparton VIC 3630, Australia"
SRPVWA44,AAC23-Solar-WA,WA,0.1988,6167,Solar,1/06/2017,Unsuspended,0,,"AAC23-Solar-WA, WA, 6167, Australia",-32.2244737,115.8403461,OK,"Kwinana Beach WA 6167, Australia"
SRPVVC45,Newhaven College - Solar - VIC,VIC,0.2432,3922,Solar,1/06/2017,Unsuspended,0,,"Newhaven College - Solar - VIC, VIC, 3922, Australia",-38.4881947,145.2690258,OK,"1770 Phillip Island Rd, Rhyll VIC 3923, Australia"
SRPVSA25,Redmud Green Energy 7 - Solar - SA,SA,0.424,5321,Solar,1/06/2017,Unsuspended,0,,"Redmud Green Energy 7 - Solar - SA, SA, 5321, Australia",-34.1812186,140.7840005,OK,"Lot 41 Sturt Hwy, Paringa SA 5340, Australia"
SRPVNS70,Chillamurra Solar NSW,NSW,4.77,2409,Solar,31/05/2017,Unsuspended,0,,"Chillamurra Solar NSW, NSW, 2409, Australia",-28.696216,150.1184797,OK,"Boggabilla NSW 2409, Australia"
SRPVNS69,Drayton's Family Wines Solar - NSW,NSW,0.2,2320,Solar,30/05/2017,Suspended,0,,"Drayton's Family Wines Solar - NSW, NSW, 2320, Australia",-32.808758,151.2835551,OK,"555 Oakey Creek Rd, Pokolbin NSW 2320, Australia"
SRPVQL37,St Ursula's College Yeppoon - Solar - QLD,QLD,0.1738,4703,Solar,12/05/2017,Unsuspended,0,,"St Ursula's College Yeppoon - Solar - QLD, QLD, 4703, Australia",-23.1310488,150.7435726,OK,"42 Queen St, Yeppoon QLD 4703, Australia"
SRPVSA26,Redmud Green Energy 8 - Solar - SA,SA,0.212,5333,Solar,11/05/2017,Unsuspended,0,,"Redmud Green Energy 8 - Solar - SA, SA, 5333, Australia",-34.1812186,140.7840005,OK,"Lot 41 Sturt Hwy, Paringa SA 5340, Australia"
SRPVQL38,Churchill Abattoir - Solar - QLD,QLD,0.9072,4305,Solar,8/05/2017,Unsuspended,0,,"Churchill Abattoir - Solar - QLD, QLD, 4305, Australia",-27.6469772,152.7434781,OK,"31 Berry St, Yamanto QLD 4305, Australia"
SRPVNS68,De Bortoli Wines - Solar - NSW,NSW,0.23,2680,Solar,11/04/2017,Unsuspended,0,,"De Bortoli Wines - Solar - NSW, NSW, 2680, Australia",-34.275694,146.143648,OK,"De Bortoli Road, Bilbul NSW 2680, Australia"
SRPVWA46,Meekatharra Solar Power Station WA,WA,0.4546,6642,Solar,6/04/2017,Unsuspended,0,,"Meekatharra Solar Power Station WA, WA, 6642, Australia",-26.5956611,118.4935984,OK,"Meekatharra WA 6642, Australia"
SRPVSA24,Yalumba Winery Solar system (Oxford Landing) - SA,SA,0.71,5355,Solar,27/03/2017,Unsuspended,0,,"Yalumba Winery Solar system (Oxford Landing) - SA, SA, 5355, Australia",-34.4414064,139.0196162,OK,"204 Pipeline Rd, Nuriootpa SA 5355, Australia"
SRPVQL36,Barcaldine Solar Farm - QLD,QLD,25.0,4725,Solar,20/03/2017,Unsuspended,0,,"Barcaldine Solar Farm - QLD, QLD, 4725, Australia",-23.7152324,145.3143491,OK,"Barcaldine QLD 4725, Australia"
SRPVVC44,Jessica Way Truganina Solar - VIC,VIC,0.365,3029,Solar,16/03/2017,Unsuspended,0,,"Jessica Way Truganina Solar - VIC, VIC, 3029, Australia",-37.8214745,144.7448472,OK,"Jessica Way, Truganina VIC 3029, Australia"
SRPVSA23,Redmud Green Energy 6 - Solar - SA,SA,0.212,5342,Solar,9/03/2017,Unsuspended,0,,"Redmud Green Energy 6 - Solar - SA, SA, 5342, Australia",-34.1812186,140.7840005,OK,"Lot 41 Sturt Hwy, Paringa SA 5340, Australia"
SRPVSA22,Yalumba Winery Solar system (Angaston) - SA,SA,1.14,5353,Solar,9/03/2017,Unsuspended,0,,"Yalumba Winery Solar system (Angaston) - SA, SA, 5353, Australia",-34.5124862,139.0570025,OK,"40 Eden Valley Rd, Angaston SA 5353, Australia"
SRWDSA01,Coober Pedy  - Wind  - Solar - SA,SA,9.0,5723,Wind,28/02/2017,Unsuspended,0,"Wind is the primary fuel source. The total capacity is comprised of: 4.1 MW wind, 1 MW solar and 3.9 MW diesel. ","Coober Pedy  - Wind  - Solar - SA, SA, 5723, Australia",-29.013516,134.7544219,OK,"Coober Pedy SA 5723, Australia"
SRPVWA43,AAC21- Solar - WA,WA,0.1518,6010,Solar,22/02/2017,Unsuspended,0,,"AAC21- Solar - WA, WA, 6010, Australia",-31.9685608,115.7752703,OK,"Claremont North WA 6010, Australia"
SRPVVC43,Cedar Meats Solar Geelong VIC,VIC,0.1998,3012,Solar,22/02/2017,Unsuspended,0,,"Cedar Meats Solar Geelong VIC, VIC, 3012, Australia",-37.8189859,144.8362168,OK,"690 Geelong Rd, Brooklyn VIC 3012, Australia"
SRPVVC42,Bunurong 260 kW Solar PV Bangholme VIC,VIC,0.26,3175,Solar,10/02/2017,Unsuspended,0,,"Bunurong 260 kW Solar PV Bangholme VIC, VIC, 3175, Australia",-38.0658143,145.1981601,OK,"Bunurong Memorial Park, 790 Frankston - Dandenong Rd, Dandenong South VIC 3175, Australia"
WD00SA19,Hornsdale Wind Farm Stage 2 - SA,SA,102.4,5491,Wind,10/02/2017,Unsuspended,0,,"Hornsdale Wind Farm Stage 2 - SA, SA, 5491, Australia",-33.0415684,138.5217734,OK,"Hornsdale SA 5491, Australia"
SRPVNS67,DHL6 Solar Horsley Park NSW,NSW,0.1,2175,Solar,9/02/2017,Unsuspended,0,,"DHL6 Solar Horsley Park NSW, NSW, 2175, Australia",-33.848126,150.8493059,OK,"Horsley Park NSW 2175, Australia"
SRPVNS66,Penrith RSL Solar - NSW,NSW,0.1999,2750,Solar,7/02/2017,Unsuspended,0,,"Penrith RSL Solar - NSW, NSW, 2750, Australia",-33.7552223,150.6980895,OK,"8 Tindale St, Penrith NSW 2750, Australia"
SRPVSA21,Redmud Green Energy 5 - Solar - SA,SA,0.212,5341,Solar,25/01/2017,Unsuspended,0,,"Redmud Green Energy 5 - Solar - SA, SA, 5341, Australia",-34.1812186,140.7840005,OK,"Lot 41 Sturt Hwy, Paringa SA 5340, Australia"
SRPVNS65,Stockland Development Wetherill Park - Solar - NSW,NSW,0.9248,2164,Solar,24/01/2017,Unsuspended,0,,"Stockland Development Wetherill Park - Solar - NSW, NSW, 2164, Australia",-33.8587351,150.898621,OK,"561-583 Polding St, Wetherill Park NSW 2164, Australia"
SRPVSA20,Adelaide Zoo Solar System - SA,SA,0.1508,5000,Solar,20/01/2017,Unsuspended,0,,"Adelaide Zoo Solar System - SA, SA, 5000, Australia",-34.9146911,138.6064263,OK,"Plane Tree Dr, Adelaide SA 5000, Australia"
SRPVWA42,AAC09- Solar - WA,WA,0.1988,6163,Solar,19/01/2017,Unsuspended,0,,"AAC09- Solar - WA, WA, 6163, Australia",-32.0865957,115.7930198,OK,"Spearwood WA 6163, Australia"
SRPVVC41,JL King & Co 150kW- Solar- VIC,VIC,0.15,3555,Solar,18/01/2017,Unsuspended,0,,"JL King & Co 150kW- Solar- VIC, VIC, 3555, Australia",-36.7406652,144.3103744,OK,"21 Murphy St, East Bendigo VIC 3550, Australia"
SRPVSA19,Redmud Green Energy 4 - Solar - SA,SA,0.6,5343,Solar,18/01/2017,Unsuspended,0,,"Redmud Green Energy 4 - Solar - SA, SA, 5343, Australia",-34.1812186,140.7840005,OK,"Lot 41 Sturt Hwy, Paringa SA 5340, Australia"
SRPVWA41,Horizon Power Murchison Radio-astronomy Observatory Solar Farm WA,WA,0.25,6630,Solar,17/01/2017,Unsuspended,0,,"Horizon Power Murchison Radio-astronomy Observatory Solar Farm WA, WA, 6630, Australia",-26.6969917,116.6369332,OK,"Boolardy Station, Beringarra-Pindar Rd, Murchison WA 6630, Australia"
SRPVWA40,AAC24-Solar-WA,WA,0.1399,6210,Solar,21/12/2016,Unsuspended,0,,"AAC24-Solar-WA, WA, 6210, Australia",-32.5461633,115.7220148,OK,"Falcon WA 6210, Australia"
SRPVNT24,Charles Darwin University Solar NT,NT,0.256,810,Solar,20/12/2016,Unsuspended,0,,"Charles Darwin University Solar NT, NT, 810, Australia",-12.372757,130.870636,OK,"Charles Darwin University, Brinkin NT 0810, Australia"
SRPVAC15,Williamsdale Solar Farm ACT,ACT,11.1375,2901,Solar,19/12/2016,Unsuspended,0,,"Williamsdale Solar Farm ACT, ACT, 2901, Australia",-35.5711406,149.1285092,OK,"7839 Monaro Hwy, Australian Capital Territory 2900, Australia"
SRPVWA38,AAC15-Solar - WA,WA,0.0557,6054,Solar,16/12/2016,Unsuspended,0,,"AAC15-Solar - WA, WA, 6054, Australia",-31.9890697,115.9801466,OK,"7 Wharton Rd, Kewdale WA 6105, Australia"
SRPVWA39,AAC18 - Solar - WA,WA,0.1423,6060,Solar,16/12/2016,Unsuspended,0,,"AAC18 - Solar - WA, WA, 6060, Australia",-31.9001174,115.8462613,OK,"Joondanna WA 6060, Australia"
SRPVVC40,Manor Lakes CLC Solar - VIC,VIC,0.1375,3024,Solar,14/12/2016,Unsuspended,0,,"Manor Lakes CLC Solar - VIC, VIC, 3024, Australia",-37.8760226,144.605017,OK,"86 Manor Lakes Blvd, Manor Lakes VIC 3024, Australia"
SRPVWA37,AAC13- Solar - WA,WA,0.1802,6169,Solar,14/12/2016,Unsuspended,0,,"AAC13- Solar - WA, WA, 6169, Australia",-32.32457,115.7693535,OK,"Waikiki WA 6169, Australia"
SRPVSA17,Redmud Green Energy 2 - Solar - SA,SA,0.1872,5341,Solar,12/12/2016,Unsuspended,0,,"Redmud Green Energy 2 - Solar - SA, SA, 5341, Australia",-34.1812186,140.7840005,OK,"Lot 41 Sturt Hwy, Paringa SA 5340, Australia"
SRPVNT23,DIA Solar Plant Stage 2 - NT,NT,1.524,820,Solar,9/12/2016,Unsuspended,0,,"DIA Solar Plant Stage 2 - NT, NT, 820, Australia",-12.4264942,130.8475181,OK,"Darwin DC NT 0820, Australia"
SRPVAC14,Mugga Lane Solar Park - ACT,ACT,12.85,2904,Solar,8/12/2016,Unsuspended,0,,"Mugga Lane Solar Park - ACT, ACT, 2904, Australia",-35.3975161,149.1472842,OK,"Australian Capital Territory 2900, Australia"
SRPVSA18,Redmud Green Energy 3 - Solar - SA,SA,0.1872,5322,Solar,5/12/2016,Unsuspended,0,,"Redmud Green Energy 3 - Solar - SA, SA, 5322, Australia",-34.1812186,140.7840005,OK,"Lot 41 Sturt Hwy, Paringa SA 5340, Australia"
SRPVNT22,Hibiscus Shopping Centre - Solar- NT,NT,0.25,812,Solar,5/12/2016,Unsuspended,0,,"Hibiscus Shopping Centre - Solar- NT, NT, 812, Australia",-12.3777373,130.8958657,OK,"Hibiscus Shopping Centre, 8 Leanyer Dr, Leanyer NT 0812, Australia"
BEBGNS30,AGLSITA1- LFG - NSW,NSW,2.8,2178,Biomass,5/12/2016,Suspended,0,,"AGLSITA1- LFG - NSW, NSW, 2178, Australia",-33.8769426,150.8027952,OK,"Kemps Creek NSW 2178, Australia"
BEBGQL26,Gladstone LFG-QLD,QLD,1.067,4680,Biomass,1/12/2016,Unsuspended,0,,"Gladstone LFG-QLD, QLD, 4680, Australia",-23.8415948,151.2497708,OK,"Gladstone Central QLD 4680, Australia"
SRPVWA36,Corpus - Solar - WA,WA,0.168,6150,Solar,30/11/2016,Unsuspended,0,,"Corpus - Solar - WA, WA, 6150, Australia",-32.0584003,115.8373885,OK,"Winthrop WA 6150, Australia"
SRPVSA15,Bianco Construction Supplies Solar System - SA,SA,0.2016,5084,Solar,25/11/2016,Unsuspended,0,,"Bianco Construction Supplies Solar System - SA, SA, 5084, Australia",-34.8553998,138.5937955,OK,"Blair Athol SA 5084, Australia"
SRPVSA16,Bianco Precast Solar System - SA,SA,0.2016,5084,Solar,25/11/2016,Unsuspended,0,,"Bianco Precast Solar System - SA, SA, 5084, Australia",-34.8382553,138.5629308,OK,"183 South Terrace, Wingfield SA 5013, Australia"
SRPVNS62,Campbells River Pump NSW Solar,NSW,0.131,2675,Solar,23/11/2016,Unsuspended,0,,"Campbells River Pump NSW Solar, NSW, 2675, Australia",-33.70163840870993,149.6622608677494,OK,"Campbells River, New South Wales, Australia"
SRPVNS63,River Pump Booligal Road NSW Solar,NSW,0.211,2675,Solar,23/11/2016,Unsuspended,0,,"River Pump Booligal Road NSW Solar, NSW, 2675, Australia",-33.9606178,145.1429163,OK,"Booligal Rd, New South Wales 2711, Australia"
SRPVNS64,Wyadra Solar - NSW,NSW,0.211,2675,Solar,23/11/2016,Unsuspended,0,,"Wyadra Solar - NSW, NSW, 2675, Australia",-31.2532183,146.921099,OK,"New South Wales, Australia"
SRPVAC13,Canberra Hospital Building 26 Solar ACT,ACT,0.48,2605,Solar,23/11/2016,Unsuspended,0,,"Canberra Hospital Building 26 Solar ACT, ACT, 2605, Australia",-35.3463805,149.101199,OK,"Yamba Dr, Garran ACT 2605, Australia"
SRPVNS61,Sydney Renewable Power Company - Solar - NSW,NSW,0.52,2009,Solar,22/11/2016,Unsuspended,0,,"Sydney Renewable Power Company - Solar - NSW, NSW, 2009, Australia",-33.8687895,151.1942171,OK,"Pyrmont NSW 2009, Australia"
SRPVWA35,AAC19- Solar - WA,WA,0.1018,6006,Solar,21/11/2016,Unsuspended,0,,"AAC19- Solar - WA, WA, 6006, Australia",-31.9273539,115.8551339,OK,"North Perth WA 6006, Australia"
SRPVVC39,CEVA,VIC,0.3,3029,Solar,11/11/2016,Unsuspended,0,,"CEVA, VIC, 3029, Australia",-37.8016945,144.7376706,OK,"1 Doriemus Dr, Truganina VIC 3029, Australia"
SRPVNS60,Martin Brower Distribution Facility,NSW,0.7774,2164,Solar,11/11/2016,Unsuspended,0,,"Martin Brower Distribution Facility, NSW, 2164, Australia",-33.8471963,150.8760197,OK,"1 Burilda Cl, Wetherill Park NSW 2164, Australia"
SRPVQL35,Austchilli Solar QLD,QLD,0.1981,4670,Solar,31/10/2016,Unsuspended,0,,"Austchilli Solar QLD, QLD, 4670, Australia",-24.9363947,152.3792155,OK,"4496 Goodwood Rd, Alloway QLD 4670, Australia"
SRPVVC38,Kerr St Solar-VIC,VIC,0.3252,3677,Solar,25/10/2016,Unsuspended,0,,"Kerr St Solar-VIC, VIC, 3677, Australia",-36.3612799,146.2986565,OK,"Kerr St, Wangaratta VIC 3677, Australia"
SRPVSA14,Redmud Green Energy 1 - Solar - SA,SA,0.1872,5341,Solar,18/10/2016,Unsuspended,0,,"Redmud Green Energy 1 - Solar - SA, SA, 5341, Australia",-34.1812186,140.7840005,OK,"Lot 41 Sturt Hwy, Paringa SA 5340, Australia"
SRPVVC37,Sunshine Plaza,VIC,1.044,3020,Solar,13/10/2016,Unsuspended,0,,"Sunshine Plaza, VIC, 3020, Australia",-37.7821558,144.8342137,OK,"328 Hampshire Rd, Sunshine VIC 3020, Australia"
SRPVWA34,Trinity College MPF Power Station WA,WA,0.0661,6004,Solar,12/10/2016,Unsuspended,0,,"Trinity College MPF Power Station WA, WA, 6004, Australia",-31.9599218,115.8832557,OK,"2 Trinity Ave, East Perth WA 6004, Australia"
SRPVAC12,2 Faulding Street Solar - ACT,ACT,0.3476,2609,Solar,28/09/2016,Unsuspended,0,,"2 Faulding Street Solar - ACT, ACT, 2609, Australia",-35.3350771,149.1669597,OK,"2 Faulding St, Symonston ACT 2609, Australia"
SRPVNS59,CCS Media Solar - NSW,NSW,0.15,2128,Solar,21/09/2016,Unsuspended,0,,"CCS Media Solar - NSW, NSW, 2128, Australia",-33.8343506,151.0442244,OK,"Silverwater NSW 2128, Australia"
SRPVWA27,AAC03- Solar - WA,WA,0.1497,6069,Solar,14/09/2016,Unsuspended,0,,"AAC03- Solar - WA, WA, 6069, Australia",-31.7645555,116.005922,OK,"Ellenbrook WA 6069, Australia"
SRPVWA30,Aegis Aged Care - Sandstrom - Solar - WA,WA,0.0588,6050,Solar,8/09/2016,Unsuspended,0,,"Aegis Aged Care - Sandstrom - Solar - WA, WA, 6050, Australia",-31.9590278,115.9008147,OK,"90 Goodwood Pde., Burswood WA 6100, Australia"
SRPVWA32,Aegis Aged Care - Ellenvale - Solar - WA,WA,0.1418,6280,Solar,8/09/2016,Unsuspended,0,,"Aegis Aged Care - Ellenvale - Solar - WA, WA, 6280, Australia",-33.6647845,115.285796,OK,"Corner Broadwater Blvd &, Bell Dr, Broadwater WA 6280, Australia"
SRPVAC11,Mount Majura Solar Farm - ACT,ACT,2.3,2609,Solar,8/09/2016,Unsuspended,0,,"Mount Majura Solar Farm - ACT, ACT, 2609, Australia",-35.236124,149.1968059,OK,"303 Majura Rd, Australian Capital Territory 2609, Australia"
SRPVWA31,Aegis Aged Care - Shawford - Solar - WA,WA,0.1415,6018,Solar,31/08/2016,Unsuspended,0,,"Aegis Aged Care - Shawford - Solar - WA, WA, 6018, Australia",-31.9590278,115.9008147,OK,"90 Goodwood Pde., Burswood WA 6100, Australia"
SRPVWA33,Aegis Aged Care - Carrington - Solar - WA,WA,0.1402,6163,Solar,30/08/2016,Unsuspended,0,,"Aegis Aged Care - Carrington - Solar - WA, WA, 6163, Australia",-32.0712899,115.7798293,OK,"Carrington St, Bibra Lake WA 6163, Australia"
SRPVWA29,Karratha Solar Power 1MW,WA,1.0,6714,Solar,30/08/2016,Unsuspended,0,,"Karratha Solar Power 1MW, WA, 6714, Australia",-20.7336955,116.8447057,OK,"Karratha WA 6714, Australia"
SRPVWA25,Aegis Aged Care - Parkview - Solar - WA,WA,0.1399,6104,Solar,18/08/2016,Unsuspended,0,,"Aegis Aged Care - Parkview - Solar - WA, WA, 6104, Australia",-31.9590278,115.9008147,OK,"90 Goodwood Pde., Burswood WA 6100, Australia"
SRPVSA13,Sabrina 1 Solar - SA,SA,0.495,5111,Solar,16/08/2016,Unsuspended,0,,"Sabrina 1 Solar - SA, SA, 5111, Australia",-34.7185389,138.6288642,OK,"Edinburgh SA 5111, Australia"
WD00VC24,"Ararat Wind Farm, VIC",VIC,242.0,3377,Wind,15/08/2016,Unsuspended,0,,"Ararat Wind Farm, VIC, VIC, 3377, Australia",-37.2625968,143.0784669,OK,"Ararat VIC 3377, Australia"
SRPVNS58,Barangaroo - Solar - NSW,NSW,0.9561,2000,Solar,11/08/2016,Unsuspended,0,,"Barangaroo - Solar - NSW, NSW, 2000, Australia",-33.8638333,151.2015251,OK,"Barangaroo NSW 2000, Australia"
SRPVWA28,Aegis Aged Care - Melville - Solar - WA,WA,0.0996,6156,Solar,2/08/2016,Unsuspended,0,,"Aegis Aged Care - Melville - Solar - WA, WA, 6156, Australia",-32.037664,115.79426,OK,"1 French Rd, Melville WA 6156, Australia"
SRPVWA26,Aegis Aged Care - Anchorage - Solar - WA,WA,0.1426,6030,Solar,1/08/2016,Unsuspended,0,,"Aegis Aged Care - Anchorage - Solar - WA, WA, 6030, Australia",-31.6778383,115.7075945,OK,"Anchorage Dr N, Mindarie WA 6030, Australia"
SRPVWA24,Aegis Aged Care - Woodlake - Solar - WA,WA,0.1855,6026,Solar,1/08/2016,Unsuspended,0,,"Aegis Aged Care - Woodlake - Solar - WA, WA, 6026, Australia",-31.9590278,115.9008147,OK,"90 Goodwood Pde., Burswood WA 6100, Australia"
SRPVQL33,Dobinsons Spring & Suspension - QLD,QLD,0.518,4701,Solar,26/07/2016,Unsuspended,0,,"Dobinsons Spring & Suspension - QLD, QLD, 4701, Australia",-23.345796,150.505272,OK,"58 Hollingsworth St, Kawana QLD 4701, Australia"
SRPVQL34,BUPA Cairns 150 kWp,QLD,0.15,4870,Solar,21/07/2016,Unsuspended,0,,"BUPA Cairns 150 kWp, QLD, 4870, Australia",-16.9324407,145.7406486,OK,"52-59 Swallow St, Mooroobool QLD 4870, Australia"
WD00TA11,Cygnet Woolnorth - Wind - Tas,TAS,0.225,7330,Wind,21/07/2016,Unsuspended,0,,"Cygnet Woolnorth - Wind - Tas, TAS, 7330, Australia",-40.7521277,144.7853047,OK,"Woolnorth TAS 7330, Australia"
HYMCNS07,Googong Micro Hydro,NSW,0.6,2620,Hydro,5/07/2016,Unsuspended,0,,"Googong Micro Hydro, NSW, 2620, Australia",-35.4221969,149.2359484,OK,"Googong NSW 2620, Australia"
SRPVNS57,UNSW Morven Brown PV,NSW,0.2182,2033,Solar,4/07/2016,Unsuspended,0,,"UNSW Morven Brown PV, NSW, 2033, Australia",-33.9167812,151.2326555,OK,"The University of, Morven Brown Building, Tenancy 4/5, Lower Ground Floor, Kensington NSW 2033, Australia"
SRPVQL32,Bundaberg Christian College - QLD,QLD,0.2586,4670,Solar,4/07/2016,Unsuspended,0,,"Bundaberg Christian College - QLD, QLD, 4670, Australia",-24.8677625,152.4075066,OK,"234 Ashfield Rd, Ashfield QLD 4670, Australia"
SRPVQL31,The Pines Elanora - Solar - QLD,QLD,0.636,4221,Solar,29/06/2016,Suspended,0,,"The Pines Elanora - Solar - QLD, QLD, 4221, Australia",-28.1344912,153.4687662,OK,"13/31 Guineas Creek Road and, K P McGrath Dr, Elanora QLD 4221, Australia"
SRPVNT21,DIA Solar Plant Stage 1 - NT,NT,4.0,820,Solar,28/06/2016,Unsuspended,0,,"DIA Solar Plant Stage 1 - NT, NT, 820, Australia",-12.4264942,130.8475181,OK,"Darwin DC NT 0820, Australia"
SRPVNS56,Australian Vintage AV300 - NSW - BURONGA w SGU,NSW,1.6489,2739,Solar,27/06/2016,Unsuspended,0,The installed capacity includes capacity that received small-scale technology certificates (STCs) under the Small-scale Renewable Energy Target (SRES). ,"Australian Vintage AV300 - NSW - BURONGA w SGU, NSW, 2739, Australia",-34.1708751,142.1811191,OK,"Buronga NSW 2739, Australia"
WD00TA10,The Gums Woolnorth - Wind - TAS,TAS,0.6,7330,Wind,24/06/2016,Unsuspended,0,,"The Gums Woolnorth - Wind - TAS, TAS, 7330, Australia",-40.7824086,144.8009236,OK,"Red Marsh Rd, Woolnorth TAS 7330, Australia"
WD00SA18,Hornsdale Wind Farm Stage 1 - SA,SA,102.4,5491,Wind,22/06/2016,Unsuspended,0,,"Hornsdale Wind Farm Stage 1 - SA, SA, 5491, Australia",-33.0415684,138.5217734,OK,"Hornsdale SA 5491, Australia"
SRPVSA11,Living Choice Fullarton Solar,SA,0.1999,5063,Solar,15/06/2016,Unsuspended,0,,"Living Choice Fullarton Solar, SA, 5063, Australia",-34.9574697,138.6182459,OK,"123 Fisher St, Fullarton SA 5063, Australia"
SRPVVC36,NEXTDC M1 401kWp,VIC,0.4016,3207,Solar,15/06/2016,Unsuspended,0,,"NEXTDC M1 401kWp, VIC, 3207, Australia",-37.8226062,144.9323383,OK,"826 Lorimer St, Port Melbourne VIC 3207, Australia"
SRPVNS55,Baxter Healthcare - Todae Solar PV - Old Toongabbie - NSW,NSW,0.5353,2146,Solar,10/06/2016,Unsuspended,0,,"Baxter Healthcare - Todae Solar PV - Old Toongabbie - NSW, NSW, 2146, Australia",-33.7822091,150.9703378,OK,"1 Baxter Dr, Old Toongabbie NSW 2146, Australia"
HYMINS14,North Head Mini Hydro - NSW,NSW,2.1,2095,Hydro,7/06/2016,Unsuspended,0,,"North Head Mini Hydro - NSW, NSW, 2095, Australia",-33.8223567,151.2993873,OK,"North Head, Fairfax Track, Manly NSW 2095, Australia"
SRPVNS54,W & S PLASTICS 198 KW,NSW,0.198,2170,Solar,24/05/2016,Unsuspended,0,,"W & S PLASTICS 198 KW, NSW, 2170, Australia",-33.9369854,150.9387169,OK,"37/39 Seton Rd, Moorebank NSW 2170, Australia"
SRPVWA23,Broadway Fair WA 313kWp,WA,0.3128,6009,Solar,16/05/2016,Unsuspended,0,,"Broadway Fair WA 313kWp, WA, 6009, Australia",-31.98409659999999,115.8147429,OK,"88 Broadway, Nedlands WA 6009, Australia"
SRPVNT20,Asian United Food Service - Woolner,NT,0.3993,820,Solar,10/05/2016,Suspended,0,,"Asian United Food Service - Woolner, NT, 820, Australia",-12.4318744,130.8567499,OK,"47 Bishop St, Woolner NT 0820, Australia"
BEBGQL25,Strathane Agricultural Waste - QLD,QLD,0.5,4361,Biomass,28/04/2016,Unsuspended,0,,"Strathane Agricultural Waste - QLD, QLD, 4361, Australia",-27.9373454,151.621296,OK,"Strathane Rd, Pilton QLD 4361, Australia"
SRPVNT19,Yulara Solar Plant  - NT,NT,1.8253,872,Solar,22/04/2016,Unsuspended,0,,"Yulara Solar Plant  - NT, NT, 872, Australia",-25.237979,130.9856199,OK,"Yulara NT 0872, Australia"
SRPVNT18,Karama Shopping Centre,NT,0.2149,812,Solar,13/04/2016,Unsuspended,0,,"Karama Shopping Centre, NT, 812, Australia",-12.401704,130.915887,OK,"Karama Shops, Karama NT 0812, Australia"
SRPVWA22,DeGrussa Solar - WA,WA,10.56,6642,Solar,9/04/2016,Unsuspended,0,,"DeGrussa Solar - WA, WA, 6642, Australia",-25.5399495,119.3229267,OK,"150 KM North, Great Northern Highway, Meekatharra WA 6642, Australia"
BEBGQL24,Maryborough LFG-QLD,QLD,1.702,4650,Biomass,22/03/2016,Unsuspended,0,,"Maryborough LFG-QLD, QLD, 4650, Australia",-25.5384947,152.7034191,OK,"Maryborough QLD 4650, Australia"
SRPVAC10,Royal Australian Mint - Solar - ACT,ACT,0.3629,2600,Solar,21/03/2016,Unsuspended,0,,"Royal Australian Mint - Solar - ACT, ACT, 2600, Australia",-35.318784,149.092905,OK,"62-114 Denison St, Deakin ACT 2600, Australia"
SRPVNS52,BUPA Bateau Bay 40kWp,NSW,0.04,2261,Solar,18/03/2016,Unsuspended,0,,"BUPA Bateau Bay 40kWp, NSW, 2261, Australia",-33.3790512,151.4784393,OK,"17 Bias Ave, Bateau Bay NSW 2261, Australia"
SRPVVC33,BUPA Kyneton 50kWp,VIC,0.05,3444,Solar,18/03/2016,Unsuspended,0,,"BUPA Kyneton 50kWp, VIC, 3444, Australia",-37.2571308,144.4624737,OK,"2 Edgecombe St, Kyneton VIC 3444, Australia"
SRPVQL29,BUPA Mount Sheridan 51kWp,QLD,0.051,4868,Solar,18/03/2016,Unsuspended,0,,"BUPA Mount Sheridan 51kWp, QLD, 4868, Australia",-16.9940069,145.7437156,OK,"40-48 Progress Rd, White Rock QLD 4868, Australia"
SRPVQL30,BUPA Runaway Bay 51kWp,QLD,0.051,4216,Solar,18/03/2016,Unsuspended,0,,"BUPA Runaway Bay 51kWp, QLD, 4216, Australia",-27.9155657,153.3865198,OK,"376 Pine Ridge Rd, Runaway Bay QLD 4216, Australia"
SRPVVC31,BUPA Echuca 61kWp,VIC,0.061,3564,Solar,18/03/2016,Unsuspended,0,,"BUPA Echuca 61kWp, VIC, 3564, Australia",-36.1542778,144.7319946,OK,"7 Fehring Ln, Echuca VIC 3564, Australia"
SRPVNS50,BUPA Bankstown 76kWp,NSW,0.076,2199,Solar,18/03/2016,Unsuspended,0,,"BUPA Bankstown 76kWp, NSW, 2199, Australia",-33.9112454,151.0258493,OK,"Bupa Bankstown, 82 Allum St, Yagoona NSW 2199, Australia"
SRPVNS51,BUPA Ballina 81kWp,NSW,0.081,2478,Solar,18/03/2016,Unsuspended,0,,"BUPA Ballina 81kWp, NSW, 2478, Australia",-28.8415422,153.567153,OK,"148 N Creek Rd, Ballina NSW 2478, Australia"
SRPVVC29,BUPA Portland 87kWp,VIC,0.087,3305,Solar,18/03/2016,Unsuspended,0,,"BUPA Portland 87kWp, VIC, 3305, Australia",-38.363427,141.6149647,OK,"Bupa Portland, 83 Wellington Rd, Portland VIC 3305, Australia"
SRPVVC32,BUPA Bendigo 120kWp,VIC,0.12,3550,Solar,18/03/2016,Unsuspended,0,,"BUPA Bendigo 120kWp, VIC, 3550, Australia",-36.7349311,144.280983,OK,"Bupa Bendigo, 208 Holdsworth Rd, North Bendigo VIC 3550, Australia"
SRPVVC30,BUPA Templestowe,VIC,0.199,3106,Solar,18/03/2016,Unsuspended,0,,"BUPA Templestowe, VIC, 3106, Australia",-37.7676245,145.15364,OK,"222 Serpells Rd, Templestowe VIC 3106, Australia"
SRPVNS49,BUPA Sutherland 50kWp,NSW,0.05,2232,Solar,15/03/2016,Unsuspended,0,,"BUPA Sutherland 50kWp, NSW, 2232, Australia",-34.0304912,151.0661045,OK,"42 Auburn St, Sutherland NSW 2232, Australia"
SRPVVC34,BUPA Wodonga 100kWp,VIC,0.1,3690,Solar,15/03/2016,Unsuspended,0,,"BUPA Wodonga 100kWp, VIC, 3690, Australia",-36.1162686,146.8669309,OK,"Unit 11/19 Melrose Dr, West Wodonga VIC 3690, Australia"
SRPVVC27,BUPA Mildura 150kWp,VIC,0.15,3500,Solar,15/03/2016,Unsuspended,0,,"BUPA Mildura 150kWp, VIC, 3500, Australia",-34.2097194,142.1343895,OK,"514 Deakin Ave, Mildura VIC 3500, Australia"
SRPVNS48,BUPA Pottsville 175kWp,NSW,0.175,2489,Solar,15/03/2016,Unsuspended,0,,"BUPA Pottsville 175kWp, NSW, 2489, Australia",-28.3866741,153.5541012,OK,"41-51 Ballina St, Pottsville NSW 2489, Australia"
SRPVVC28,BUPA Traralgon 200kWp,VIC,0.2,3844,Solar,15/03/2016,Unsuspended,0,,"BUPA Traralgon 200kWp, VIC, 3844, Australia",-38.1795671,146.5509492,OK,"96 Park Ln, Traralgon VIC 3844, Australia"
SRPVQL26,Freecor7MainPIA - Solar - QLD,QLD,0.013,4655,Solar,8/03/2016,Suspended,0,,"Freecor7MainPIA - Solar - QLD, QLD, 4655, Australia",-25.2965245,152.8235456,OK,"Urangan QLD 4655, Australia"
SRPVQL25,Freecor13GatewayTIN - Solar  - QLD,QLD,0.0135,4650,Solar,8/03/2016,Suspended,0,,"Freecor13GatewayTIN - Solar  - QLD, QLD, 4650, Australia",-25.5350235,152.695998,OK,"Maaroom QLD 4650, Australia"
SRPVQL27,Freecor11GatewayTIN - Solar - QLD,QLD,0.04,4650,Solar,8/03/2016,Suspended,0,,"Freecor11GatewayTIN - Solar - QLD, QLD, 4650, Australia",-25.5350235,152.695998,OK,"Maaroom QLD 4650, Australia"
SRPVQL28,Freecor2BauhiniaKAW - Solar - QLD,QLD,0.04,4655,Solar,8/03/2016,Unsuspended,0,,"Freecor2BauhiniaKAW - Solar - QLD, QLD, 4655, Australia",-25.2965245,152.8235456,OK,"Urangan QLD 4655, Australia"
HYMCTA06,Weasel Plains Micro-Hydro - TAS,TAS,0.2,7030,Hydro,3/03/2016,Unsuspended,0,,"Weasel Plains Micro-Hydro - TAS, TAS, 7030, Australia",-42.26796299999999,146.9954699,OK,"Weasel Plains, 3236 Highland Lakes Rd, Bothwell TAS 7030, Australia"
SRPVVC35,CRG Logistics - Solar - VIC,VIC,0.3,3029,Solar,2/03/2016,Unsuspended,0,,"CRG Logistics - Solar - VIC, VIC, 3029, Australia",-37.8175178,144.7397309,OK,"36-38 Permas Way, Truganina VIC 3029, Australia"
SRPVSA10,Renmark Self Storage - Solar - SA,SA,0.18,5341,Solar,29/02/2016,Unsuspended,0,,"Renmark Self Storage - Solar - SA, SA, 5341, Australia",-34.17988,140.7508371,OK,"LOT 97 Eighteenth St, Renmark SA 5341, Australia"
WD00VC23,Coonooer Bridge Wind Farm - VIC,VIC,19.8,3477,Wind,29/02/2016,Unsuspended,0,,"Coonooer Bridge Wind Farm - VIC, VIC, 3477, Australia",-36.4746908,143.3152227,OK,"Coonooer Bridge VIC 3477, Australia"
SRPVNS46,MOREE SOLAR FARM,NSW,56.0,2400,Solar,22/02/2016,Unsuspended,0,,"MOREE SOLAR FARM, NSW, 2400, Australia",-29.56119339999999,149.8624335,OK,"4 Barton Plains Rd, Moree NSW 2400, Australia"
SRPVNS53,Australia Post Strawberry Hills Solar - NSW,NSW,0.284,2016,Solar,16/02/2016,Unsuspended,0,,"Australia Post Strawberry Hills Solar - NSW, NSW, 2016, Australia",-33.8899433,151.2048422,OK,"219-241 Cleveland St, Redfern NSW 2016, Australia"
SRPVNS47,Ballina Waste Water Treatment Plant - Solar - NSW,NSW,0.3,2478,Solar,19/01/2016,Suspended,0,,"Ballina Waste Water Treatment Plant - Solar - NSW, NSW, 2478, Australia",-28.8627985,153.5658162,OK,"Ballina NSW 2478, Australia"
SRPVQL24,Condabilla Fish Solar - QLD,QLD,0.144,4413,Solar,18/01/2016,Unsuspended,0,,"Condabilla Fish Solar - QLD, QLD, 4413, Australia",-26.8672238,150.3786278,OK,"4412 Kogan Condamine Road Chinchilla, Crossroads QLD 4413, Australia"
SRPVWA21,Watershed Premium Wines Ltd Solar,WA,0.15,6285,Solar,14/01/2016,Unsuspended,0,,"Watershed Premium Wines Ltd Solar, WA, 6285, Australia",-34.0060747,115.3311689,OK,"Rosa Glen WA 6285, Australia"
SRPVVC26,Ballarat Holden Solar - VIC,VIC,0.14,3355,Solar,23/12/2015,Unsuspended,0,,"Ballarat Holden Solar - VIC, VIC, 3355, Australia",-37.5254742,143.8093703,OK,"291/299 Learmonth Rd, Wendouree VIC 3355, Australia"
SRPVAC08,Amaroo Solar - ACT,ACT,0.6,2914,Solar,23/12/2015,Unsuspended,0,,"Amaroo Solar - ACT, ACT, 2914, Australia",-35.1673625,149.1279073,OK,"Amaroo ACT 2914, Australia"
BEBGWA13,Jandakot Biogass- WA,WA,2.4,6164,Biomass,22/12/2015,Unsuspended,0,,"Jandakot Biogass- WA, WA, 6164, Australia",-32.1064722,115.8610076,OK,"Jandakot WA 6164, Australia"
SRPVVC24,Mazenod College Solar - VIC,VIC,0.1598,3170,Solar,18/12/2015,Unsuspended,0,,"Mazenod College Solar - VIC, VIC, 3170, Australia",-37.9152786,145.1653466,OK,"5 Kernot Ave, Mulgrave VIC 3170, Australia"
SRPVAC09,Hedley Beare Centre -Solar - ACT,ACT,0.176,2611,Solar,17/12/2015,Unsuspended,0,,"Hedley Beare Centre -Solar - ACT, ACT, 2611, Australia",-35.3492472,149.0490294,OK,"51 Fremantle Dr, Stirling ACT 2611, Australia"
SRPVWA20,Yungngora Solar - WA,WA,0.2,6765,Solar,17/12/2015,Unsuspended,0,,"Yungngora Solar - WA, WA, 6765, Australia",-18.5015925,124.8277277,OK,"Yungngora, Mount Hardman WA 6765, Australia"
SRPVVC25,Masalki Cool Stores Solar - VIC,VIC,0.5006,3631,Solar,16/12/2015,Unsuspended,0,,"Masalki Cool Stores Solar - VIC, VIC, 3631, Australia",-36.3450323,145.4160015,OK,"255 Verney Rd, Grahamvale VIC 3631, Australia"
SRPVQL23,Freecor Stanfast - Solar - QLD,QLD,0.03,4650,Solar,8/12/2015,Suspended,0,,"Freecor Stanfast - Solar - QLD, QLD, 4650, Australia",-25.5573387,152.6704429,OK,"206 Gympie Rd, Tinana QLD 4650, Australia"
SRPVNS45,Mater Dei School Solar - NSW,NSW,0.1527,2570,Solar,8/12/2015,Unsuspended,0,,"Mater Dei School Solar - NSW, NSW, 2570, Australia",-34.023682,150.6970868,OK,"229 Macquarie Grove Rd, Cobbitty NSW 2570, Australia"
SRPVNS44,IKEA Tempe - Solar - NSW,NSW,0.99,2044,Solar,8/12/2015,Suspended,0,,"IKEA Tempe - Solar - NSW, NSW, 2044, Australia",-33.9211712,151.1662072,OK,"IKEA Tempe, Princes Hwy, Tempe NSW 2044, Australia"
WD00VC22,Cookers Oil Wind - Vic,VIC,0.015,3030,Wind,1/12/2015,Unsuspended,0,,"Cookers Oil Wind - Vic, VIC, 3030, Australia",-37.80921379999999,144.7554319,OK,"23 Derrimut Dr, Derrimut VIC 3026, Australia"
SRPVNS40,Tyrrell's Ground Mount Solar - Pokolbin - NSW,NSW,0.25,2320,Solar,24/11/2015,Unsuspended,0,,"Tyrrell's Ground Mount Solar - Pokolbin - NSW, NSW, 2320, Australia",-32.7728332,151.2729394,OK,"1838 Broke Rd, Pokolbin NSW 2320, Australia"
BEBGQL23,Dakabin LFG-QLD,QLD,2.12,4503,Biomass,23/11/2015,Unsuspended,0,,"Dakabin LFG-QLD, QLD, 4503, Australia",-27.2267702,152.9825314,OK,"Dakabin QLD 4503, Australia"
SRPVQL22,Gatton Solar Research Facility,QLD,3.528,4343,Solar,20/11/2015,Unsuspended,0,,"Gatton Solar Research Facility, QLD, 4343, Australia",-27.5596663,152.3404187,OK,"Lawes QLD 4343, Australia"
SRPVNS41,LMCC Administrative Centre - Solar - NSW,NSW,0.3763,2284,Solar,12/11/2015,Unsuspended,0,,"LMCC Administrative Centre - Solar - NSW, NSW, 2284, Australia",-32.9524472,151.6187438,OK,"Teralba NSW 2284, Australia"
SRPVNT17,Woolworths Coolalinga - Solar - NT,NT,0.2978,839,Solar,10/11/2015,Unsuspended,0,,"Woolworths Coolalinga - Solar - NT, NT, 839, Australia",-12.524874,131.0426478,OK,"445 Stuart Hwy, Coolalinga NT 0839, Australia"
SRPVNS42,Cootamundra Oil Seed Solar - NSW,NSW,0.4687,2590,Solar,10/11/2015,Unsuspended,0,,"Cootamundra Oil Seed Solar - NSW, NSW, 2590, Australia",-34.6517971,148.0258368,OK,"126-142 Cowcumbla St, Cootamundra NSW 2590, Australia"
SRPVNS43,Murray Rose No5 - Solar - NSW,NSW,0.1305,2127,Solar,4/11/2015,Unsuspended,0,,"Murray Rose No5 - Solar - NSW, NSW, 2127, Australia",-33.8453596,151.0716998,OK,"Murray Rose Ave, Sydney Olympic Park NSW 2127, Australia"
SRPVQL21,Sunny Crumpton Solar - QLD,QLD,0.24,4610,Solar,2/11/2015,Unsuspended,0,,"Sunny Crumpton Solar - QLD, QLD, 4610, Australia",-26.488143,151.822826,OK,"35 Murphys Rd, Crawford QLD 4610, Australia"
SRPVWA19,Leeuwin Estate Solar - WA,WA,0.149,6286,Solar,27/10/2015,Unsuspended,0,,"Leeuwin Estate Solar - WA, WA, 6286, Australia",-34.013389,115.0656521,OK,"Stevens Rd, Witchcliffe WA 6286, Australia"
SRPVNS39,Bupa Tamworth - Todae Solar PV - NSW,NSW,0.0997,2340,Solar,23/10/2015,Suspended,0,,"Bupa Tamworth - Todae Solar PV - NSW, NSW, 2340, Australia",-31.0746517,150.929542,OK,"68-74 Bligh St, Tamworth NSW 2340, Australia"
SRPVNT16,Casuarina Square Solar PV System - NT,NT,1.2529,810,Solar,19/10/2015,Unsuspended,0,,"Casuarina Square Solar PV System - NT, NT, 810, Australia",-12.3750806,130.8811726,OK,"247 Trower Rd, Casuarina NT 0810, Australia"
SRPVWA18,Bossong Welshpool - Solar - WA,WA,0.15,6106,Solar,13/10/2015,Unsuspended,0,,"Bossong Welshpool - Solar - WA, WA, 6106, Australia",-31.9878768,115.9246597,OK,"189 Planet St, Welshpool WA 6106, Australia"
SRPVTA02,Australian Antarctic Division HQ Solar,TAS,0.279,7051,Solar,7/10/2015,Unsuspended,0,,"Australian Antarctic Division HQ Solar, TAS, 7051, Australia",-42.0409059,146.8087322,OK,"Tasmania, Australia"
SRPVNS38,Stockland Shellharbour - Solar - NSW,NSW,1.2175,2529,Solar,3/09/2015,Unsuspended,0,,"Stockland Shellharbour - Solar - NSW, NSW, 2529, Australia",-34.5631869,150.8393072,OK,"211 Lake Entrance Rd, Shellharbour City Centre NSW 2529, Australia"
SRPVQL20,Brisbane Markets - Solar - QLD,QLD,5.1042,4106,Solar,3/09/2015,Unsuspended,0,,"Brisbane Markets - Solar - QLD, QLD, 4106, Australia",-27.5342383,153.0039692,OK,"Brisbane Markets, 385 Sherwood Rd, Rocklea QLD 4106, Australia"
SRPVVC22,Toyota Motor Corporation Australia Altona - Solar - VIC,VIC,0.5,3025,Solar,2/09/2015,Unsuspended,0,,"Toyota Motor Corporation Australia Altona - Solar - VIC, VIC, 3025, Australia",-37.8388686,144.8346241,OK,"Altona North VIC 3025, Australia"
SRPVVC23,Complete Food Services Preston - Solar - VIC,VIC,0.2,3072,Solar,31/08/2015,Suspended,0,,"Complete Food Services Preston - Solar - VIC, VIC, 3072, Australia",-37.751586,145.0249745,OK,"45 Raglan St, Preston VIC 3072, Australia"
SRPVWA17,Amcap Distribution Welshpool - Solar - WA,WA,0.2,6106,Solar,18/08/2015,Unsuspended,0,,"Amcap Distribution Welshpool - Solar - WA, WA, 6106, Australia",-31.9929808,115.9402322,OK,"13-39 Pilbara St, Welshpool WA 6106, Australia"
SRPVNT15,Desert Knowledge Australia Solar Centre - NT,NT,0.1161,870,Solar,12/08/2015,Unsuspended,0,,"Desert Knowledge Australia Solar Centre - NT, NT, 870, Australia",-23.761841,133.874934,OK,"475 Stuart Hwy, Kilgariff NT 0870, Australia"
SRPVNS36,Broken Hill Solar Plant - NSW,NSW,53.0,2880,Solar,22/07/2015,Unsuspended,0,,"Broken Hill Solar Plant - NSW, NSW, 2880, Australia",-31.9810692,141.3900911,OK,"Barrier Hwy, Broken Hill NSW 2880, Australia"
SRPVQL19,Emmanuel College Administration - Solar - QLD,QLD,0.1,4211,Solar,21/07/2015,Unsuspended,0,,"Emmanuel College Administration - Solar - QLD, QLD, 4211, Australia",-28.0165762,153.3697107,OK,"17 Birmingham Rd, Carrara QLD 4211, Australia"
SRPVNS37,IKEA Marsden Park - Solar - NSW,NSW,0.65,2765,Solar,16/07/2015,Unsuspended,0,,"IKEA Marsden Park - Solar - NSW, NSW, 2765, Australia",-33.718582,150.843074,OK,"1 Hollinsworth Rd, Marsden Park NSW 2765, Australia"
BEBGSA05,Bolivar Waste Water Treatment Plant - SA,SA,9.9,5110,Biomass,8/07/2015,Unsuspended,"4,722",This power station was generating electricity prior to 1 January 1997. Only annual generation above the baseline is eligible for LGCs.,"Bolivar Waste Water Treatment Plant - SA, SA, 5110, Australia",-34.7681808,138.5885314,OK,"9 Bolivar Interchange Connector Road, Bolivar SA 5110, Australia"
SRPVQL17,Weipa Solar Farm - QLD,QLD,1.6,4874,Solar,29/05/2015,Unsuspended,0,,"Weipa Solar Farm - QLD, QLD, 4874, Australia",-12.6492936,141.8469901,OK,"Weipa Town QLD, Australia"
SRPVQL18,IKEA Logan - Solar - QLD,QLD,0.741,4127,Solar,14/05/2015,Suspended,0,,"IKEA Logan - Solar - QLD, QLD, 4127, Australia",-27.6380283,153.1353377,OK,"3539-3565 Pacific Hwy, Slacks Creek QLD 4127, Australia"
SRPVNS35,UNSW Library - Solar - NSW,NSW,0.1142,2033,Solar,7/05/2015,Unsuspended,0,,"UNSW Library - Solar - NSW, NSW, 2033, Australia",-33.9174977,151.233451,OK,"Library (F21, Library Rd, Kensington NSW 2052, Australia"
SRPVVC21,IKEA Richmond - Solar - VIC,VIC,0.721,3121,Solar,17/04/2015,Suspended,0,,"IKEA Richmond - Solar - VIC, VIC, 3121, Australia",-37.8125149,145.011198,OK,"630 Victoria St, Richmond VIC 3121, Australia"
SRPVVC20,IKEA Springvale Solar - VIC,VIC,0.95,3171,Solar,17/04/2015,Suspended,0,,"IKEA Springvale Solar - VIC, VIC, 3171, Australia",-37.926799,145.143936,OK,"917 Princes Hwy, Springvale VIC 3171, Australia"
SRPVNS33,Rouse Hill Town Centre -Solar -NSW,NSW,0.35,2155,Solar,26/03/2015,Unsuspended,0,,"Rouse Hill Town Centre -Solar -NSW, NSW, 2155, Australia",-33.6916254,150.9252597,OK,"10/14 Market Ln, Rouse Hill NSW 2155, Australia"
SRPVNS34,Sydney Theatre Company Solar - NSW,NSW,0.382,2000,Solar,23/03/2015,Suspended,0,,"Sydney Theatre Company Solar - NSW, NSW, 2000, Australia",-33.8547363,151.2057037,OK,"The Wharf, 15 Hickson Rd, Dawes Point NSW 2000, Australia"
WD00VC21,Chepstowe Wind Farm - VIC,VIC,6.15,3351,Wind,23/03/2015,Unsuspended,0,,"Chepstowe Wind Farm - VIC, VIC, 3351, Australia",-37.5883172,143.5017139,OK,"Chepstowe VIC 3351, Australia"
SRPVNS31,Nyngan Solar Plant - NSW,NSW,102.0,2825,Solar,21/03/2015,Unsuspended,0,,"Nyngan Solar Plant - NSW, NSW, 2825, Australia",-31.5662057,147.0707349,OK,"Nyngan NSW 2825, Australia"
SRPVNS32,University of Wollongong - SBRC - Solar - NSW,NSW,0.1549,2500,Solar,2/03/2015,Unsuspended,0,,"University of Wollongong - SBRC - Solar - NSW, NSW, 2500, Australia",-34.4003174,150.8998294,OK,"Building 237, Innovation Campus, Squires Way, North Wollongong NSW 2500, Australia"
WD00VC20,Bald Hills Wind Farm - VIC,VIC,106.6,3956,Wind,24/02/2015,Unsuspended,0,,"Bald Hills Wind Farm - VIC, VIC, 3956, Australia",-38.7478299,145.9494813,OK,"Tarwin Lower VIC 3956, Australia"
SRPVSA09,Peter Lehmann Wines - Solar - SA,SA,0.125,5352,Solar,18/02/2015,Unsuspended,0,,"Peter Lehmann Wines - Solar - SA, SA, 5352, Australia",-34.5062769,138.967706,OK,"Para Rd, Tanunda SA 5352, Australia"
SRPVWA15,CKB Oasis Recreation Centre Solar - WA,WA,0.1375,6432,Solar,16/01/2015,Unsuspended,0,,"CKB Oasis Recreation Centre Solar - WA, WA, 6432, Australia",-30.776772,121.4680711,OK,"99 Johnston St, Somerville WA 6430, Australia"
SRPVWA16,CKB Wastewater Treatment Plant Solar - WA,WA,0.15,6432,Solar,16/01/2015,Unsuspended,0,,"CKB Wastewater Treatment Plant Solar - WA, WA, 6432, Australia",-30.7876854,121.4970294,OK,"Fimiston WA 6432, Australia"
WD00NS11,Taralga Wind Farm - NSW,NSW,106.8,2580,Wind,22/12/2014,Unsuspended,0,,"Taralga Wind Farm - NSW, NSW, 2580, Australia",-34.4237104,149.8258649,OK,"Old Showground Rd, Taralga NSW 2580, Australia"
SRPVWA14,Mitchell Foods Canning Vale Solar - WA,WA,0.2,6155,Solar,17/12/2014,Unsuspended,0,,"Mitchell Foods Canning Vale Solar - WA, WA, 6155, Australia",-32.0887424,115.9177846,OK,"Canning Vale WA 6155, Australia"
WD00VC19,Cape Nelson North Wind Farm - VIC,VIC,22.55,3305,Wind,10/12/2014,Unsuspended,0,,"Cape Nelson North Wind Farm - VIC, VIC, 3305, Australia",-38.3847417,141.5650449,OK,"Cape Nelson Rd, Victoria 3305, Australia"
SRPVNS30,Soldiers Point - Solar w SGU - NSW,NSW,0.2743,2317,Solar,21/11/2014,Unsuspended,0,,"Soldiers Point - Solar w SGU - NSW, NSW, 2317, Australia",-32.7043822,152.0652722,OK,"Soldiers Point NSW 2317, Australia"
SRPVNT14,Alice Springs Airport Carpark Solar - NT,NT,0.6513,870,Solar,21/11/2014,Unsuspended,0,,"Alice Springs Airport Carpark Solar - NT, NT, 870, Australia",-23.8012032,133.9046224,OK,"Connellan NT 0873, Australia"
SRPVVC18,Mars Chocolate Australia Solar - VIC,VIC,0.21,3355,Solar,10/11/2014,Suspended,0,,"Mars Chocolate Australia Solar - VIC, VIC, 3355, Australia",-37.5357224,143.803059,OK,"116 Ring Rd, Wendouree VIC 3350, Australia"
BEBGQL21,Darling Downs Agricultural Waste - QLD,QLD,0.25,4356,Biomass,5/11/2014,Suspended,0,,"Darling Downs Agricultural Waste - QLD, QLD, 4356, Australia",-27.6233205,151.5603244,OK,"North Branch QLD 4356, Australia"
SRPVWA13,Bidvest Bibra Lake Solar - WA,WA,0.29,6163,Solar,5/11/2014,Unsuspended,0,,"Bidvest Bibra Lake Solar - WA, WA, 6163, Australia",-32.1071299,115.8072672,OK,"Bibra Lake WA 6163, Australia"
SRPVVC19,Kane Road Wodonga Solar - VIC,VIC,0.1987,3690,Solar,24/10/2014,Unsuspended,0,,"Kane Road Wodonga Solar - VIC, VIC, 3690, Australia",-36.1194609,146.90235,OK,"Kane Rd, Wodonga VIC 3690, Australia"
SRPVVC17,Springvale Botanical Cemetery Solar - VIC,VIC,0.1336,3171,Solar,14/10/2014,Suspended,0,,"Springvale Botanical Cemetery Solar - VIC, VIC, 3171, Australia",-37.946001,145.175793,OK,"Springvale Botanical Cemetery, 600 Princes Hwy, Springvale VIC 3171, Australia"
HYMCTA05,Herrick Micro Hydro - TAS,TAS,0.9,7264,Hydro,8/10/2014,Unsuspended,0,,"Herrick Micro Hydro - TAS, TAS, 7264, Australia",-41.1016065,147.8795122,OK,"Herrick TAS 7264, Australia"
WD00VC18,Cape Sir William Grant Wind Farm - VIC,VIC,24.6,3305,Wind,24/09/2014,Unsuspended,0,,"Cape Sir William Grant Wind Farm - VIC, VIC, 3305, Australia",-38.3644104,141.6251525,OK,"Portland West VIC 3305, Australia"
SRPVVC16,Lago Smallgoods Solar - VIC,VIC,0.3,3047,Solar,15/09/2014,Unsuspended,0,,"Lago Smallgoods Solar - VIC, VIC, 3047, Australia",-37.6782943,144.9404061,OK,"14 Military Rd, Broadmeadows VIC 3047, Australia"
SRPVNS29,Menai High School Solar - Illawong - NSW,NSW,0.085,2234,Solar,11/09/2014,Suspended,0,,"Menai High School Solar - Illawong - NSW, NSW, 2234, Australia",-34.002613,151.0238494,OK,"40 Gerald Rd, Illawong NSW 2234, Australia"
SRPVVC15,Investec Elizabeth Street Solar - VIC,VIC,0.1622,3121,Solar,4/09/2014,Unsuspended,0,,"Investec Elizabeth Street Solar - VIC, VIC, 3121, Australia",-37.8113996,144.995815,OK,"Elizabeth St, Richmond VIC 3121, Australia"
WD00NS10,Boco Rock Wind Farm - NSW,NSW,113.18,2630,Wind,1/09/2014,Unsuspended,0,,"Boco Rock Wind Farm - NSW, NSW, 2630, Australia",-36.5769554,149.125867,OK,"Avon Lake Rd, Springfield NSW 2630, Australia"
SRPVQL16,Goonoo Feed Mill Solar - QLD,QLD,0.099,4702,Solar,1/08/2014,Suspended,0,,"Goonoo Feed Mill Solar - QLD, QLD, 4702, Australia",-23.7260053,148.5354127,OK,"Comet QLD 4702, Australia"
SRPVSA08,Roseworthy Solar - SA,SA,0.184,5371,Solar,1/08/2014,Unsuspended,0,,"Roseworthy Solar - SA, SA, 5371, Australia",-34.5341167,138.7468836,OK,"Roseworthy SA 5371, Australia"
SRPVNS28,Giffnock Avenue Macquarie Park Solar - NSW,NSW,0.196,2113,Solar,31/07/2014,Unsuspended,0,,"Giffnock Avenue Macquarie Park Solar - NSW, NSW, 2113, Australia",-33.7835581,151.1240244,OK,"Giffnock Ave, Macquarie Park NSW 2113, Australia"
SRPVVC13,Ultra Plas Springvale - Solar - VIC,VIC,0.282,3171,Solar,30/07/2014,Unsuspended,0,,"Ultra Plas Springvale - Solar - VIC, VIC, 3171, Australia",-37.9386474,145.141053,OK,"34 Westall Rd, Springvale VIC 3171, Australia"
SRPVVC14,TT Steel Solar - VIC,VIC,0.5,3026,Solar,25/07/2014,Unsuspended,0,,"TT Steel Solar - VIC, VIC, 3026, Australia",-37.8294185,144.7796581,OK,"Derrimut VIC 3026, Australia"
BEBGNS29,Hunter Water Cessnock Cogeneration - Sewage Gas - NSW,NSW,0.065,2325,Biomass,21/07/2014,Unsuspended,0,,"Hunter Water Cessnock Cogeneration - Sewage Gas - NSW, NSW, 2325, Australia",-32.8321587,151.3558797,OK,"Cessnock NSW 2325, Australia"
HYMCTA04,Deloraine Micro Hydro - TAS,TAS,0.03,7304,Hydro,20/07/2014,Unsuspended,0,,"Deloraine Micro Hydro - TAS, TAS, 7304, Australia",-41.5240518,146.6528542,OK,"Deloraine TAS 7304, Australia"
BEBMQL30,Visy Paper Gibson Island Biomass - QLD,QLD,2.2,4172,Biomass,1/07/2014,Unsuspended,0,,"Visy Paper Gibson Island Biomass - QLD, QLD, 4172, Australia",-27.4424209,153.1133575,OK,"168 Paringa Rd, Murarrie QLD 4172, Australia"
HYMCTA03,Humboldt Micro Hydro Maydena - TAS,TAS,0.56,7140,Hydro,23/06/2014,Unsuspended,0,,"Humboldt Micro Hydro Maydena - TAS, TAS, 7140, Australia",-42.7552533,146.6265164,OK,"Maydena TAS 7140, Australia"
SRPVVC12,Piangil Solar - VIC,VIC,0.5752,3597,Solar,18/06/2014,Unsuspended,0,,"Piangil Solar - VIC, VIC, 3597, Australia",-35.0539222,143.3119823,OK,"Piangil VIC 3597, Australia"
BEBGQL22,Lundavra Biogas - Agricultural Waste - QLD,QLD,0.782,4390,Biomass,16/06/2014,Unsuspended,0,,"Lundavra Biogas - Agricultural Waste - QLD, QLD, 4390, Australia",-28.0376505,150.0152237,OK,"Lundavra QLD, Australia"
SRPVNS27,Sydney Markets Flemington Solar - NSW,NSW,3.101,2140,Solar,16/06/2014,Unsuspended,0,,"Sydney Markets Flemington Solar - NSW, NSW, 2140, Australia",-33.863152,151.0718821,OK,"Sydney Markets, 250-318 Parramatta Rd, Homebush West NSW 2140, Australia"
SRPVAC07,Nishi Solar - ACT,ACT,0.4022,2601,Solar,28/05/2014,Suspended,0,,"Nishi Solar - ACT, ACT, 2601, Australia",-35.28512449999999,149.1231018,OK,"Nishi, Canberra ACT 2601, Australia"
SRPVVC11,Oxley Stadium and College Solar - VIC,VIC,0.4,3116,Solar,20/05/2014,Unsuspended,0,,"Oxley Stadium and College Solar - VIC, VIC, 3116, Australia",-37.7633333,145.3019444,OK,"Old Melbourne Rd, Chirnside Park VIC 3116, Australia"
HYMITA10,Midlands Mini Hydro - TAS,TAS,6.078,7209,Hydro,16/05/2014,Unsuspended,0,,"Midlands Mini Hydro - TAS, TAS, 7209, Australia",-42.101126,147.6020553,OK,"Tooms Lake TAS 7209, Australia"
SRPVNS25,Olympic Plaza Solar - NSW,NSW,0.1313,2127,Solar,9/05/2014,Unsuspended,0,,"Olympic Plaza Solar - NSW, NSW, 2127, Australia",-33.8480814,151.0668377,OK,"Olympic Blvd, Sydney Olympic Park NSW 2127, Australia"
SRPVNS26,Walla Walla Solar Farm - NSW,NSW,0.226,2659,Solar,6/05/2014,Unsuspended,0,,"Walla Walla Solar Farm - NSW, NSW, 2659, Australia",-35.7653718,146.9010824,OK,"Walla Walla NSW 2659, Australia"
SRPVQL15,Sirromet Wines Solar - Mt Cotton - QLD,QLD,0.2,4165,Solar,2/05/2014,Suspended,0,,"Sirromet Wines Solar - Mt Cotton - QLD, QLD, 4165, Australia",-27.594138,153.2298427,OK,"850-938 Mount Cotton Rd, Mount Cotton QLD 4165, Australia"
BEBMNS10,Boral Timber Murwillumbah Biomass - NSW,NSW,0.15,2484,Biomass,1/05/2014,Unsuspended,0,,"Boral Timber Murwillumbah Biomass - NSW, NSW, 2484, Australia",-28.3273536,153.3958252,OK,"Murwillumbah NSW 2484, Australia"
BEBMVC04,Australian Tartaric Products - Grape Marc - VIC,VIC,0.6,3494,Biomass,1/05/2014,Suspended,0,,"Australian Tartaric Products - Grape Marc - VIC, VIC, 3494, Australia",-34.54664229999999,142.3249805,OK,"Australian Tartaric Products, 1074 Boonoonar Rd, Colignan VIC 3494, Australia"
SRPVAC06,Royalla Solar Farm - ACT,ACT,20.0,2901,Solar,1/05/2014,Unsuspended,0,,"Royalla Solar Farm - ACT, ACT, 2901, Australia",-35.4897929,149.1430018,OK,"Australian Capital Territory 2900, Australia"
SRPVWA12,AWTA Bibra Lake - Solar - WA,WA,0.3497,6163,Solar,17/04/2014,Unsuspended,0,,"AWTA Bibra Lake - Solar - WA, WA, 6163, Australia",-32.1005597,115.8058649,OK,"38 Clark Ct, Bibra Lake WA 6163, Australia"
SRPVNS24,Tacca - Todae Solar PV - Moorebank -NSW,NSW,0.686,2170,Solar,9/04/2014,Unsuspended,0,,"Tacca - Todae Solar PV - Moorebank -NSW, NSW, 2170, Australia",-33.9322052,150.9351501,OK,"4 Deadman Rd, Moorebank NSW 2170, Australia"
SRPVVC10,Mildura Solar Park 1 - Koorlong - VIC,VIC,3.5244,3501,Solar,3/04/2014,Unsuspended,0,,"Mildura Solar Park 1 - Koorlong - VIC, VIC, 3501, Australia",-34.1863607,142.1635995,OK,"50 Madden Ave, Mildura VIC 3500, Australia"
SRPVSA07,d'Arenberg Winery Solar - SA,SA,0.2,5171,Solar,25/03/2014,Unsuspended,0,,"d'Arenberg Winery Solar - SA, SA, 5171, Australia",-35.19721639999999,138.5511368,OK,"Osborn Rd, McLaren Vale SA 5171, Australia"
HYMITA09,Nietta Mini Hydro - TAS,TAS,1.285,7315,Hydro,14/03/2014,Unsuspended,0,,"Nietta Mini Hydro - TAS, TAS, 7315, Australia",-41.3681733,146.0714075,OK,"Nietta TAS 7315, Australia"
SRPVAC05,Symonston Solar - ACT,ACT,0.144,2609,Solar,18/02/2014,Unsuspended,0,,"Symonston Solar - ACT, ACT, 2609, Australia",-35.3475978,149.1581326,OK,"Symonston ACT 2609, Australia"
SRPVNS22,Utick - Todae Solar PV - Somersby - NSW,NSW,0.195,2250,Solar,11/02/2014,Unsuspended,0,,"Utick - Todae Solar PV - Somersby - NSW, NSW, 2250, Australia",-33.4087004,151.2932724,OK,"6 Vere Pl, Somersby NSW 2250, Australia"
HYMISA02,Seacliff Mini Hydro - SA,SA,1.155,5049,Hydro,28/01/2014,Unsuspended,0,,"Seacliff Mini Hydro - SA, SA, 5049, Australia",-35.0316931,138.5204554,OK,"Seacliff SA 5049, Australia"
SRPVNS23,Ace Gutters Solar Mortdale - NSW,NSW,0.225,2223,Solar,24/01/2014,Unsuspended,0,,"Ace Gutters Solar Mortdale - NSW, NSW, 2223, Australia",-33.9654879,151.0690615,OK,"69 Boundary Rd, Mortdale NSW 2223, Australia"
SRPVVC09,Tip Top Butchers Solar - Laverton North - VIC,VIC,0.2028,3026,Solar,21/01/2014,Unsuspended,0,,"Tip Top Butchers Solar - Laverton North - VIC, VIC, 3026, Australia",-37.8198864,144.8086162,OK,"10 Raymond Rd, Laverton North VIC 3026, Australia"
BEBGNS28,Albury LFG and Solar - NSW,NSW,2.6872,2641,Biomass,9/12/2013,Unsuspended,0,,"Albury LFG and Solar - NSW, NSW, 2641, Australia",-36.0751193,146.9094852,OK,"Albury NSW 2640, Australia"
WD00NS09,Gullen Range Wind and Solar Farm - NSW,NSW,293.8056,2580,Wind,25/11/2013,Unsuspended,0,Wind is the primary fuel source. The solar component was added as an expansion to the wind farm on 29/06/2017. The total capacity is comprised of: 172 MW wind and 13.3056 MW solar. ,"Gullen Range Wind and Solar Farm - NSW, NSW, 2580, Australia",-34.6149361,149.4595745,OK,"Storriers Ln, Bannister NSW 2580, Australia"
SRPVQL14,Doomadgee Solar Farm - QLD,QLD,0.264,4830,Solar,22/11/2013,Unsuspended,0,,"Doomadgee Solar Farm - QLD, QLD, 4830, Australia",-17.9399667,138.8292283,OK,"Doomadgee QLD 4830, Australia"
WD00VC17,Mt Mercer Wind Farm - VIC,VIC,131.2,3352,Wind,17/11/2013,Unsuspended,0,,"Mt Mercer Wind Farm - VIC, VIC, 3352, Australia",-37.8318698,143.8884633,OK,"286 Shelford-mt Mercer Rd, Mount Mercer VIC 3352, Australia"
SRPVVC08,Bridgewater Solar - VIC,VIC,0.5,3516,Solar,9/10/2013,Unsuspended,0,,"Bridgewater Solar - VIC, VIC, 3516, Australia",-36.5930982,143.9246346,OK,"Bridgewater VIC 3516, Australia"
WD00SA17,Snowtown South Wind Farm - SA,SA,126.0,5520,Wind,2/10/2013,Unsuspended,0,,"Snowtown South Wind Farm - SA, SA, 5520, Australia",-33.7809175,138.2149099,OK,"Snowtown SA 5520, Australia"
WD00SA16,Snowtown Wind Farm Stage 2 - SA,SA,144.0,5520,Wind,1/10/2013,Unsuspended,0,,"Snowtown Wind Farm Stage 2 - SA, SA, 5520, Australia",-33.7140884,138.1408256,OK,"127 Ireland Rd, Mundoora SA 5555, Australia"
SRPVAC04,Herzogsteel Solar - Fyshwick - ACT,ACT,0.199,2609,Solar,20/09/2013,Unsuspended,0,,"Herzogsteel Solar - Fyshwick - ACT, ACT, 2609, Australia",-35.3281072,149.1705586,OK,"19 Barrier St, Fyshwick ACT 2609, Australia"
SRPVNS21,Bungendore - Capital East Solar Farm - NSW,NSW,0.6156,2621,Solar,13/09/2013,Unsuspended,0,,"Bungendore - Capital East Solar Farm - NSW, NSW, 2621, Australia",-35.2562507,149.440445,OK,"Bungendore NSW 2621, Australia"
SRPVAC03,Gladstone Street Solar - ACT,ACT,0.1395,2609,Solar,22/08/2013,Unsuspended,0,,"Gladstone Street Solar - ACT, ACT, 2609, Australia",-35.3238927,149.1822323,OK,"Gladstone St, Fyshwick ACT 2609, Australia"
SRPVVC07,Mildura Solar Farm - VIC,VIC,0.999,3494,Solar,5/08/2013,Unsuspended,0,,"Mildura Solar Farm - VIC, VIC, 3494, Australia",-34.2067651,142.1367157,OK,"Mildura VIC 3500, Australia"
BEBGNS26,Templemore Agricultural Waste - NSW,NSW,0.17,2594,Biomass,15/07/2013,Unsuspended,0,,"Templemore Agricultural Waste - NSW, NSW, 2594, Australia",-34.3190398,148.2827359,OK,"Templemore St, Young NSW 2594, Australia"
BEBGNS27,Wonga Agricultural Waste - NSW,NSW,0.24,2594,Biomass,15/07/2013,Unsuspended,0,,"Wonga Agricultural Waste - NSW, NSW, 2594, Australia",-34.3486014,148.3366105,OK,"Wonga, 3135 Moppity Rd, Young NSW 2594, Australia"
HYMIVC10,Thomson Hydro Power Station - VIC,VIC,7.45,3825,Hydro,15/07/2013,Unsuspended,0,,"Thomson Hydro Power Station - VIC, VIC, 3825, Australia",-37.9589036,146.4198174,OK,"Walhalla Goldfields, Rawson VIC 3825, Australia"
SRPVQL13,Fraser Coast Community Solar Farm - QLD,QLD,0.4026,4655,Solar,8/07/2013,Unsuspended,0,,"Fraser Coast Community Solar Farm - QLD, QLD, 4655, Australia",-25.2712291,152.8267074,OK,"30 Halcro St, Pialba QLD 4655, Australia"
SRPVAC02,Kamberra Winery Solar - ACT,ACT,0.146,2602,Solar,12/06/2013,Unsuspended,0,,"Kamberra Winery Solar - ACT, ACT, 2602, Australia",-35.2333162,149.1441002,OK,"Lyneham ACT 2602, Australia"
BEBGQL20,Swanbank Renewable Energy - LFG - QLD,QLD,1.487,4306,Biomass,12/06/2013,Unsuspended,0,,"Swanbank Renewable Energy - LFG - QLD, QLD, 4306, Australia",-27.6646733,152.8205871,OK,"Swanbank QLD, Australia"
WD00TA09,Blokker Wind Turbine - TAS,TAS,0.225,7307,Wind,31/05/2013,Unsuspended,0,,"Blokker Wind Turbine - TAS, TAS, 7307, Australia",-41.2301525,146.5081573,OK,"Harford TAS 7307, Australia"
WD00WA20,Mumbida Wind Farm - WA,WA,55.0,6528,Wind,13/05/2013,Unsuspended,0,,"Mumbida Wind Farm - WA, WA, 6528, Australia",-29.0110631,114.9684225,OK,"500 Connolly Rd, Burma Road WA 6532, Australia"
WD00TA08,Musselroe Wind Farm - TAS,TAS,168.0,7264,Wind,23/04/2013,Unsuspended,0,,"Musselroe Wind Farm - TAS, TAS, 7264, Australia",-40.7803916,148.0104827,OK,"Cape Portland TAS 7264, Australia"
WD00VC16,Rocks Wind - VIC,VIC,0.1,3377,Wind,21/03/2013,Unsuspended,0,,"Rocks Wind - VIC, VIC, 3377, Australia",-37.2971613,142.9170407,OK,"Mount Cole Creek VIC 3377, Australia"
SRPVQL12,Tim Ford Toowoomba - Solar w SGU - QLD,QLD,0.2422,4350,Solar,21/03/2013,Unsuspended,0,,"Tim Ford Toowoomba - Solar w SGU - QLD, QLD, 4350, Australia",-27.5564884,151.9533185,OK,"Top Camp QLD 4350, Australia"
WD00WA19,Denmark Community Wind Farm - WA,WA,1.44,6333,Wind,15/02/2013,Unsuspended,0,,"Denmark Community Wind Farm - WA, WA, 6333, Australia",-35.0335904,117.3302306,OK,"Ocean Beach WA 6333, Australia"
SRPVNS20,Potts Hill Solar PV - NSW,NSW,0.06,2143,Solar,1/02/2013,Unsuspended,0,,"Potts Hill Solar PV - NSW, NSW, 2143, Australia",-33.8913345,151.0288948,OK,"Potts Hill NSW 2143, Australia"
SRPVNS19,UNSW - Tyree Energy Technology Building - Solar - NSW,NSW,0.254,2033,Solar,31/01/2013,Unsuspended,0,,"UNSW - Tyree Energy Technology Building - Solar - NSW, NSW, 2033, Australia",-33.9177365,151.2267283,OK,"Tyree Energy Technologies Building, Kensington NSW 2033, Australia"
WD00NT01,Power and Water Lake Nash Wind Turbines - NT,NT,0.045,872,Wind,1/01/2013,Suspended,0,,"Power and Water Lake Nash Wind Turbines - NT, NT, 872, Australia",-20.967831,137.922501,OK,"Lake Nash, Costello NT 0872, Australia"
SRPVNT12,Kalkarindji Solar - NT,NT,0.403,852,Solar,12/12/2012,Unsuspended,0,,"Kalkarindji Solar - NT, NT, 852, Australia",-17.4480442,130.8310031,OK,"Kalkarindji NT 0852, Australia"
SRPVNT13,Ti Tree Solar - NT,NT,0.324,872,Solar,16/11/2012,Unsuspended,0,,"Ti Tree Solar - NT, NT, 872, Australia",-22.1291783,133.4161598,OK,"Ti Tree NT 0872, Australia"
SRPVQL11,Reef HQ Aquarium Townsville - QLD,QLD,0.206,4810,Solar,14/11/2012,Unsuspended,0,,"Reef HQ Aquarium Townsville - QLD, QLD, 4810, Australia",-19.2577979,146.823558,OK,"68 Flinders St, Townsville City QLD 4810, Australia"
WD00VC15,Mortons Lane Wind Farm - VIC,VIC,19.5,3293,Wind,1/11/2012,Unsuspended,0,,"Mortons Lane Wind Farm - VIC, VIC, 3293, Australia",-37.83531900000001,142.4662279,OK,"342 Mortons Ln, Woodhouse VIC 3294, Australia"
SRPVNT11,Alpurrurulam Solar - NT,NT,0.265,4825,Solar,27/10/2012,Unsuspended,0,,"Alpurrurulam Solar - NT, NT, 4825, Australia",-20.9841916,137.847666,OK,"Alpurrurulam NT 4825, Australia"
WD00VC14,Macarthur Wind Farm - VIC,VIC,420.0,3286,Wind,30/09/2012,Unsuspended,0,,"Macarthur Wind Farm - VIC, VIC, 3286, Australia",-38.0490795,142.1915163,OK,"1850 MacArthur-Hawkesdale Rd, Macarthur VIC 3286, Australia"
WD00TA07,Flinders Island Wind Farm - TAS,TAS,0.3,7255,Wind,31/08/2012,Unsuspended,0,,"Flinders Island Wind Farm - TAS, TAS, 7255, Australia",-39.9836386,148.052689,OK,"Flinders Island, Tasmania, Australia"
SRPVWA11,Greenough River Solar Farm - WA,WA,49.7304,6530,Solar,13/08/2012,Unsuspended,0,,"Greenough River Solar Farm - WA, WA, 6530, Australia",-28.7512547,114.6311665,OK,"Mount Tarcoola WA 6530, Australia"
BEBGQL19,Willawong - LFG - QLD,QLD,1.067,4110,Biomass,1/08/2012,Unsuspended,0,,"Willawong - LFG - QLD, QLD, 4110, Australia",-27.594427,153.0047886,OK,"Willawong QLD 4110, Australia"
SRPVQL10,Annandale Stadium - Solar - QLD,QLD,0.348,4814,Solar,20/06/2012,Unsuspended,0,,"Annandale Stadium - Solar - QLD, QLD, 4814, Australia",-19.3127863,146.7874903,OK,"Annandale QLD 4814, Australia"
SRPVWA10,Perth Zoo Bus Port - Solar - WA,WA,0.2387,6151,Solar,17/05/2012,Unsuspended,0,,"Perth Zoo Bus Port - Solar - WA, WA, 6151, Australia",-31.9755308,115.8522565,OK,"20 Labouchere Rd, South Perth WA 6151, Australia"
WD00WA18,Karakin Wind Farm - WA,WA,5.0,6044,Wind,10/05/2012,Unsuspended,0,,"Karakin Wind Farm - WA, WA, 6044, Australia",-31.0064514,115.4645491,OK,"Sappers Rd, Nilgen WA 6044, Australia"
WD00WA17,Sumich Wind Farm - WA,WA,5.0,6044,Wind,19/04/2012,Unsuspended,0,,"Sumich Wind Farm - WA, WA, 6044, Australia",-30.8940646,115.3685239,OK,"5632 Indian Ocean Dr, Nilgen WA 6044, Australia"
WD00TA06,Sisters Creek - Wind - TAS,TAS,0.225,7325,Wind,2/04/2012,Unsuspended,0,,"Sisters Creek - Wind - TAS, TAS, 7325, Australia",-40.9628173,145.5537765,OK,"Sisters Creek TAS 7325, Australia"
BEBGNS25,Dead Horse Gully - Agricultural Waste - NSW,NSW,0.16,2594,Biomass,15/03/2012,Unsuspended,0,,"Dead Horse Gully - Agricultural Waste - NSW, NSW, 2594, Australia",-34.35434196011327,148.4429749222509,OK,"Dead Horse Gully, Young NSW 2594, Australia"
BEBGNS24,Golden Grove - Agricultural Waste - NSW,NSW,0.2,2594,Biomass,9/03/2012,Unsuspended,0,,"Golden Grove - Agricultural Waste - NSW, NSW, 2594, Australia",-34.2783675,148.3400219,OK,"Golden Grove Rd, Young NSW 2594, Australia"
WD00WA16,Grasmere Wind Farm - WA,WA,13.8,6330,Wind,6/03/2012,Unsuspended,0,,"Grasmere Wind Farm - WA, WA, 6330, Australia",-34.9754734,117.8780275,OK,"Little Grove WA 6330, Australia"
SRPVQL09,Gold Coast Stadium Carrara Solar Halo - QLD,QLD,0.216,4211,Solar,2/03/2012,Unsuspended,0,,"Gold Coast Stadium Carrara Solar Halo - QLD, QLD, 4211, Australia",-28.006263,153.3659908,OK,"296 Nerang Broadbeach Rd, Carrara QLD 4211, Australia"
BEBMQL29,Gympie Timber Wood Waste Power Station 1 - QLD,QLD,0.28,4570,Biomass,23/02/2012,Unsuspended,0,,"Gympie Timber Wood Waste Power Station 1 - QLD, QLD, 4570, Australia",-26.1836445,152.6623743,OK,"Gympie QLD 4570, Australia"
SRPVQL08,University of Queensland - Solar - QLD,QLD,2.3827,4067,Solar,21/02/2012,Unsuspended,0,,"University of Queensland - Solar - QLD, QLD, 4067, Australia",-27.49814,153.01108,OK,"University of Queensland, St Lucia QLD 4067, Australia"
SRPVWA09,Chittering Valley Solar - WA,WA,0.018,6084,Solar,16/02/2012,Unsuspended,0,,"Chittering Valley Solar - WA, WA, 6084, Australia",-31.5030264,116.0402774,OK,"Chittering WA 6084, Australia"
SRPVWA08,Carnarvon - Massey Bay Road - Solar Farm - WA,WA,0.29,6701,Solar,7/02/2012,Unsuspended,0,,"Carnarvon - Massey Bay Road - Solar Farm - WA, WA, 6701, Australia",-24.9020509,113.6725064,OK,"Massey Bay Rd, Massey Bay WA 6701, Australia"
BEBGVC19,Eastern Treatment Plant - Thomson Road - SG - VIC,VIC,9.31,3175,Biomass,6/02/2012,Unsuspended,"13,805",This power station was generating electricity prior to 1 January 1997. Only annual generation above the baseline is eligible for LGCs.,"Eastern Treatment Plant - Thomson Road - SG - VIC, VIC, 3175, Australia",-38.0631431,145.1753048,OK,"Carrum Downs VIC 3201, Australia"
BEBMVC03,Reid Bros WW Biomass Generator - VIC,VIC,0.068,3797,Biomass,30/01/2012,Suspended,0,,"Reid Bros WW Biomass Generator - VIC, VIC, 3797, Australia",-37.7866378,145.6168189,OK,"30-42 Little Yarra Rd, Yarra Junction VIC 3797, Australia"
BEBLTA01,King Island Advanced Hybrid Biodiesel Power Station - TAS,TAS,1.2,7256,Biomass,11/01/2012,Unsuspended,0,,"King Island Advanced Hybrid Biodiesel Power Station - TAS, TAS, 7256, Australia",-39.87534770000001,143.9370758,OK,"Naracoopa TAS 7256, Australia"
SRPVNT10,Alice Springs Airport Solar - NT,NT,0.235,870,Solar,21/12/2011,Unsuspended,0,,"Alice Springs Airport Solar - NT, NT, 870, Australia",-23.8018192,133.9034268,OK,"Alice Springs Airport, Santa Teresa, Road, Alice Springs NT 0871, Australia"
BEBMVC02,Visy WW Biomass Generator No 1 - VIC,VIC,3.5,3061,Biomass,19/12/2011,Unsuspended,0,,"Visy WW Biomass Generator No 1 - VIC, VIC, 3061, Australia",-37.665113,144.955677,OK,"Campbellfield VIC 3061, Australia"
SRPVNS18,Johnson & Johnson Medical North Ryde Solar - NSW,NSW,0.0924,2150,Solar,12/10/2011,Suspended,0,,"Johnson & Johnson Medical North Ryde Solar - NSW, NSW, 2150, Australia",-33.7812162,151.1242755,OK,"1-5 Khartoum Rd, North Ryde NSW 2113, Australia"
SRPVNS17,Rigby House Coffs Harbour Solar - NSW,NSW,0.1365,2450,Solar,12/09/2011,Unsuspended,0,,"Rigby House Coffs Harbour Solar - NSW, NSW, 2450, Australia",-30.29651239999999,153.1191226,OK,"27 Duke St, Coffs Harbour NSW 2450, Australia"
SRPVNT09,Uterne Solar Farm - NT,NT,4.063,870,Solar,5/09/2011,Unsuspended,0,,"Uterne Solar Farm - NT, NT, 870, Australia",-23.7685264,133.8678551,OK,"Alice Springs NT 0870, Australia"
WD00VC13,Oaklands Hill Wind Farm - VIC,VIC,67.2,3293,Wind,19/08/2011,Unsuspended,0,,"Oaklands Hill Wind Farm - VIC, VIC, 3293, Australia",-37.683252,142.551115,OK,"Glenthompson-Caramut Rd, Glenthompson VIC 3293, Australia"
SRPVNT08,Power and Water Sadadeen Solar - NT,NT,0.0216,870,Solar,2/08/2011,Unsuspended,0,,"Power and Water Sadadeen Solar - NT, NT, 870, Australia",-23.7094116,133.8948516,OK,"25 Berger Ct, Sadadeen NT 0870, Australia"
HYMCNS06,Woronora Micro Hydro - NSW,NSW,0.15,2508,Hydro,22/07/2011,Unsuspended,0,,"Woronora Micro Hydro - NSW, NSW, 2508, Australia",-34.0300455,151.0398805,OK,"Woronora NSW 2232, Australia"
WD00SA14,The Bluff Wind Farm - SA,SA,52.5,5419,Wind,4/07/2011,Unsuspended,0,,"The Bluff Wind Farm - SA, SA, 5419, Australia",-33.359524,138.8036808,OK,"Hallett SA 5419, Australia"
WD00VC12,Hepburn Community Wind Farm - VIC,VIC,4.1,3460,Wind,22/06/2011,Unsuspended,0,,"Hepburn Community Wind Farm - VIC, VIC, 3460, Australia",-37.3445517,144.1423337,OK,"107 Vincent St, Daylesford VIC 3460, Australia"
WD00NS08,Woodlawn Wind Farm - Tarago - NSW,NSW,48.3,2580,Wind,31/05/2011,Unsuspended,0,,"Woodlawn Wind Farm - Tarago - NSW, NSW, 2580, Australia",-35.1878364,149.524134,OK,"Lake George NSW 2581, Australia"
WD00WA15,Collgar Wind Farm - WA,WA,206.0,6415,Wind,14/05/2011,Unsuspended,0,,"Collgar Wind Farm - WA, WA, 6415, Australia",-31.5432898,118.4553139,OK,"945 Bulls Head Rd, Norpa WA 6415, Australia"
WD00WA14,Rottnest Island Wind Turbine - WA,WA,1.2,6161,Wind,2/05/2011,Unsuspended,0,Wind is the primary fuel source. The solar component was added as an expansion to the wind farm on 4/07/2017. The total capacity is comprised of: 0.6 MW wind and 0.6 MW solar. ,"Rottnest Island Wind Turbine - WA, WA, 6161, Australia",-32.0035186,115.5148137,OK,"Rottnest Island WA 6161, Australia"
HYMCTA02,Platypus Micro Hydro - TAS,TAS,0.015,7140,Hydro,18/04/2011,Unsuspended,0,,"Platypus Micro Hydro - TAS, TAS, 7140, Australia",-42.5170721,146.5885592,OK,"Tasmania 7140, Australia"
WD00NS07,Gunning Wind Farm - NSW,NSW,46.5,2581,Wind,23/03/2011,Unsuspended,0,,"Gunning Wind Farm - NSW, NSW, 2581, Australia",-34.6905625,149.4270092,OK,"Gunning NSW 2581, Australia"
BEBLNS02,Hume Highway Woomargama Biodiesel - NSW,NSW,0.6,2644,Biomass,20/03/2011,Suspended,0,,"Hume Highway Woomargama Biodiesel - NSW, NSW, 2644, Australia",-35.8325873,147.2190723,OK,"Hume Hwy, Woomargama NSW 2644, Australia"
SRPVNT07,Millner Primary School Solar - NT,NT,0.1008,810,Solar,17/03/2011,Suspended,0,,"Millner Primary School Solar - NT, NT, 810, Australia",-12.3911367,130.8596771,OK,"41 Sabine Rd, Millner NT 0810, Australia"
WD00WA13,Mt Barker Community Wind Farm - WA,WA,2.43,6324,Wind,3/03/2011,Unsuspended,0,,"Mt Barker Community Wind Farm - WA, WA, 6324, Australia",-34.6124827,117.6633032,OK,"Woogenellup Rd, Mount Barker WA 6324, Australia"
HYMINS13,Prospect Mini Hydro - NSW,NSW,3.7,2148,Hydro,3/03/2011,Unsuspended,0,,"Prospect Mini Hydro - NSW, NSW, 2148, Australia",-33.789409,150.9087275,OK,"92 Lancelot St, Blacktown NSW 2148, Australia"
HYMISA01,Hope Valley Terminal Storage Mini Hydro - SA,SA,1.8,5090,Hydro,21/02/2011,Unsuspended,0,,"Hope Valley Terminal Storage Mini Hydro - SA, SA, 5090, Australia",-34.8388278,138.7130477,OK,"Hope Valley SA 5090, Australia"
HYMINS12,Lostock Micro Hydro - NSW,NSW,0.22,2311,Hydro,7/02/2011,Unsuspended,0,,"Lostock Micro Hydro - NSW, NSW, 2311, Australia",-32.3130114,151.4262636,OK,"Lostock NSW 2311, Australia"
BEBGNS23,Buttonderry LFG - NSW,NSW,2.246,2259,Biomass,13/12/2010,Unsuspended,0,,"Buttonderry LFG - NSW, NSW, 2259, Australia",-33.21379340000001,151.4280625,OK,"850 Hue Hue Rd, Jilliby NSW 2259, Australia"
SRPVWA07,Nullagine Solar - WA,WA,0.2,6758,Solar,1/10/2010,Unsuspended,0,,"Nullagine Solar - WA, WA, 6758, Australia",-22.0063375,120.3435506,OK,"Nullagine WA 6758, Australia"
HYMITA08,Nieterana Mini Hydro - TAS,TAS,2.2,7140,Hydro,14/09/2010,Unsuspended,0,,"Nieterana Mini Hydro - TAS, TAS, 7140, Australia",-42.2668876,146.2618396,OK,"Butlers Gorge Rd, Butlers Gorge TAS 7140, Australia"
WD00SA13,Waterloo Wind Farm - SA,SA,130.8,5413,Wind,20/08/2010,Unsuspended,0,,"Waterloo Wind Farm - SA, SA, 5413, Australia",-34.00106030000001,138.9110041,OK,"91 Schutz Road, Waterloo SA 5413, Australia"
WD00SA15,North Brown Hill Wind Farm - SA,SA,132.3,5491,Wind,13/08/2010,Unsuspended,0,,"North Brown Hill Wind Farm - SA, SA, 5491, Australia",-33.308747,138.7313531,OK,"5491, Canowie Belt Rd, Belalie East SA 5420, Australia"
HYMITA07,Lake Margaret - Lower Mini Hydro - TAS,TAS,3.2,7467,Hydro,21/06/2010,Unsuspended,0,,"Lake Margaret - Lower Mini Hydro - TAS, TAS, 7467, Australia",-42.004734,145.5437696,OK,"Lake Margaret Rd, Lake Margaret TAS 7467, Australia"
BEBGQL16,Bromelton Bioenergy Plant 1 - QLD,QLD,1.536,4285,Biomass,14/06/2010,Unsuspended,0,,"Bromelton Bioenergy Plant 1 - QLD, QLD, 4285, Australia",-27.981644,152.9673844,OK,"Bromelton QLD 4285, Australia"
WD00SA12,Lake Bonney Wind Farm Stage 3 - SA,SA,39.0,5280,Wind,28/05/2010,Unsuspended,0,,"Lake Bonney Wind Farm Stage 3 - SA, SA, 5280, Australia",-37.737946,140.386887,OK,"8""E, 1402312/6B Goodwood Rd, Daw Park SA 5041, Australia"
SRPVWA06,Marble Bar Solar - WA,WA,0.3,6760,Solar,18/05/2010,Unsuspended,0,,"Marble Bar Solar - WA, WA, 6760, Australia",-21.0487557,119.9740534,OK,"Marble Bar WA 6760, Australia"
WD00WA12,Bouverie Wind Turbine - WA,WA,0.015,6324,Wind,8/05/2010,Suspended,0,,"Bouverie Wind Turbine - WA, WA, 6324, Australia",-34.6140779,117.6904167,OK,"Forest Hill WA 6324, Australia"
BEBGQL17,Birkdale LFG - QLD,QLD,0.78,4159,Biomass,22/04/2010,Unsuspended,0,,"Birkdale LFG - QLD, QLD, 4159, Australia",-27.4880371,153.2208914,OK,"Birkdale QLD 4159, Australia"
HYMIQL06,Paronella Micro Hydro - QLD,QLD,0.0185,4871,Hydro,19/04/2010,Unsuspended,0,,"Paronella Micro Hydro - QLD, QLD, 4871, Australia",-17.6523876,145.957578,OK,"Paronella Park, 1671 Innisfail Japoon Rd, Mena Creek QLD 4871, Australia"
SRPVWA05,Chadwell Estate Solar - WA,WA,0.0198,6322,Solar,16/03/2010,Suspended,0,,"Chadwell Estate Solar - WA, WA, 6322, Australia",-27.6728168,121.6283098,OK,"Western Australia, Australia"
BEBGVC18,Leongatha Bioenergy Plant - VIC,VIC,0.76,3953,Biomass,25/02/2010,Unsuspended,0,,"Leongatha Bioenergy Plant - VIC, VIC, 3953, Australia",-38.4795252,145.9494638,OK,"Leongatha VIC 3953, Australia"
HYMCVC03,Pine Gully Micro Hydro - VIC,VIC,0.385,3840,Hydro,1/02/2010,Unsuspended,0,,"Pine Gully Micro Hydro - VIC, VIC, 3840, Australia",-36.9847807,143.3906074,OK,"Victoria, Australia"
HYMCVC02,Notting Hill Micro Hydro - VIC,VIC,0.45,3168,Hydro,1/02/2010,Unsuspended,0,,"Notting Hill Micro Hydro - VIC, VIC, 3168, Australia",-37.9048347,145.1458611,OK,"Notting Hill VIC 3168, Australia"
HYMCVC01,Mt View Micro Hydro - VIC,VIC,0.56,3150,Hydro,1/02/2010,Unsuspended,0,,"Mt View Micro Hydro - VIC, VIC, 3150, Australia",-37.8738732,145.1674825,OK,"186 Springvale Rd, Glen Waverley VIC 3150, Australia"
HYMIVC07,Olinda Mini Hydro - VIC,VIC,1.0,3140,Hydro,1/02/2010,Unsuspended,0,,"Olinda Mini Hydro - VIC, VIC, 3140, Australia",-37.7524215,145.3685588,OK,"Olinda Park Rise, Lilydale VIC 3140, Australia"
HYMIVC08,Upper Yarra Mini Hydro - VIC,VIC,1.125,3799,Hydro,1/02/2010,Unsuspended,0,,"Upper Yarra Mini Hydro - VIC, VIC, 3799, Australia",-37.6854051,145.9149785,OK,"Upper Yarra Reservoir, Reefton VIC 3799, Australia"
HYMIVC09,Silvan Mini Hydro - VIC,VIC,2.055,3795,Hydro,1/02/2010,Unsuspended,0,,"Silvan Mini Hydro - VIC, VIC, 3795, Australia",-37.8583872,145.4153119,OK,"450 Monbulk Rd, Monbulk VIC 3795, Australia"
WD00VC11,Cape Nelson South Wind Farm - VIC,VIC,44.0,3305,Wind,1/02/2010,Unsuspended,0,,"Cape Nelson South Wind Farm - VIC, VIC, 3305, Australia",-38.3644104,141.6251525,OK,"Portland West VIC 3305, Australia"
WD00VC10,Cape Bridgewater Wind Farm - VIC,VIC,58.0,3305,Wind,1/02/2010,Unsuspended,0,,"Cape Bridgewater Wind Farm - VIC, VIC, 3305, Australia",-38.3782035,141.3745041,OK,"177 Blowholes Rd, Cape Bridgewater VIC 3305, Australia"
HYMITA06,Lake Margaret - Upper Mini Hydro - TAS,TAS,8.4,7321,Hydro,20/01/2010,Unsuspended,0,,"Lake Margaret - Upper Mini Hydro - TAS, TAS, 7321, Australia",-41.9931385,145.5880604,OK,"Lake Margaret, TAS 7467, Australia"
SRPVSA06,Adelaide Airport Terminal 1 Solar - SA,SA,1.283,5950,Solar,19/01/2010,Unsuspended,0,,"Adelaide Airport Terminal 1 Solar - SA, SA, 5950, Australia",-34.946237,138.5312017,OK,"Adelaide Airport (ADL), Sir Richard Williams Ave, Adelaide Airport SA 5950, Australia"
HY00NS13,Jounama Hydro - NSW,NSW,14.4,2720,Hydro,21/12/2009,Unsuspended,0,,"Jounama Hydro - NSW, NSW, 2720, Australia",-35.6354461,148.4786039,OK,"Jounama Trail, Yarrangobilly NSW 2720, Australia"
SRPVVC06,Ballarat Solar Park - VIC,VIC,0.32,3350,Solar,4/12/2009,Unsuspended,0,,"Ballarat Solar Park - VIC, VIC, 3350, Australia",-37.5691087,143.8563224,OK,"Mount Pleasant VIC 3350, Australia"
SRPVVC05,Bendigo Solar Park - VIC,VIC,0.336,3551,Solar,26/11/2009,Unsuspended,0,,"Bendigo Solar Park - VIC, VIC, 3551, Australia",-36.7570157,144.2793906,OK,"Bendigo VIC, Australia"
SRPVSA05,Adelaide Showground Solar - SA,SA,1.0,5034,Solar,30/10/2009,Unsuspended,0,,"Adelaide Showground Solar - SA, SA, 5034, Australia",-34.9461825,138.586702,OK,"Goodwood Rd, Wayville SA 5034, Australia"
BEBGNS22,Warriewood Sewage Treatment - Cogeneration Plant - NSW,NSW,0.249,2102,Biomass,23/10/2009,Unsuspended,0,,"Warriewood Sewage Treatment - Cogeneration Plant - NSW, NSW, 2102, Australia",-33.6881414,151.2947775,OK,"Warriewood NSW 2102, Australia"
HY00VC08,Bogong Hydro - VIC,VIC,147.6,3699,Hydro,5/10/2009,Unsuspended,0,,"Bogong Hydro - VIC, VIC, 3699, Australia",-36.8056597,147.2279119,OK,"Bogong High Plains Rd, Bogong VIC 3699, Australia"
BEBGNS21,Liverpool Sewage Treatment - Cogeneration Plant - NSW,NSW,0.548,2170,Biomass,25/09/2009,Unsuspended,0,,"Liverpool Sewage Treatment - Cogeneration Plant - NSW, NSW, 2170, Australia",-33.9285567,150.9179595,OK,"Liverpool NSW 2170, Australia"
BEBGNS20,Glenfield Sewage Treatment Plant - NSW,NSW,0.625,2167,Biomass,28/08/2009,Unsuspended,0,,"Glenfield Sewage Treatment Plant - NSW, NSW, 2167, Australia",-33.9748797,150.8992441,OK,"Glenfield NSW 2167, Australia"
WD00SA11,Clements Gap Wind Farm - SA,SA,56.7,5523,Wind,14/08/2009,Unsuspended,0,,"Clements Gap Wind Farm - SA, SA, 5523, Australia",-33.4809608,138.0987163,OK,"Clements Gap SA 5523, Australia"
HYMCTA01,Parangana Mini Hydro - TAS,TAS,0.78,7304,Hydro,7/08/2009,Unsuspended,0,,"Parangana Mini Hydro - TAS, TAS, 7304, Australia",-41.630016,146.2200452,OK,"Mersey Forest TAS 7304, Australia"
BEBGNS19,Wollongong Sewage Treatment Plant - NSW,NSW,0.625,2500,Biomass,4/08/2009,Unsuspended,0,,"Wollongong Sewage Treatment Plant - NSW, NSW, 2500, Australia",-34.4248336,150.8931132,OK,"Wollongong NSW 2500, Australia"
WD00NS06,Capital Wind Farm - NSW,NSW,140.7,2621,Wind,8/07/2009,Unsuspended,0,,"Capital Wind Farm - NSW, NSW, 2621, Australia",-35.1878487,149.5241353,OK,"Tarago NSW 2580, Australia"
SRPVNT06,Crowne Plaza Alice Springs Solar - NT,NT,0.304,870,Solar,18/06/2009,Unsuspended,0,,"Crowne Plaza Alice Springs Solar - NT, NT, 870, Australia",-23.7183008,133.8786317,OK,"93 Barrett Dr, Alice Springs NT 0870, Australia"
WD00NS05,Cullerin Range Wind Farm - NSW,NSW,30.0,2581,Wind,15/06/2009,Unsuspended,0,,"Cullerin Range Wind Farm - NSW, NSW, 2581, Australia",-34.8180225,149.399069,OK,"Cullerin NSW 2581, Australia"
BEBGNS17,Summer Hill (Wallsend) LFG - NSW,NSW,2.2,2287,Biomass,11/05/2009,Unsuspended,0,,"Summer Hill (Wallsend) LFG - NSW, NSW, 2287, Australia",-32.8912711,151.6333528,OK,"Summer Hill Track, Wallsend NSW 2287, Australia"
BEBGVC17,Cosgrove LFG - Vic,VIC,0.78,3631,Biomass,30/04/2009,Unsuspended,0,,"Cosgrove LFG - Vic, VIC, 3631, Australia",-36.34632879999999,145.6315766,OK,"Cosgrove VIC 3631, Australia"
WD00SA10,Hallett 2 Wind Farm - SA,SA,71.4,5418,Wind,27/04/2009,Unsuspended,0,,"Hallett 2 Wind Farm - SA, SA, 5418, Australia",-33.4161746,139.0009403,OK,"Hallett, SA, Australia"
BEBGNS18,Bondi Sewage Treatment Cogeneration Plant - NSW,NSW,1.415,2026,Biomass,24/04/2009,Unsuspended,0,,"Bondi Sewage Treatment Cogeneration Plant - NSW, NSW, 2026, Australia",-33.8939634,151.2640357,OK,"Bondi NSW 2026, Australia"
BEMWNS03,Macarthur Resource Recovery Park - Biomass based components of MSW-NSW,NSW,2.8,2570,Biomass,23/03/2009,Suspended,0,,"Macarthur Resource Recovery Park - Biomass based components of MSW-NSW, NSW, 2570, Australia",-34.0252949,150.6285091,OK,"Camden Park NSW 2570, Australia"
WD00VC09,Waubra Wind Farm - VIC,VIC,192.0,3352,Wind,10/03/2009,Unsuspended,0,,"Waubra Wind Farm - VIC, VIC, 3352, Australia",-37.3946388,143.6386011,OK,"275 Harrisons Rd, Waubra VIC 3352, Australia"
BEBGVC16,Shepparton One Sewage Gas - VIC,VIC,1.1,3631,Biomass,20/02/2009,Unsuspended,0,,"Shepparton One Sewage Gas - VIC, VIC, 3631, Australia",-36.3811027,145.3993137,OK,"Shepparton VIC 3630, Australia"
SRPVTA01,King Island Solar - TAS,TAS,0.094,7256,Solar,18/11/2008,Unsuspended,0,,"King Island Solar - TAS, TAS, 7256, Australia",-39.87534770000001,143.9370758,OK,"Naracoopa TAS 7256, Australia"
WD00TA05,Sassafras Wind Turbine - TAS,TAS,0.225,7307,Wind,30/09/2008,Unsuspended,0,,"Sassafras Wind Turbine - TAS, TAS, 7307, Australia",-41.2905184,146.5050619,OK,"Sassafras TAS 7307, Australia"
BEBGNS16,Woy Woy LFG - NSW,NSW,1.064,2256,Biomass,1/08/2008,Unsuspended,0,,"Woy Woy LFG - NSW, NSW, 2256, Australia",-33.4887953,151.3259426,OK,"Woy Woy NSW 2256, Australia"
HYMIVC06,Belgrave-Hallam Rd Micro Hydro,VIC,0.25,3803,Hydro,28/07/2008,Unsuspended,0,,"Belgrave-Hallam Rd Micro Hydro, VIC, 3803, Australia",-37.9982983,145.2751594,OK,"Belgrave-Hallam Rd, Hallam VIC 3803, Australia"
BEBGQL15,Ti Tree LFG Willowbank - QLD,QLD,11.0,4306,Biomass,24/07/2008,Unsuspended,0,,"Ti Tree LFG Willowbank - QLD, QLD, 4306, Australia",-27.6917249,152.666522,OK,"Champions Way, Willowbank QLD 4306, Australia"
BEBGVC15,Eaglehawk - LFG - VIC,VIC,0.5,3556,Biomass,16/07/2008,Unsuspended,0,,"Eaglehawk - LFG - VIC, VIC, 3556, Australia",-36.7175785,144.2519462,OK,"Eaglehawk VIC 3556, Australia"
WD00WA11,Kalbarri Wind Farm - WA,WA,1.6,6536,Wind,19/06/2008,Unsuspended,0,,"Kalbarri Wind Farm - WA, WA, 6536, Australia",-27.8983075,114.1945476,OK,"Yallabatharra WA 6535, Australia"
BEBGNS15,Kincumber LFG - NSW,NSW,1.064,2251,Biomass,1/06/2008,Unsuspended,0,,"Kincumber LFG - NSW, NSW, 2251, Australia",-33.4689844,151.3898882,OK,"Kincumber NSW 2251, Australia"
BEBGNS13,Eastern Creek 2 LFG - NSW,NSW,6.738,2766,Biomass,5/03/2008,Unsuspended,0,,"Eastern Creek 2 LFG - NSW, NSW, 2766, Australia",-33.8102184,150.85064,OK,"Eastern Creek NSW 2766, Australia"
HYMITA05,Meander Dam Mini-Hydro - TAS,TAS,2.0,7304,Hydro,10/02/2008,Unsuspended,0,,"Meander Dam Mini-Hydro - TAS, TAS, 7304, Australia",-41.69156,146.620555,OK,"Meander Dam, Tasmania 7304, Australia"
HYMITA04,Derby Mini Hydro - TAS,TAS,1.15,7264,Hydro,8/02/2008,Unsuspended,0,,"Derby Mini Hydro - TAS, TAS, 7264, Australia",-41.1475532,147.8013956,OK,"Derby TAS 7264, Australia"
BEBGNS12,Woodlawn Bioreactor LFG - NSW,NSW,7.465,2580,Biomass,7/02/2008,Unsuspended,0,,"Woodlawn Bioreactor LFG - NSW, NSW, 2580, Australia",-28.7695705,153.31976,OK,"Woodlawn NSW 2480, Australia"
BEBGVC14,Smythesdale LFG - VIC,VIC,1.578,3351,Biomass,8/01/2008,Unsuspended,0,,"Smythesdale LFG - VIC, VIC, 3351, Australia",-37.6452864,143.68411,OK,"Smythesdale VIC 3351, Australia"
WD00VC07,Elgo Longwood Wind Farm - VIC,VIC,0.15,3665,Wind,2/01/2008,Unsuspended,0,,"Elgo Longwood Wind Farm - VIC, VIC, 3665, Australia",-36.8024273,145.4228412,OK,"Longwood VIC 3665, Australia"
BEBGNS14,NthHead Sewage Treatment Plant,NSW,2.439,2095,Biomass,1/01/2008,Unsuspended,0,,"NthHead Sewage Treatment Plant, NSW, 2095, Australia",-33.808606,151.3029905,OK,"2 Bluefish Dr, Manly NSW 2095, Australia"
WD00SA09,Snowtown Wind Farm - SA,SA,100.8,5520,Wind,24/12/2007,Unsuspended,0,,"Snowtown Wind Farm - SA, SA, 5520, Australia",-33.7140884,138.1408256,OK,"127 Ireland Rd, Mundoora SA 5555, Australia"
BEBGQL14,Sleeman Sports Centre LFG QLD,QLD,0.77,4115,Biomass,4/12/2007,Suspended,0,,"Sleeman Sports Centre LFG QLD, QLD, 4115, Australia",-27.5113668,153.1463723,OK,"1 Sleeman Rd, Chandler QLD 4155, Australia"
WD00WA10,Coral Bay Wind - WA,WA,0.6,6701,Wind,17/08/2007,Unsuspended,0,,"Coral Bay Wind - WA, WA, 6701, Australia",-23.1422976,113.7723112,OK,"Coral Bay WA 6701, Australia"
SRPVNS16,Glenorie Solar - NSW,NSW,0.0015,2157,Solar,9/08/2007,Suspended,0,,"Glenorie Solar - NSW, NSW, 2157, Australia",-33.6015512,151.0078741,OK,"Glenorie NSW 2157, Australia"
WD00SA07,Lake Bonney Wind Farm Stage 2,SA,159.0,5280,Wind,2/07/2007,Unsuspended,0,,"Lake Bonney Wind Farm Stage 2, SA, 5280, Australia",-37.737946,140.386887,OK,"8""E, 1402312/6B Goodwood Rd, Daw Park SA 5041, Australia"
WD00SA08,Hallett Wind Farm SA,SA,92.4,5419,Wind,14/05/2007,Unsuspended,0,,"Hallett Wind Farm SA, SA, 5419, Australia",-33.349988,138.750581,OK,"Canowie SA 5419, Australia"
BEBLWA02,Kalgoorlie Biodiesel,WA,63.0,6430,Biomass,1/03/2007,Unsuspended,0,,"Kalgoorlie Biodiesel, WA, 6430, Australia",-30.749,121.466,OK,"Kalgoorlie - Boulder WA, Australia"
BEBGVC13,Tatura Sewage Gas VIC,VIC,1.1,3616,Biomass,21/02/2007,Unsuspended,0,,"Tatura Sewage Gas VIC, VIC, 3616, Australia",-36.4400613,145.2260066,OK,"Tatura VIC 3616, Australia"
HYMIQL05,Paradise Dam Mini Hydro,QLD,2.79,4621,Hydro,19/02/2007,Unsuspended,0,,"Paradise Dam Mini Hydro, QLD, 4621, Australia",-25.3496711,151.9181456,OK,"Coringa QLD 4621, Australia"
BEBGNS11,Awaba - LFG - NSW,NSW,0.85,2283,Biomass,16/02/2007,Unsuspended,0,,"Awaba - LFG - NSW, NSW, 2283, Australia",-33.0086146,151.5475816,OK,"Awaba NSW 2283, Australia"
BEBMQL28,Rocky Point Sugar Mill,QLD,30.0,4207,Biomass,13/02/2007,Unsuspended,"4,270",This power station was generating electricity prior to 1 January 1997. Only annual generation above the baseline is eligible for LGCs.,"Rocky Point Sugar Mill, QLD, 4207, Australia",-27.7347049,153.327423,OK,"124 Mill Rd, Woongoolba QLD 4207, Australia"
HYMINS10,Jindabyne Dam Mini Hydro,NSW,1.1,2627,Hydro,12/02/2007,Unsuspended,0,,"Jindabyne Dam Mini Hydro, NSW, 2627, Australia",-36.4348958,148.6310184,OK,"Kosciuszko Rd, Jindabyne NSW 2627, Australia"
BEBGVC12,Hampton Park - LFG - VIC,VIC,8.984,3976,Biomass,9/02/2007,Unsuspended,0,,"Hampton Park - LFG - VIC, VIC, 3976, Australia",-38.0349647,145.2756505,OK,"Hampton Park VIC 3976, Australia"
WD00TA04,Woolnorth Studland Bay,TAS,75.0,7330,Wind,30/01/2007,Unsuspended,0,,"Woolnorth Studland Bay, TAS, 7330, Australia",-40.7848399,144.7294621,OK,"Unnamed Road, Woolnorth TAS 7330, Australia"
BEBMNS09,Big River Timbers ww Grafton,NSW,0.45,2460,Biomass,24/01/2007,Suspended,0,,"Big River Timbers ww Grafton, NSW, 2460, Australia",-29.6416856,152.9318229,OK,"80 Trenayr Rd, Junction Hill NSW 2460, Australia"
SRPVSA04,Mount Barker Springs PV - SA,SA,0.0018,5251,Solar,19/01/2007,Unsuspended,0,,"Mount Barker Springs PV - SA, SA, 5251, Australia",-35.0789547,138.9074174,OK,"Mount Barker Springs SA 5251, Australia"
BEBGTA04,Mowbray - LFG - TAS,TAS,1.123,7248,Biomass,9/01/2007,Unsuspended,0,,"Mowbray - LFG - TAS, TAS, 7248, Australia",-41.4066897,147.1333508,OK,"Mowbray TAS 7248, Australia"
WD00VC08,Yambuk Wind Farm,VIC,30.0,3285,Wind,1/01/2007,Unsuspended,0,,"Yambuk Wind Farm, VIC, 3285, Australia",-38.2991878,142.0269704,OK,"5 Henshaws Rd, Yambuk VIC 3285, Australia"
BEBGNS10,Grange Avenue Power Station,NSW,1.25,2765,Biomass,10/11/2006,Unsuspended,0,,"Grange Avenue Power Station, NSW, 2765, Australia",-33.703295,150.8396382,OK,"Grange Ave, Nelson NSW 2765, Australia"
BEBMTA01,Tahune Woodgas-WW-TAS,TAS,0.04,7116,Biomass,1/09/2006,Suspended,0,,"Tahune Woodgas-WW-TAS, TAS, 7116, Australia",-43.0941061,146.7256047,OK,"Tahune Forest Reserve, Southwest TAS 7116, Australia"
WD00WA09,Emu Downs Wind Farm - WA,WA,104.75,6521,Wind,21/07/2006,Unsuspended,0,Wind is the primary fuel source. The solar component was added as an expansion to the wind farm on 1/08/2017. The total capacity is comprised of: 79.2 MW wind and 25.55 MW solar. ,"Emu Downs Wind Farm - WA, WA, 6521, Australia",-30.4756515,115.381241,OK,"1192 Bibby Rd, Badgingarra WA 6521, Australia"
SRPVVC04,Craig Walters PV - VIC,VIC,0.0044,3072,Solar,28/06/2006,Suspended,0,,"Craig Walters PV - VIC, VIC, 3072, Australia",-37.804379,144.9911745,OK,"147 Islington St, Collingwood VIC 3066, Australia"
BEBGTA03,Glenorchy LFG - TAS,TAS,1.688,7010,Biomass,22/06/2006,Unsuspended,0,,"Glenorchy LFG - TAS, TAS, 7010, Australia",-42.833056,147.275833,OK,"Glenorchy TAS 7010, Australia"
BEBGVC11,Wollert-Landfill Gas (LFG)-VIC,VIC,7.861,3750,Biomass,15/05/2006,Unsuspended,0,,"Wollert-Landfill Gas (LFG)-VIC, VIC, 3750, Australia",-37.5891893,144.9942305,OK,"Wollert VIC 3750, Australia"
HYMINS11,Wyangala B Hydro,NSW,4.5,2808,Hydro,1/05/2006,Unsuspended,0,,"Wyangala B Hydro, NSW, 2808, Australia",-33.9954583,148.9435575,OK,"Wyangala NSW 2808, Australia"
BEBGNS09,Stotts Creek - Landfill Gas (LFG) - NSW,NSW,0.37,2487,Biomass,18/04/2006,Suspended,0,,"Stotts Creek - Landfill Gas (LFG) - NSW, NSW, 2487, Australia",-28.2824136,153.506852,OK,"Stotts Creek NSW 2487, Australia"
BEBGWA11,Henderson/Wattleup Landfill Gas (LFG) - WA,WA,3.195,6166,Biomass,10/04/2006,Unsuspended,0,,"Henderson/Wattleup Landfill Gas (LFG) - WA, WA, 6166, Australia",-32.1544818,115.7752419,OK,"Henderson WA 6166, Australia"
SRPVNT05,Lajamanu Sun Farm - NT,NT,0.288,852,Solar,1/04/2006,Suspended,0,,"Lajamanu Sun Farm - NT, NT, 852, Australia",-18.334175,130.6338224,OK,"Lajamanu NT 0852, Australia"
BEBGTA02,McRobies Road - Landfill Gas (LFG) - Hobart - TAS,TAS,1.064,7001,Biomass,17/03/2006,Unsuspended,0,,"McRobies Road - Landfill Gas (LFG) - Hobart - TAS, TAS, 7001, Australia",-42.8934519,147.2956799,OK,"Mcrobies Rd, Hobart TAS 7004, Australia"
BEBGVC10,Transpacific LFG - Truganina VIC,VIC,8.92,3023,Biomass,2/02/2006,Unsuspended,0,,"Transpacific LFG - Truganina VIC, VIC, 3023, Australia",-37.7687064,144.7521888,OK,"Burnside VIC 3023, Australia"
WD00VC05,Kings Creek Hotel Wind Turbine,VIC,0.095,3915,Wind,1/12/2005,Suspended,0,,"Kings Creek Hotel Wind Turbine, VIC, 3915, Australia",-38.2990951,145.1842193,OK,"1989 Frankston - Flinders Rd, Hastings VIC 3915, Australia"
SRPVNT04,Yuendumu Sun Farm - NT,NT,0.24,872,Solar,1/12/2005,Suspended,0,,"Yuendumu Sun Farm - NT, NT, 872, Australia",-22.2539566,131.7953883,OK,"Yuendumu NT 0872, Australia"
WD00SA06,Mt Millar Wind Farm,SA,70.0,5602,Wind,1/12/2005,Unsuspended,0,,"Mt Millar Wind Farm, SA, 5602, Australia",-33.4690808,136.9028375,OK,"Minbrie SA 5602, Australia"
HY00VC07,Banimboola Hydro,VIC,12.85,3701,Hydro,23/11/2005,Unsuspended,0,,"Banimboola Hydro, VIC, 3701, Australia",-36.5335771,147.4603458,OK,"Dartmouth VIC 3701, Australia"
BEBLNT01,Daly Waters Biodiesel,NT,0.13,852,Biomass,14/11/2005,Suspended,0,,"Daly Waters Biodiesel, NT, 852, Australia",-16.253333,133.369167,OK,"Daly Waters NT 0852, Australia"
BEBGWA10,Atlas WA LFG,WA,0.78,6062,Biomass,14/11/2005,Suspended,0,,"Atlas WA LFG, WA, 6062, Australia",-31.9706077,115.9105865,OK,"6 Rayment St, Lathlain WA 6100, Australia"
WD00VC06,Wonthaggi Wind Farm,VIC,12.0,3995,Wind,14/11/2005,Unsuspended,0,,"Wonthaggi Wind Farm, VIC, 3995, Australia",-38.6073719,145.547975,OK,"165 Campbell St, Wonthaggi VIC 3995, Australia"
HYMCWA01,Pemberton Hydro,WA,0.13,6260,Hydro,12/09/2005,Suspended,0,,"Pemberton Hydro, WA, 6260, Australia",-34.4455602,116.0332544,OK,"Pemberton WA 6260, Australia"
BEBGNT01,Shoal Bay LFG - NT,NT,1.1,812,Biomass,8/08/2005,Unsuspended,0,,"Shoal Bay LFG - NT, NT, 812, Australia",-32.7262404,152.1745666,OK,"Shoal Bay NSW 2315, Australia"
BEMWNS02,Eastern Creek UR-3R,NSW,2.0,2766,Biomass,1/08/2005,Suspended,0,,"Eastern Creek UR-3R, NSW, 2766, Australia",-33.8102184,150.85064,OK,"Eastern Creek NSW 2766, Australia"
SRPVWA04,Carnarvon Solar Farm,WA,0.0764,6701,Solar,28/07/2005,Unsuspended,0,,"Carnarvon Solar Farm, WA, 6701, Australia",-24.8838363,113.6570584,OK,"Carnarvon WA 6701, Australia"
BEBGTA01,Macquarie Point Waste Water Treatment Plant,TAS,0.142,7000,Biomass,25/07/2005,Suspended,0,,"Macquarie Point Waste Water Treatment Plant, TAS, 7000, Australia",-42.8802682,147.3356318,OK,"6 Evans St, Hobart TAS 7000, Australia"
WD00WA08,Alinta Wind Farm,WA,89.1,6528,Wind,15/07/2005,Unsuspended,0,,"Alinta Wind Farm, WA, 6528, Australia",-28.9024923,114.8927165,OK,"Walkaway WA 6528, Australia"
HYMCQL02,Hinze Dam Hydro,QLD,0.055,4211,Hydro,7/06/2005,Unsuspended,0,,"Hinze Dam Hydro, QLD, 4211, Australia",-28.0496716,153.2790734,OK,"Advancetown QLD 4211, Australia"
BEBGQL13,Elanora Waste Water Treatment Plant,QLD,0.23,4221,Biomass,7/06/2005,Unsuspended,0,,"Elanora Waste Water Treatment Plant, QLD, 4221, Australia",-28.1270546,153.4591481,OK,"Elanora QLD 4221, Australia"
BEBMQL27,Gladstone Power Station,QLD,0.0,4680,Biomass,6/05/2005,Unsuspended,0,The capacity for this power station is not counted towards accredited capacity in the RET. ,"Gladstone Power Station, QLD, 4680, Australia",-23.8487488,151.2183353,OK,"353 Hanson Rd, Gladstone Central QLD 4680, Australia"
BEBMVC01,Hazelwood,VIC,0.0,3840,Biomass,4/05/2005,Suspended,0,The capacity for this power station is not counted towards accredited capacity in the RET. ,"Hazelwood, VIC, 3840, Australia",-38.2988568,146.3547305,OK,"Hazelwood VIC 3840, Australia"
SRPVNT02,Hermannsburg Sun Farm,NT,0.192,872,Solar,30/04/2005,Suspended,0,,"Hermannsburg Sun Farm, NT, 872, Australia",-23.9415288,132.7797465,OK,"Hermannsburg NT 0872, Australia"
WD00WA07,Bremer Bay Wind,WA,0.6,6338,Wind,30/04/2005,Unsuspended,0,,"Bremer Bay Wind, WA, 6338, Australia",-34.3928168,119.378766,OK,"Bremer Bay WA 6338, Australia"
WD00SA05,Cathedral Rocks Wind Farm,SA,66.0,5606,Wind,29/04/2005,Unsuspended,0,,"Cathedral Rocks Wind Farm, SA, 5606, Australia",-34.8650514,135.5967417,OK,"Sleaford SA 5607, Australia"
BEBGWA09,South Cardup WA LFG,WA,1.912,6123,Biomass,21/04/2005,Unsuspended,0,,"South Cardup WA LFG, WA, 6123, Australia",-32.2898615,116.0000104,OK,"Mundijong WA 6123, Australia"
SRPVNT03,Kings Canyon Solar - NT,NT,0.2251,872,Solar,18/04/2005,Suspended,0,,"Kings Canyon Solar - NT, NT, 872, Australia",-19.4914108,132.5509603,OK,"Northern Territory, Australia"
WD00SA04,Wattle Point Wind farm,SA,90.75,5583,Wind,13/03/2005,Unsuspended,0,,"Wattle Point Wind farm, SA, 5583, Australia",-35.1117422,137.7212617,OK,"389 Sheoak Beach Rd, Edithburgh SA 5583, Australia"
SRPVNS15,Myalben Photovoltaic,NSW,0.0023,2360,Solar,1/01/2005,Suspended,0,,"Myalben Photovoltaic, NSW, 2360, Australia",-29.640762,151.2335592,OK,"Kings Plains NSW 2360, Australia"
BEBMSA01,Mt Gambier,SA,8.0,5290,Biomass,1/01/2005,Suspended,"17,281",This power station was generating electricity prior to 1 January 1997. Only annual generation above the baseline is eligible for LGCs.,"Mt Gambier, SA, 5290, Australia",-37.8256039,140.7712393,OK,"Mount Gambier SA 5290, Australia"
WD00SA03,Canunda Wind Farm,SA,46.0,5280,Wind,3/11/2004,Unsuspended,0,,"Canunda Wind Farm, SA, 5280, Australia",-37.6613687,140.2531151,OK,"Canunda SA 5280, Australia"
BEBGQL12,Rochedale LFG,QLD,7.713,4123,Biomass,29/10/2004,Unsuspended,0,,"Rochedale LFG, QLD, 4123, Australia",-27.5812621,153.1207447,OK,"Rochedale South QLD 4123, Australia"
BEBGQL11,Roghan Road LFG,QLD,1.15,4018,Biomass,12/08/2004,Suspended,0,,"Roghan Road LFG, QLD, 4018, Australia",-27.3409475,153.0404348,OK,"Roghan Rd, Taigum QLD 4018, Australia"
WD00SA02,Lake Bonney Wind Farm Stage 1,SA,80.5,5280,Wind,24/07/2004,Unsuspended,0,,"Lake Bonney Wind Farm Stage 1, SA, 5280, Australia",-37.737946,140.386887,OK,"8""E, 1402312/6B Goodwood Rd, Daw Park SA 5041, Australia"
BEBGQL10,Whitwood Road LFG,QLD,0.635,4305,Biomass,9/07/2004,Unsuspended,0,,"Whitwood Road LFG, QLD, 4305, Australia",-27.6039248,152.8248664,OK,"Whitwood Rd, Ebbw Vale QLD 4304, Australia"
HYMIQL04,Tinaroo Hydro,QLD,1.6,4880,Hydro,9/05/2004,Unsuspended,0,,"Tinaroo Hydro, QLD, 4880, Australia",-17.1695255,145.5478936,OK,"Tinaroo QLD 4872, Australia"
SRPVQL07,Ray Ede Wind and Solar,QLD,0.0064,4061,Wind,28/04/2004,Suspended,0,,"Ray Ede Wind and Solar, QLD, 4061, Australia",-27.4401591,152.9382447,OK,"The Gap QLD 4061, Australia"
WD00WA06,Hopetoun Wind Turbine,WA,1.2,6348,Wind,18/03/2004,Unsuspended,0,,"Hopetoun Wind Turbine, WA, 6348, Australia",-33.8539054,120.0202964,OK,"Hopetoun WA 6348, Australia"
SRPVNS14,Kogarah Town Square PV,NSW,0.0184,2217,Solar,18/02/2004,Suspended,0,,"Kogarah Town Square PV, NSW, 2217, Australia",-33.9651259,151.1335271,OK,"13 Belgrave St, Kogarah NSW 2217, Australia"
WD00VC04,Moorooduc Wind Farm,VIC,0.02,3933,Wind,12/02/2004,Suspended,0,,"Moorooduc Wind Farm, VIC, 3933, Australia",-38.2501593,145.1265477,OK,"Moorooduc VIC 3933, Australia"
HYMCNS05,Toonumbar Mini Hydro,NSW,0.065,2480,Hydro,6/02/2004,Suspended,0,,"Toonumbar Mini Hydro, NSW, 2480, Australia",-28.5205373,152.7674981,OK,"Toonumbar NSW 2474, Australia"
BEBGWA08,Millars Road LFG,WA,4.211,6171,Biomass,2/12/2003,Unsuspended,0,,"Millars Road LFG, WA, 6171, Australia",-32.2869379,115.8008085,OK,"Millar Rd, Baldivis WA 6171, Australia"
BEBGWA06,Tamala Park,WA,5.0,6056,Biomass,1/12/2003,Unsuspended,0,,"Tamala Park, WA, 6056, Australia",-31.8602523,116.0532101,OK,"Bellevue WA 6056, Australia"
BEBGVC09,Charles IFE P/L,VIC,0.21,3352,Biomass,24/11/2003,Unsuspended,104,This power station was generating electricity prior to 1 January 1997. Only annual generation above the baseline is eligible for LGCs.,"Charles IFE P/L, VIC, 3352, Australia",-37.7122033,143.8671868,OK,"Pootilla VIC 3352, Australia"
BEBGQL09,Oxley Creek Cogeneration Plant,QLD,1.4,4106,Biomass,11/11/2003,Unsuspended,0,,"Oxley Creek Cogeneration Plant, QLD, 4106, Australia",-27.5533851,153.0000416,OK,"Rocklea QLD 4106, Australia"
BEBGWA07,Kelvin Road LFG,WA,1.045,6110,Biomass,3/11/2003,Unsuspended,0,,"Kelvin Road LFG, WA, 6110, Australia",-32.031738,116.0039218,OK,"Kelvin Rd, Perth WA, Australia"
SRWDVC01,Citipower Energy Park,VIC,0.0132,3057,Solar,25/07/2003,Suspended,6,This power station was generating electricity prior to 1 January 1997. Only annual generation above the baseline is eligible for LGCs.,"Citipower Energy Park, VIC, 3057, Australia",-37.7695881,144.9766727,OK,"Fleming Park, Brunswick East VIC 3057, Australia"
BEBMQL24,Suncoast Gold Macadamias,QLD,1.5,4570,Biomass,20/06/2003,Suspended,0,,"Suncoast Gold Macadamias, QLD, 4570, Australia",-26.2259211,152.6976516,OK,"21 Drummond Dr, Glanmire QLD 4570, Australia"
BEBMQL25,Mulgrave Mill,QLD,10.25,4865,Biomass,10/06/2003,Unsuspended,"19,218",This power station was generating electricity prior to 1 January 1997. Only annual generation above the baseline is eligible for LGCs.,"Mulgrave Mill, QLD, 4865, Australia",-17.0933327,145.7887861,OK,"35 Gordon St, Gordonvale QLD 4865, Australia"
BEBMQL26,Mourilyan Sugar Mill,QLD,6.25,4858,Biomass,21/05/2003,Suspended,"10,013",This power station was generating electricity prior to 1 January 1997. Only annual generation above the baseline is eligible for LGCs.,"Mourilyan Sugar Mill, QLD, 4858, Australia",-17.5840001,146.0417437,OK,"Mourilyan QLD 4858, Australia"
WD00WA05,Esperance 9 Mile Beach Wind Farm,WA,3.6,6450,Wind,9/04/2003,Suspended,0,,"Esperance 9 Mile Beach Wind Farm, WA, 6450, Australia",-33.9024585,121.7795574,OK,"9 Mile Beach, Western Australia, Australia"
WD00TA03,Mawson,TAS,0.775,7151,Wind,7/04/2003,Unsuspended,0,,"Mawson, TAS, 7151, Australia",-42.0409059,146.8087322,OK,"Tasmania, Australia"
HYMINS09,The Drop,NSW,2.5,3644,Hydro,18/02/2003,Unsuspended,0,,"The Drop, NSW, 3644, Australia",-35.7764688,145.7529468,OK,"11 Melrose Ln, Lalalty NSW 3644, Australia"
SRPVNT01,Bulman Solar,NT,0.0563,852,Solar,17/02/2003,Suspended,0,,"Bulman Solar, NT, 852, Australia",-13.663028,134.3317308,OK,"Bulman Weemol NT 0852, Australia"
SRPVSA03,Wilpena Pound,SA,0.1,5434,Solar,16/01/2003,Unsuspended,0,,"Wilpena Pound, SA, 5434, Australia",-31.5606299,138.57523,OK,"Wilpena Pound, Flinders Ranges SA 5434, Australia"
WD00SA01,Starfish Hill Wind Farm,SA,33.0,5162,Wind,3/01/2003,Unsuspended,0,,"Starfish Hill Wind Farm, SA, 5162, Australia",-35.118261,138.5437358,OK,"Morphett Vale SA 5162, Australia"
WD00VC03,Challicum Hills Wind Farm,VIC,52.5,3375,Wind,13/12/2002,Unsuspended,0,,"Challicum Hills Wind Farm, VIC, 3375, Australia",-37.3887311,143.0775131,OK,"47 Price Rd, Ballyrogan VIC 3375, Australia"
SRPVVC03,Queen Victoria Market,VIC,0.1992,3000,Solar,29/11/2002,Suspended,0,,"Queen Victoria Market, VIC, 3000, Australia",-37.8075798,144.956785,OK,"Queen St, Melbourne VIC 3000, Australia"
HYMIQL03,Wivenhoe Hydro,QLD,4.7,4306,Hydro,6/11/2002,Unsuspended,0,,"Wivenhoe Hydro, QLD, 4306, Australia",-27.2985578,152.6159913,OK,"1674 Wivenhoe Somerset Rd, Dundas QLD 4306, Australia"
BEBGQL07,Stapylton LFG,QLD,3.38,4207,Biomass,18/10/2002,Unsuspended,0,,"Stapylton LFG, QLD, 4207, Australia",-27.7295742,153.2388459,OK,"Stapylton QLD 4207, Australia"
HYMCNS04,Yellow Rock,NSW,0.004,2527,Hydro,9/10/2002,Suspended,0,,"Yellow Rock, NSW, 2527, Australia",-34.5974706,150.7343489,OK,"Yellow Rock Ridge NSW 2527, Australia"
SRPVNS11,Pine Bluff Campus,NSW,0.021,2583,Solar,8/10/2002,Suspended,0,,"Pine Bluff Campus, NSW, 2583, Australia",-33.9502276,149.1316285,OK,"Pine Bluff Rd, Bigga NSW 2583, Australia"
HYMCNS03,Dungog Mini Hydro,NSW,0.13,2420,Hydro,12/08/2002,Unsuspended,0,,"Dungog Mini Hydro, NSW, 2420, Australia",-32.3998565,151.7579471,OK,"Dungog NSW 2420, Australia"
BEBGQL08,Reedy Creek,QLD,0.505,4228,Biomass,6/08/2002,Suspended,0,,"Reedy Creek, QLD, 4228, Australia",-28.1099597,153.4055706,OK,"Reedy Creek QLD 4227, Australia"
BEBGQL06,Suntown Landfill Power Station,QLD,1.77,4214,Biomass,6/08/2002,Suspended,0,,"Suntown Landfill Power Station, QLD, 4214, Australia",-27.9346034,153.3736859,OK,"12 Captain Cook Dr, Arundel QLD 4214, Australia"
BEBGNS07,Earthpower Technologies Sydney,NSW,3.9,2142,Biomass,12/07/2002,Unsuspended,0,,"Earthpower Technologies Sydney, NSW, 2142, Australia",-33.8202357,151.0414411,OK,"35 Grand Ave, Camellia NSW 2142, Australia"
BEBMQL20,Bingera Sugar Mill,QLD,5.0,4670,Biomass,1/07/2002,Suspended,"10,880",This power station was generating electricity prior to 1 January 1997. Only annual generation above the baseline is eligible for LGCs.,"Bingera Sugar Mill, QLD, 4670, Australia",-24.969385,152.2208506,OK,"South Bingera QLD 4670, Australia"
BEBMQL19,Mossman Mill,QLD,9.0,4873,Biomass,13/06/2002,Unsuspended,"12,537",This power station was generating electricity prior to 1 January 1997. Only annual generation above the baseline is eligible for LGCs.,"Mossman Mill, QLD, 4873, Australia",-16.459099,145.375259,OK,"Mill St, Mossman QLD 4873, Australia"
BEBGVC08,Mornington Landfill,VIC,0.789,3939,Biomass,4/06/2002,Unsuspended,0,,"Mornington Landfill, VIC, 3939, Australia",-38.3854599,144.8886091,OK,"282 Boneo Rd, Rosebud VIC 3939, Australia"
BEBGVC07,Wyndham Landfill,VIC,5.794,3030,Biomass,4/06/2002,Unsuspended,0,,"Wyndham Landfill, VIC, 3030, Australia",-37.938058,144.6753231,OK,"Werribee South VIC 3030, Australia"
WD00VC02,Toora Wind Farm,VIC,21.0,3962,Wind,28/05/2002,Unsuspended,0,,"Toora Wind Farm, VIC, 3962, Australia",-38.6534438,146.3402295,OK,"185 Silcocks Hill Rd, Toora VIC 3962, Australia"
BEBMQL22,Millaquin Sugar Mill,QLD,10.0,4670,Biomass,20/05/2002,Unsuspended,"12,489",This power station was generating electricity prior to 1 January 1997. Only annual generation above the baseline is eligible for LGCs.,"Millaquin Sugar Mill, QLD, 4670, Australia",-24.856573,152.3662831,OK,"16 Whittred St, Bundaberg East QLD 4670, Australia"
BEBMNS08,Mt Piper Power Station,NSW,0.0,2847,Biomass,16/05/2002,Suspended,0,The capacity for this power station is not counted towards accredited capacity in the RET. ,"Mt Piper Power Station, NSW, 2847, Australia",-33.3505828,150.0298347,OK,"350 Boulder Rd, Portland NSW 2847, Australia"
BEBGVC06,Brooklyn LFG Power Plant,VIC,2.95,3012,Biomass,15/05/2002,Unsuspended,0,,"Brooklyn LFG Power Plant, VIC, 3012, Australia",-37.8173492,144.8465361,OK,"Brooklyn VIC 3012, Australia"
BEBGNS06,Eastern Creek LFG Power Plant,NSW,5.04,2766,Biomass,15/05/2002,Unsuspended,0,,"Eastern Creek LFG Power Plant, NSW, 2766, Australia",-33.8102184,150.85064,OK,"Eastern Creek NSW 2766, Australia"
BEBMQL21,Stapylton,QLD,0.77,4509,Biomass,10/05/2002,Suspended,0,,"Stapylton, QLD, 4509, Australia",-27.2391265,153.0100656,OK,"Stapylton St, North Lakes QLD 4509, Australia"
WD00TA02,Woolnorth Wind Farm,TAS,64.75,7330,Wind,9/05/2002,Unsuspended,0,,"Woolnorth Wind Farm, TAS, 7330, Australia",-40.7772123,144.8051742,OK,"Woolnorth TAS 7330, Australia"
SRPVVC02,Rufusredtail,VIC,0.0014,3135,Solar,26/04/2002,Suspended,0,,"Rufusredtail, VIC, 3135, Australia",-37.8218486,145.2535448,OK,"Heathmont VIC 3135, Australia"
BEBMNS07,Condong Sugar Mill,NSW,33.0,2484,Biomass,26/04/2002,Unsuspended,"8,428",This power station was generating electricity prior to 1 January 1997. Only annual generation above the baseline is eligible for LGCs.,"Condong Sugar Mill, NSW, 2484, Australia",-28.3151507,153.4340572,OK,"155 McLeod St, Condong NSW 2484, Australia"
BEBMNS06,Broadwater Mill,NSW,38.0,2472,Biomass,26/04/2002,Unsuspended,"16,180",This power station was generating electricity prior to 1 January 1997. Only annual generation above the baseline is eligible for LGCs.,"Broadwater Mill, NSW, 2472, Australia",-29.0119476,153.4347534,OK,"117 Baraang Dr, Broadwater NSW 2472, Australia"
BEBMWA01,CJ Ord River Power Plant,WA,6.0,6743,Biomass,15/04/2002,Suspended,"8,760",This power station was generating electricity prior to 1 January 1997. Only annual generation above the baseline is eligible for LGCs.,"CJ Ord River Power Plant, WA, 6743, Australia",-16.91563582291575,128.7629339671645,OK,"Ord River, Western Australia, Australia"
WD00WA03,Exmouth Advanced Mini Wind Farm,WA,0.06,6707,Wind,10/04/2002,Suspended,0,,"Exmouth Advanced Mini Wind Farm, WA, 6707, Australia",-21.9323088,114.1278654,OK,"Exmouth WA 6707, Australia"
WD00WA04,Esperance 10 mile Lagoon Wind Farm,WA,2.025,6450,Wind,10/04/2002,Suspended,"5,463",This power station was generating electricity prior to 1 January 1997. Only annual generation above the baseline is eligible for LGCs.,"Esperance 10 mile Lagoon Wind Farm, WA, 6450, Australia",-33.8769758,121.7633816,OK,"Ten Mile Lagoon Wind Farm Access Rd, Dalyup WA 6450, Australia"
BEBGQL04,Molendinar Landfill,QLD,0.505,4214,Biomass,9/04/2002,Suspended,0,,"Molendinar Landfill, QLD, 4214, Australia",-27.9744307,153.3589977,OK,"Molendinar QLD 4214, Australia"
BEBMWA02,Muja,WA,0.0,6225,Biomass,2/04/2002,Unsuspended,0,The capacity for this power station is not counted towards accredited capacity in the RET. ,"Muja, WA, 6225, Australia",-33.4412542,116.3297531,OK,"Muja WA 6225, Australia"
HYMIAC01,Stromlo - Hydro - ACT,ACT,0.63,2611,Hydro,26/03/2002,Unsuspended,0,,"Stromlo - Hydro - ACT, ACT, 2611, Australia",-35.3317828,149.0087609,OK,"Stromlo, ACT 2611, Australia"
BEBGNS05,West Nowra Landfill Gas,NSW,1.019,2541,Biomass,14/02/2002,Suspended,0,,"West Nowra Landfill Gas, NSW, 2541, Australia",-34.889144,150.5855239,OK,"West Nowra NSW 2541, Australia"
BEBLVC01,Maryvale Mill,VIC,55.0,3840,Biomass,31/01/2002,Unsuspended,"154,445",This power station was generating electricity prior to 1 January 1997. Only annual generation above the baseline is eligible for LGCs.,"Maryvale Mill, VIC, 3840, Australia",-38.1847114,146.4476928,OK,"Unnamed Rd, Maryvale VIC 3840, Australia"
SRPVNS13,Queanbeyan Solar Farm,NSW,0.0554,2620,Solar,25/01/2002,Suspended,0,,"Queanbeyan Solar Farm, NSW, 2620, Australia",-35.3514641,149.2330429,OK,"Queanbeyan NSW 2620, Australia"
BEBGNS08,Cronulla Sewage Treatment Plant,NSW,0.835,2230,Biomass,23/01/2002,Unsuspended,0,,"Cronulla Sewage Treatment Plant, NSW, 2230, Australia",-34.0512081,151.1522679,OK,"Cronulla NSW 2230, Australia"
HYMINS08,Oaky Hydro,NSW,4.8,2350,Hydro,4/01/2002,Suspended,"12,587",This power station was generating electricity prior to 1 January 1997. Only annual generation above the baseline is eligible for LGCs.,"Oaky Hydro, NSW, 2350, Australia",-30.5077465,151.5248036,OK,"37 Invergowrie Rd, Invergowrie NSW 2350, Australia"
HYMINS07,Nymboida Hydro,NSW,6.0,2460,Hydro,4/01/2002,Suspended,"24,301",This power station was generating electricity prior to 1 January 1997. Only annual generation above the baseline is eligible for LGCs.,"Nymboida Hydro, NSW, 2460, Australia",-29.9361651,152.7277824,OK,"Nymboida NSW 2460, Australia"
BEBGWA05,Woodman Point Energy Recovery,WA,2.0,6166,Biomass,14/12/2001,Unsuspended,0,,"Woodman Point Energy Recovery, WA, 6166, Australia",-32.1378117,115.7440778,OK,"Coogee WA 6166, Australia"
HYMINS06,Illawarra Water Filtration Plant,NSW,6.5,2526,Hydro,11/12/2001,Unsuspended,"22,555",This power station was generating electricity prior to 1 January 1997. Only annual generation above the baseline is eligible for LGCs.,"Illawarra Water Filtration Plant, NSW, 2526, Australia",-34.4658025,150.8072344,OK,"49 Reddalls Rd, Kembla Grange NSW 2526, Australia"
BEBMNS04,Vales Point,NSW,0.0,2259,Biomass,26/10/2001,Unsuspended,0,The capacity for this power station is not counted towards accredited capacity in the RET. ,"Vales Point, NSW, 2259, Australia",-33.1437815,151.5373285,OK,"Vales Point, Mannering Park NSW 2259, Australia"
SRPVSA02,Lavina June,SA,0.0014,5007,Solar,25/10/2001,Suspended,0,,"Lavina June, SA, 5007, Australia",-34.9033293,138.571263,OK,"West Hindmarsh SA 5007, Australia"
BEBMQL06,Proserpine Sugar Mill,QLD,19.0,4800,Biomass,24/10/2001,Unsuspended,"22,961",This power station was generating electricity prior to 1 January 1997. Only annual generation above the baseline is eligible for LGCs.,"Proserpine Sugar Mill, QLD, 4800, Australia",-20.3999787,148.5817307,OK,"Mill St, Proserpine QLD 4800, Australia"
HYMIVC05,Yarrawonga Power Station,VIC,9.45,3730,Hydro,4/10/2001,Unsuspended,"48,990",This power station was generating electricity prior to 1 January 1997. Only annual generation above the baseline is eligible for LGCs.,"Yarrawonga Power Station, VIC, 3730, Australia",-36.0093914,145.999527,OK,"Yarrawonga Weir Power Station, Yarrawonga VIC 3730, Australia"
BEBLWA01,Rufftuff,WA,1.49,6084,Biomass,28/09/2001,Suspended,0,,"Rufftuff, WA, 6084, Australia",-31.5660082,116.0886704,OK,"Walyunga National Park WA 6084, Australia"
BEBMQL17,Victoria Mill,QLD,24.0,4850,Biomass,25/09/2001,Unsuspended,"34,030",This power station was generating electricity prior to 1 January 1997. Only annual generation above the baseline is eligible for LGCs.,"Victoria Mill, QLD, 4850, Australia",-18.6513714,146.2047951,OK,"Ingham Forrest Beach Rd, Braemeadows QLD 4850, Australia"
BEBMQL13,Pioneer Mill,QLD,67.7,4808,Biomass,25/09/2001,Unsuspended,"22,941",This power station was generating electricity prior to 1 January 1997. Only annual generation above the baseline is eligible for LGCs.,"Pioneer Mill, QLD, 4808, Australia",-19.557552,147.3307396,OK,"Brandon QLD 4808, Australia"
SRPVWA03,Noranda Primary School,WA,0.0029,6062,Solar,24/09/2001,Suspended,0,,"Noranda Primary School, WA, 6062, Australia",-31.8771088,115.908553,OK,"25 Walmsley Dr, Noranda WA 6062, Australia"
BEBLNS01,Visy Pulp and Paper,NSW,37.2,2720,Biomass,17/09/2001,Unsuspended,0,,"Visy Pulp and Paper, NSW, 2720, Australia",-35.2964765,148.1386688,OK,"436 Gadara Rd, Tumut NSW 2720, Australia"
SRPVVC01,Fosterville Test Facility,VIC,0.024,3571,Solar,7/09/2001,Suspended,0,,"Fosterville Test Facility, VIC, 3571, Australia",-36.7037806,144.4969686,OK,"Fosterville VIC 3557, Australia"
WD00NS04,Hampton Wind Park,NSW,1.32,2790,Wind,7/09/2001,Unsuspended,0,,"Hampton Wind Park, NSW, 2790, Australia",-33.6390334,150.0497296,OK,"Hampton Rd, Hampton NSW 2790, Australia"
HYMINS05,Glenbawn,NSW,5.5,2337,Hydro,22/08/2001,Unsuspended,"11,968",This power station was generating electricity prior to 1 January 1997. Only annual generation above the baseline is eligible for LGCs.,"Glenbawn, NSW, 2337, Australia",-32.1080329,150.985732,OK,"Glenbawn NSW 2337, Australia"
HY00NS12,Burrendong,NSW,19.0,2820,Hydro,22/08/2001,Unsuspended,"40,880",This power station was generating electricity prior to 1 January 1997. Only annual generation above the baseline is eligible for LGCs.,"Burrendong, NSW, 2820, Australia",-32.6801776,149.1386215,OK,"Lake Burrendong, New South Wales, Australia"
HY00NS11,Copeton,NSW,20.0,2360,Hydro,22/08/2001,Unsuspended,"35,471",This power station was generating electricity prior to 1 January 1997. Only annual generation above the baseline is eligible for LGCs.,"Copeton, NSW, 2360, Australia",-29.8861564,150.8934134,OK,"Copeton NSW 2360, Australia"
SRPVNS09,Foreshore Power Station,NSW,0.0065,2300,Solar,20/08/2001,Suspended,7,This power station was generating electricity prior to 1 January 1997. Only annual generation above the baseline is eligible for LGCs.,"Foreshore Power Station, NSW, 2300, Australia",-32.9247911,151.7895074,OK,"Foreshore Park, 32 Wharf Rd, Newcastle East NSW 2300, Australia"
BEBGNS04,Malabar Sewage Treatment Plant,NSW,3.235,2036,Biomass,7/08/2001,Unsuspended,0,,"Malabar Sewage Treatment Plant, NSW, 2036, Australia",-33.963149,151.2541035,OK,"1 Fishermans Rd, Malabar NSW 2036, Australia"
BEBMNS05,Harwood Mill,NSW,4.5,2465,Biomass,2/08/2001,Unsuspended,"13,677",This power station was generating electricity prior to 1 January 1997. Only annual generation above the baseline is eligible for LGCs.,"Harwood Mill, NSW, 2465, Australia",-29.4256663,153.2477282,OK,"Csr Road, Harwood NSW 2465, Australia"
BEBMQL23,Babinda Sugar Mill,QLD,6.0,4861,Biomass,4/07/2001,Suspended,"12,899",This power station was generating electricity prior to 1 January 1997. Only annual generation above the baseline is eligible for LGCs.,"Babinda Sugar Mill, QLD, 4861, Australia",-17.3436894,145.9197089,OK,"Babinda QLD 4861, Australia"
HYMINS01,Pindari Hydro-Electric Power Station,NSW,5.4,2361,Hydro,27/06/2001,Unsuspended,0,,"Pindari Hydro-Electric Power Station, NSW, 2361, Australia",-29.3960979,151.2585445,OK,"Pindari Dam Camping Ground, Pindaroi NSW 2361, Australia"
BEBGWA04,Canningvale,WA,1.2,6155,Biomass,25/06/2001,Suspended,"24,681",This power station was generating electricity prior to 1 January 1997. Only annual generation above the baseline is eligible for LGCs.,"Canningvale, WA, 6155, Australia",-32.0887424,115.9177846,OK,"Canning Vale WA 6155, Australia"
BEBMQL16,South Johnstone Sugar Mill,QLD,19.3,4859,Biomass,22/06/2001,Unsuspended,"16,604",This power station was generating electricity prior to 1 January 1997. Only annual generation above the baseline is eligible for LGCs.,"South Johnstone Sugar Mill, QLD, 4859, Australia",-17.5968709,145.9958853,OK,"South Johnstone QLD 4859, Australia"
WD00QL02,Thursday Island,QLD,0.45,4875,Wind,20/06/2001,Unsuspended,0,,"Thursday Island, QLD, 4875, Australia",-10.5802361,142.2210964,OK,"Thursday Island QLD 4875, Australia"
HY00VC06,Eildon Power Station,VIC,135.0,3713,Hydro,20/06/2001,Unsuspended,"197,259",This power station was generating electricity prior to 1 January 1997. Only annual generation above the baseline is eligible for LGCs.,"Eildon Power Station, VIC, 3713, Australia",-37.2429628,145.897452,OK,"Eildon Pondage Power Station, Eildon VIC 3713, Australia"
HY00VC05,Dartmouth,VIC,150.0,3701,Hydro,20/06/2001,Unsuspended,"231,228",This power station was generating electricity prior to 1 January 1997. Only annual generation above the baseline is eligible for LGCs.,"Dartmouth, VIC, 3701, Australia",-36.5324694,147.4961766,OK,"Dartmouth VIC 3701, Australia"
SRPVQL01,Solaris,QLD,0.0014,4160,Solar,18/06/2001,Suspended,0,,"Solaris, QLD, 4160, Australia",-27.4869721,153.2390188,OK,"Wellington Point QLD 4160, Australia"
BEBMNS03,Wallerawang Power Station,NSW,0.0,2845,Biomass,14/06/2001,Suspended,0,The capacity for this power station is not counted towards accredited capacity in the RET. ,"Wallerawang Power Station, NSW, 2845, Australia",-33.3994878,150.0794133,OK,"Wallerawang NSW 2845, Australia"
BEBMQL10,Macknade Mill,QLD,8.0,4850,Biomass,13/06/2001,Unsuspended,"19,468",This power station was generating electricity prior to 1 January 1997. Only annual generation above the baseline is eligible for LGCs.,"Macknade Mill, QLD, 4850, Australia",-18.5891667,146.2586111,OK,"Macknade QLD 4850, Australia"
BEBMQL12,Inkerman Mill,QLD,12.4,4806,Biomass,8/06/2001,Unsuspended,"28,377",This power station was generating electricity prior to 1 January 1997. Only annual generation above the baseline is eligible for LGCs.,"Inkerman Mill, QLD, 4806, Australia",-19.6431255,147.400716,OK,"Bruce Hwy, Home Hill QLD 4806, Australia"
BEBMQL14,Plane Creek Mill,QLD,14.8,4737,Biomass,8/06/2001,Unsuspended,"19,669",This power station was generating electricity prior to 1 January 1997. Only annual generation above the baseline is eligible for LGCs.,"Plane Creek Mill, QLD, 4737, Australia",-21.4288339,149.2154225,OK,"Mill St, Sarina QLD 4737, Australia"
SRPVNS07,Western Plains Zoo Solar System,NSW,0.0499,2830,Solar,5/06/2001,Suspended,0,,"Western Plains Zoo Solar System, NSW, 2830, Australia",-32.2736857,148.5865658,OK,"Obley Rd, Dubbo NSW 2830, Australia"
BEBMQL11,Maryborough Sugar Factory,QLD,7.5,4650,Biomass,5/06/2001,Unsuspended,"6,778",This power station was generating electricity prior to 1 January 1997. Only annual generation above the baseline is eligible for LGCs.,"Maryborough Sugar Factory, QLD, 4650, Australia",-25.5478096,152.7172241,OK,"114-116 Kent St, Maryborough QLD 4650, Australia"
BEBMQL08,Kalamia Mill,QLD,9.0,4807,Biomass,31/05/2001,Unsuspended,"24,987",This power station was generating electricity prior to 1 January 1997. Only annual generation above the baseline is eligible for LGCs.,"Kalamia Mill, QLD, 4807, Australia",-19.5239574,147.4160743,OK,"Beach Road, Ayr QLD 4807, Australia"
BEBGNS03,Jacks Gully,NSW,2.3,2570,Biomass,25/05/2001,Unsuspended,0,,"Jacks Gully, NSW, 2570, Australia",-34.07673891273389,150.7422938198044,OK,"Jacks Gully, New South Wales, Australia"
WDOOVC01,Codrington Wind Farm,VIC,18.2,3285,Wind,24/05/2001,Unsuspended,0,,"Codrington Wind Farm, VIC, 3285, Australia",-38.2727138,141.9730619,OK,"5257 Princes Hwy, Codrington VIC 3285, Australia"
BEBMQL15,Invicta Mill,QLD,50.5,4809,Biomass,22/05/2001,Unsuspended,"63,363",This power station was generating electricity prior to 1 January 1997. Only annual generation above the baseline is eligible for LGCs.,"Invicta Mill, QLD, 4809, Australia",-19.5166759,147.1055755,OK,"Mill St, Giru QLD 4809, Australia"
BEBMQL01,Tully Sugar Mill,QLD,21.4,4854,Biomass,3/05/2001,Unsuspended,"15,931",This power station was generating electricity prior to 1 January 1997. Only annual generation above the baseline is eligible for LGCs.,"Tully Sugar Mill, QLD, 4854, Australia",-17.9362061,145.9260297,OK,"1 Hort St, Tully QLD 4854, Australia"
SRPVWA01,Rooftop PV,WA,0.0014,6011,Solar,27/04/2001,Suspended,0,,"Rooftop PV, WA, 6011, Australia",-31.9956284,115.7604781,OK,"Cottesloe WA 6011, Australia"
HYMCQL01,Landers Shute HydroElectric,QLD,0.308,4555,Hydro,26/04/2001,Unsuspended,0,,"Landers Shute HydroElectric, QLD, 4555, Australia",-26.7084646,152.9320797,OK,"Landers Shoot QLD, Australia"
BEBMQL09,Tableland Mill,QLD,24.0,4880,Biomass,26/04/2001,Unsuspended,0,,"Tableland Mill, QLD, 4880, Australia",-17.119971,145.345229,OK,"1827 Springmount Rd, Arriga QLD 4872, Australia"
BEBGWA02,Kalamunda Power Station,WA,2.0,6056,Biomass,23/04/2001,Suspended,"8,176",This power station was generating electricity prior to 1 January 1997. Only annual generation above the baseline is eligible for LGCs.,"Kalamunda Power Station, WA, 6056, Australia",-31.9733275,116.0604722,OK,"Kalamunda WA 6076, Australia"
BEBGWA01,Red Hill Power Station,WA,4.0,6056,Biomass,23/04/2001,Unsuspended,"6,056",This power station was generating electricity prior to 1 January 1997. Only annual generation above the baseline is eligible for LGCs.,"Red Hill Power Station, WA, 6056, Australia",-31.8548072,116.0538776,OK,"Red Hill WA 6056, Australia"
SRPVNS04,Rooftop PV,NSW,0.0014,2766,Solar,20/04/2001,Suspended,0,,"Rooftop PV, NSW, 2766, Australia",-33.8072744,150.8493059,OK,"Rooty Hill NSW 2766, Australia"
BEBMQL02,Isis Central Sugar Mill,QLD,34.2,4660,Biomass,17/04/2001,Unsuspended,"12,771",This power station was generating electricity prior to 1 January 1997. Only annual generation above the baseline is eligible for LGCs.,"Isis Central Sugar Mill, QLD, 4660, Australia",-25.1945913,152.2079251,OK,"Kevin Livingston Dr, Cordalba QLD 4660, Australia"
SRPVQL03,Rooftop PV,QLD,0.0016,4102,Solar,4/04/2001,Suspended,0,,"Rooftop PV, QLD, 4102, Australia",-27.4956759,153.0353622,OK,"Dutton Park QLD 4102, Australia"
HYMCNS01,Chichester Dam,NSW,0.11,2420,Hydro,3/04/2001,Unsuspended,0,,"Chichester Dam, NSW, 2420, Australia",-32.2375355,151.6894175,OK,"Chichester Dam Rd, Bandon Grove NSW 2420, Australia"
BEBGVC05,Werribee,VIC,9.934,3030,Biomass,3/04/2001,Unsuspended,"4,950",This power station was generating electricity prior to 1 January 1997. Only annual generation above the baseline is eligible for LGCs.,"Werribee, VIC, 3030, Australia",-37.89971970000001,144.6642029,OK,"Werribee VIC 3030, Australia"
BEBMQL07,Marian Mill,QLD,18.0,4753,Biomass,3/04/2001,Unsuspended,"25,337",This power station was generating electricity prior to 1 January 1997. Only annual generation above the baseline is eligible for LGCs.,"Marian Mill, QLD, 4753, Australia",-21.1422588,148.9399764,OK,"Anzac Ave, Marian QLD 4753, Australia"
BEBMNS02,Bayswater Power Station,NSW,0.0,2333,Biomass,1/04/2001,Unsuspended,0,The capacity for this power station is not counted towards accredited capacity in the RET. ,"Bayswater Power Station, NSW, 2333, Australia",-32.3838413,150.9522752,OK,"New England Hwy, Muswellbrook NSW 2333, Australia"
BEBMNS01,Liddell Power Station,NSW,2000.0,2333,Biomass,1/04/2001,Unsuspended,0,The capacity for this power station is not counted towards accredited capacity in the RET. ,"Liddell Power Station, NSW, 2333, Australia",-32.4115859,150.9970294,OK,"Liddell NSW 2333, Australia"
SRPVWA02,Rooftop PV,WA,0.0,6149,Solar,1/04/2001,Suspended,0,,"Rooftop PV, WA, 6149, Australia",-32.0671284,115.8580914,OK,"Leeming WA 6149, Australia"
SRPVQL02,Go 100% Renewable Generation,QLD,0.0015,4075,Solar,1/04/2001,Suspended,0,,"Go 100% Renewable Generation, QLD, 4075, Australia",-27.5443032,152.9823847,OK,"Oxley QLD 4075, Australia"
SRPVAC01,Rooftop PV,ACT,0.0029,2607,Solar,1/04/2001,Suspended,0,,"Rooftop PV, ACT, 2607, Australia",-35.3639236,149.0984358,OK,"Torrens ACT 2607, Australia"
SRPVQL04,Caboolture Region Environment Education Centre,QLD,0.0049,4505,Solar,1/04/2001,Suspended,0,,"Caboolture Region Environment Education Centre, QLD, 4505, Australia",-27.1625368,152.9382126,OK,"Caboolture Region Environmental Education Centre (CREEC), 150 Rowley Rd, Burpengary QLD 4505, Australia"
SRPVNS02,Homebush Photovoltaic Power Station,NSW,0.0112,2140,Solar,1/04/2001,Suspended,0,,"Homebush Photovoltaic Power Station, NSW, 2140, Australia",-33.8638165,151.0819465,OK,"Homebush NSW 2140, Australia"
SRPVNS01,Sydney Superdome Photovoltaic,NSW,0.07,2127,Solar,1/04/2001,Suspended,0,,"Sydney Superdome Photovoltaic, NSW, 2127, Australia",-33.8443,151.0621,OK,"19 Edwin Flack Ave, Sydney Olympic Park NSW 2127, Australia"
BEBGQL02,Mount St John,QLD,0.125,4810,Biomass,1/04/2001,Suspended,0,,"Mount St John, QLD, 4810, Australia",-19.25021,146.734936,OK,"Mount St John QLD, Australia"
BEBGQL03,Cleveland Bay,QLD,0.125,4811,Biomass,1/04/2001,Suspended,0,,"Cleveland Bay, QLD, 4811, Australia",-19.360968,146.8198691,OK,"Stuart QLD 4811, Australia"
SRPVNS03,Singleton Photovoltaic Power Station,NSW,0.407,2330,Solar,1/04/2001,Suspended,0,,"Singleton Photovoltaic Power Station, NSW, 2330, Australia",-32.5682823,151.1795485,OK,"Singleton NSW 2330, Australia"
WD00NS01,Kooragang Island Wind Turbine,NSW,0.6,2304,Wind,1/04/2001,Suspended,0,,"Kooragang Island Wind Turbine, NSW, 2304, Australia",-32.8773211,151.7477721,OK,"Cormorant Rd, Kooragang NSW 2304, Australia"
BEBGAC01,Belconnen LFG Power Plant,ACT,1.0,2616,Biomass,1/04/2001,Suspended,0,,"Belconnen LFG Power Plant, ACT, 2616, Australia",-35.2400016,149.0672995,OK,"Belconnen ACT 2617, Australia"
BEBGNS02,Belrose LFG Power Plant,NSW,1.0,2085,Biomass,1/04/2001,Suspended,"21,739",This power station was generating electricity prior to 1 January 1997. Only annual generation above the baseline is eligible for LGCs.,"Belrose LFG Power Plant, NSW, 2085, Australia",-33.7293236,151.2044159,OK,"Belrose NSW 2085, Australia"
BEBGSA02,Tea Tree Gully LFG Power Plant,SA,1.0,5097,Biomass,1/04/2001,Suspended,0,,"Tea Tree Gully LFG Power Plant, SA, 5097, Australia",-34.8183744,138.7040858,OK,"Redwood Park SA 5097, Australia"
BEBGSA03,Highbury LFG Power Plant,SA,1.0,5089,Biomass,1/04/2001,Suspended,0,,"Highbury LFG Power Plant, SA, 5089, Australia",-34.8533636,138.7166326,OK,"Highbury SA 5089, Australia"
BEBGVC03,Corio LFG Power Plant,VIC,1.0,3214,Biomass,1/04/2001,Suspended,"4,620",This power station was generating electricity prior to 1 January 1997. Only annual generation above the baseline is eligible for LGCs.,"Corio LFG Power Plant, VIC, 3214, Australia",-38.0741708,144.3585808,OK,"Corio VIC 3214, Australia"
WD00WA01,Denham,WA,1.02,6537,Wind,1/04/2001,Unsuspended,0,,"Denham, WA, 6537, Australia",-25.9282531,113.5398582,OK,"Denham WA 6537, Australia"
HYMIVC02,Lake William Hovell Hydro-Electric Power Station,VIC,1.55,3678,Hydro,1/04/2001,Unsuspended,"4,220",This power station was generating electricity prior to 1 January 1997. Only annual generation above the baseline is eligible for LGCs.,"Lake William Hovell Hydro-Electric Power Station, VIC, 3678, Australia",-36.9252158,146.3894175,OK,"William Hovell Dam, Cheshunt South VIC 3678, Australia"
HYMITA03,Tods Corner,TAS,1.6,7302,Hydro,1/04/2001,Unsuspended,"5,939",This power station was generating electricity prior to 1 January 1997. Only annual generation above the baseline is eligible for LGCs.,"Tods Corner, TAS, 7302, Australia",-41.9695227,146.796318,OK,"Tods Corner TAS 7030, Australia"
HYMIVC01,Cairn Curran,VIC,2.0,3463,Hydro,1/04/2001,Unsuspended,"3,342",This power station was generating electricity prior to 1 January 1997. Only annual generation above the baseline is eligible for LGCs.,"Cairn Curran, VIC, 3463, Australia",-37.0167004,143.9704739,OK,"Cairn Curran Reservoir, Victoria, Australia"
HYMIWA01,Wellington,WA,2.0,6020,Hydro,1/04/2001,Suspended,"3,804",This power station was generating electricity prior to 1 January 1997. Only annual generation above the baseline is eligible for LGCs.,"Wellington, WA, 6020, Australia",-31.825112,115.7516025,OK,"Watermans Bay WA 6020, Australia"
BEBGQL01,Browns Plains LFG Power Plant,QLD,2.18,4118,Biomass,1/04/2001,Unsuspended,0,,"Browns Plains LFG Power Plant, QLD, 4118, Australia",-27.6624358,153.0527734,OK,"Browns Plains QLD 4118, Australia"
WD00TA01,Huxley Hill,TAS,2.45,7256,Wind,1/04/2001,Unsuspended,0,,"Huxley Hill, TAS, 7256, Australia",-39.9279508,143.8508096,OK,"Huxley St, Currie TAS 7256, Australia"
BEBGSA01,Pedler Creek LFG Power Plant,SA,3.0,5171,Biomass,1/04/2001,Suspended,0,,"Pedler Creek LFG Power Plant, SA, 5171, Australia",-35.2029084,138.5387323,OK,"Blewitt Springs SA 5171, Australia"
HYMIQL02,Somerset Dam Q,QLD,3.2,4312,Hydro,1/04/2001,Suspended,"9,544",This power station was generating electricity prior to 1 January 1997. Only annual generation above the baseline is eligible for LGCs.,"Somerset Dam Q, QLD, 4312, Australia",-27.1153487,152.5565206,OK,"Somerset Dam, Queensland 4312, Australia"
HYMIVC03,Lake Glenmaggie Hydro-Electric Power Station,VIC,3.8,3858,Hydro,1/04/2001,Unsuspended,"6,592",This power station was generating electricity prior to 1 January 1997. Only annual generation above the baseline is eligible for LGCs.,"Lake Glenmaggie Hydro-Electric Power Station, VIC, 3858, Australia",-37.9,146.7666667,OK,"Glenmaggie Reservoir, Glenmaggie VIC 3858, Australia"
BEBGAC02,Mugga Lane LFG Power Plant,ACT,4.12,2620,Biomass,1/04/2001,Suspended,0,,"Mugga Lane LFG Power Plant, ACT, 2620, Australia",-35.397298,149.1517188,OK,"Mugga Ln, New South Wales 2620, Australia"
HYMIVC04,Eildon Pondage Hydro,VIC,4.5,3713,Hydro,1/04/2001,Unsuspended,"13,374",This power station was generating electricity prior to 1 January 1997. Only annual generation above the baseline is eligible for LGCs.,"Eildon Pondage Hydro, VIC, 3713, Australia",-37.2425444,145.906002,OK,"Futurefish Eildon Fishing Trail, Eildon VIC 3713, Australia"
WD00NS03,Crookwell Wind Farm,NSW,4.8,2583,Wind,1/04/2001,Unsuspended,0,,"Crookwell Wind Farm, NSW, 2583, Australia",-34.5196633,149.5547584,OK,"Crookwell Wind Farm, Goulburn Rd, Pejar NSW 2583, Australia"
HYMINS02,Brown Mountain Power Station,NSW,4.95,2550,Hydro,1/04/2001,Unsuspended,"10,636",This power station was generating electricity prior to 1 January 1997. Only annual generation above the baseline is eligible for LGCs.,"Brown Mountain Power Station, NSW, 2550, Australia",-36.6098991,149.4800741,OK,"Snowy Mountains Hwy, Bemboka NSW 2550, Australia"
BEBGVC02,Berwick LFG Power Plant,VIC,5.18,3804,Biomass,1/04/2001,Suspended,"20,446",This power station was generating electricity prior to 1 January 1997. Only annual generation above the baseline is eligible for LGCs.,"Berwick LFG Power Plant, VIC, 3804, Australia",-37.9788019,145.3309395,OK,"Narre Warren East VIC 3804, Australia"
BEBGVC01,Broadmeadows LFG Power Plant,VIC,5.905,3047,Biomass,1/04/2001,Unsuspended,"24,601",This power station was generating electricity prior to 1 January 1997. Only annual generation above the baseline is eligible for LGCs.,"Broadmeadows LFG Power Plant, VIC, 3047, Australia",-37.6763574,144.9336544,OK,"Broadmeadows VIC 3047, Australia"
HYMIQL01,Koombooloomba,QLD,7.0,4888,Hydro,1/04/2001,Unsuspended,0,,"Koombooloomba, QLD, 4888, Australia",-17.5839985,145.4471613,OK,"Millstream QLD 4888, Australia"
HYMINS04,Keepit Power Station,NSW,7.2,2340,Hydro,1/04/2001,Unsuspended,"11,189",This power station was generating electricity prior to 1 January 1997. Only annual generation above the baseline is eligible for LGCs.,"Keepit Power Station, NSW, 2340, Australia",-30.8813898,150.4909994,OK,"LOT 132 Keepit Dam Rd, Keepit NSW 2340, Australia"
BEBGSA04,Wingfield I & II LFG Power Plant,SA,8.16,5013,Biomass,1/04/2001,Unsuspended,"21,437",This power station was generating electricity prior to 1 January 1997. Only annual generation above the baseline is eligible for LGCs.,"Wingfield I & II LFG Power Plant, SA, 5013, Australia",-34.8413535,138.54613,OK,"Wingfield SA 5013, Australia"
HYMITA02,Lake Margaret,TAS,8.4,7321,Hydro,1/04/2001,Suspended,"45,888",This power station was generating electricity prior to 1 January 1997. Only annual generation above the baseline is eligible for LGCs.,"Lake Margaret, TAS, 7321, Australia",-41.9931385,145.5880604,OK,"Lake Margaret, TAS 7467, Australia"
WD00NS02,Blayney Wind Farm,NSW,9.9,2799,Wind,1/04/2001,Unsuspended,0,,"Blayney Wind Farm, NSW, 2799, Australia",-33.619909,149.1888872,OK,"Carcoar NSW 2791, Australia"
BEBMQL04,Pleystowe Mill,QLD,10.1,4740,Biomass,1/04/2001,Suspended,"24,316",This power station was generating electricity prior to 1 January 1997. Only annual generation above the baseline is eligible for LGCs.,"Pleystowe Mill, QLD, 4740, Australia",-21.1419383,149.0393105,OK,"Pleystowe Mill, Mackay - Eungella Rd, Pleystowe QLD 4741, Australia"
HY00TA21,Rowallan,TAS,10.45,7306,Hydro,1/04/2001,Unsuspended,"34,407",This power station was generating electricity prior to 1 January 1997. Only annual generation above the baseline is eligible for LGCs.,"Rowallan, TAS, 7306, Australia",-41.8257846,146.1959225,OK,"W Rowallan Track, Lower Beulah TAS 7306, Australia"
BEBMQL03,Farleigh Mill,QLD,11.5,4740,Biomass,1/04/2001,Unsuspended,"20,998",This power station was generating electricity prior to 1 January 1997. Only annual generation above the baseline is eligible for LGCs.,"Farleigh Mill, QLD, 4740, Australia",-21.1003638,149.1025938,OK,"Farleigh Mill, 49 Christoe St, Farleigh QLD 4741, Australia"
WD00QL01,Windy Hill,QLD,12.0,4888,Wind,1/04/2001,Unsuspended,0,,"Windy Hill, QLD, 4888, Australia",-17.5439421,145.5041101,OK,"Hill Rd, Evelyn QLD 4888, Australia"
HY00VC02,Rubicon System,VIC,13.55,3000,Hydro,1/04/2001,Unsuspended,"65,854",This power station was generating electricity prior to 1 January 1997. Only annual generation above the baseline is eligible for LGCs.,"Rubicon System, VIC, 3000, Australia",-37.8152065,144.963937,OK,"Melbourne VIC 3000, Australia"
HY00TA08,Butlers Gorge,TAS,14.4,7030,Hydro,1/04/2001,Unsuspended,"59,015",This power station was generating electricity prior to 1 January 1997. Only annual generation above the baseline is eligible for LGCs.,"Butlers Gorge, TAS, 7030, Australia",-42.28059469999999,146.3151456,OK,"Butlers Gorge TAS 7140, Australia"
BEBGVC04,Springvale & Clayton LFG Power Plant,VIC,16.23,3172,Biomass,1/04/2001,Unsuspended,"79,777",This power station was generating electricity prior to 1 January 1997. Only annual generation above the baseline is eligible for LGCs.,"Springvale & Clayton LFG Power Plant, VIC, 3172, Australia",-37.9772192,145.1320653,OK,"Springvale South VIC 3172, Australia"
HY00TA11,Cluny,TAS,17.0,7140,Hydro,1/04/2001,Unsuspended,"83,851",This power station was generating electricity prior to 1 January 1997. Only annual generation above the baseline is eligible for LGCs.,"Cluny, TAS, 7140, Australia",-42.4861582,146.7134711,OK,"Cluny St, Ouse TAS 7140, Australia"
HY00NS02,Wyangala,NSW,18.0,2808,Hydro,1/04/2001,Unsuspended,"61,980",This power station was generating electricity prior to 1 January 1997. Only annual generation above the baseline is eligible for LGCs.,"Wyangala, NSW, 2808, Australia",-33.9954583,148.9435575,OK,"Wyangala NSW 2808, Australia"
WD00WA02,Albany,WA,21.6,6330,Wind,1/04/2001,Unsuspended,0,,"Albany, WA, 6330, Australia",-35.0268148,117.8837114,OK,"Albany WA 6330, Australia"
BEBGNS01,Lucas Heights I & II LFG Power Plant,NSW,21.92,2234,Biomass,1/04/2001,Unsuspended,"21,770",This power station was generating electricity prior to 1 January 1997. Only annual generation above the baseline is eligible for LGCs.,"Lucas Heights I & II LFG Power Plant, NSW, 2234, Australia",-34.0506403,150.9872444,OK,"Lucas Heights NSW 2234, Australia"
HY00VC04,Clover,VIC,24.0,3000,Hydro,1/04/2001,Unsuspended,"63,334",This power station was generating electricity prior to 1 January 1997. Only annual generation above the baseline is eligible for LGCs.,"Clover, VIC, 3000, Australia",-37.8152065,144.963937,OK,"Melbourne VIC 3000, Australia"
HYMINS03,Burrinjuck Power Station,NSW,27.2,2582,Hydro,1/04/2001,Unsuspended,"28,618",This power station was generating electricity prior to 1 January 1997. Only annual generation above the baseline is eligible for LGCs.,"Burrinjuck Power Station, NSW, 2582, Australia",-35.0012722,148.5828538,OK,"Burrinjuck NSW 2582, Australia"
HY00TA15,Repulse,TAS,28.0,7140,Hydro,1/04/2001,Unsuspended,"141,351",This power station was generating electricity prior to 1 January 1997. Only annual generation above the baseline is eligible for LGCs.,"Repulse, TAS, 7140, Australia",-42.528477,146.5060043,OK,"Repulse Rd, Florentine TAS 7140, Australia"
HY00TA19,Paloona,TAS,28.0,7306,Hydro,1/04/2001,Unsuspended,"123,660",This power station was generating electricity prior to 1 January 1997. Only annual generation above the baseline is eligible for LGCs.,"Paloona, TAS, 7306, Australia",-41.2581401,146.2699943,OK,"Paloona TAS 7310, Australia"
HY00WA01,Ord River Hydro Electric Power,WA,30.0,6743,Hydro,1/04/2001,Unsuspended,"185,684",This power station was generating electricity prior to 1 January 1997. Only annual generation above the baseline is eligible for LGCs.,"Ord River Hydro Electric Power, WA, 6743, Australia",-16.1200015,128.738173,OK,"3001b Lake Argyle Rd, Lake Argyle WA 6743, Australia"
HY00TA25,Wilmot,TAS,30.6,7306,Hydro,1/04/2001,Unsuspended,"122,432",This power station was generating electricity prior to 1 January 1997. Only annual generation above the baseline is eligible for LGCs.,"Wilmot, TAS, 7306, Australia",-41.388836,146.1772087,OK,"Wilmot TAS 7310, Australia"
HY00TA14,Lake Echo,TAS,32.4,7140,Hydro,1/04/2001,Unsuspended,"68,363",This power station was generating electricity prior to 1 January 1997. Only annual generation above the baseline is eligible for LGCs.,"Lake Echo, TAS, 7140, Australia",-42.2537194,146.6205729,OK,"Lake Echo Rd, Dee TAS 7140, Australia"
HY00TA24,Wayatinah,TAS,38.3,7140,Hydro,1/04/2001,Unsuspended,"243,523",This power station was generating electricity prior to 1 January 1997. Only annual generation above the baseline is eligible for LGCs.,"Wayatinah, TAS, 7140, Australia",-42.3886455,146.4997426,OK,"Wayatinah TAS 7140, Australia"
HY00TA18,Meadowbank,TAS,40.0,7140,Hydro,1/04/2001,Unsuspended,"167,008",This power station was generating electricity prior to 1 January 1997. Only annual generation above the baseline is eligible for LGCs.,"Meadowbank, TAS, 7140, Australia",-42.6362629,146.8488872,OK,"Meadowbank TAS 7140, Australia"
HY00TA03,Fisher,TAS,43.2,7306,Hydro,1/04/2001,Unsuspended,"211,526",This power station was generating electricity prior to 1 January 1997. Only annual generation above the baseline is eligible for LGCs.,"Fisher, TAS, 7306, Australia",-41.6653269,146.0234118,OK,"Roland TAS 7306, Australia"
HY00TA09,Catagunya,TAS,48.0,7140,Hydro,1/04/2001,Unsuspended,"218,794",This power station was generating electricity prior to 1 January 1997. Only annual generation above the baseline is eligible for LGCs.,"Catagunya, TAS, 7140, Australia",-42.4376122,146.5621389,OK,"Lake Catagunya, Tasmania 7140, Australia"
BEBMQL05,Racecourse Mill,QLD,48.5,4740,Biomass,1/04/2001,Unsuspended,"25,438",This power station was generating electricity prior to 1 January 1997. Only annual generation above the baseline is eligible for LGCs.,"Racecourse Mill, QLD, 4740, Australia",-21.1647119,149.1347934,OK,"Racecourse QLD 4740, Australia"
HY00NS03,Warragamba Power Station,NSW,50.0,2752,Hydro,1/04/2001,Suspended,"39,666",This power station was generating electricity prior to 1 January 1997. Only annual generation above the baseline is eligible for LGCs.,"Warragamba Power Station, NSW, 2752, Australia",-33.8895412,150.6048631,OK,"Warragamba NSW 2752, Australia"
HY00TA16,Lemonthyme,TAS,51.0,7304,Hydro,1/04/2001,Unsuspended,"289,305",This power station was generating electricity prior to 1 January 1997. Only annual generation above the baseline is eligible for LGCs.,"Lemonthyme, TAS, 7304, Australia",-41.5937492,146.1643558,OK,"Lemonthyme Rd, Deloraine TAS 7304, Australia"
HY00NS01,Hume Power Station,NSW,58.0,2640,Hydro,1/04/2001,Unsuspended,"222,902",This power station was generating electricity prior to 1 January 1997. Only annual generation above the baseline is eligible for LGCs.,"Hume Power Station, NSW, 2640, Australia",-36.0057094,146.9905624,OK,"Hume Hwy, South Albury NSW 2640, Australia"
HY00QL02,Barron Gorge,QLD,60.0,4881,Hydro,1/04/2001,Unsuspended,"202,914",This power station was generating electricity prior to 1 January 1997. Only annual generation above the baseline is eligible for LGCs.,"Barron Gorge, QLD, 4881, Australia",-16.8566018,145.6581549,OK,"Barron Gorge QLD 4870, Australia"
HY00VC01,West Kiewa,VIC,62.0,3000,Hydro,1/04/2001,Unsuspended,"172,034",This power station was generating electricity prior to 1 January 1997. Only annual generation above the baseline is eligible for LGCs.,"West Kiewa, VIC, 3000, Australia",-36.2578467,147.0065428,OK,"Kiewa VIC 3691, Australia"
HY00TA12,Devils Gate,TAS,63.5,7306,Hydro,1/04/2001,Unsuspended,"284,695",This power station was generating electricity prior to 1 January 1997. Only annual generation above the baseline is eligible for LGCs.,"Devils Gate, TAS, 7306, Australia",-41.3501136,146.2649791,OK,"Barrington TAS 7306, Australia"
HY00NS04,Guthega,NSW,65.0,2627,Hydro,1/04/2001,Unsuspended,"148,386",This power station was generating electricity prior to 1 January 1997. Only annual generation above the baseline is eligible for LGCs.,"Guthega, NSW, 2627, Australia",-36.3769172,148.3859524,OK,"Guthega, NSW 2624, Australia"
HY00TA07,Bastyan,TAS,79.9,7321,Hydro,1/04/2001,Unsuspended,"338,533",This power station was generating electricity prior to 1 January 1997. Only annual generation above the baseline is eligible for LGCs.,"Bastyan, TAS, 7321, Australia",-41.7360047,145.5318835,OK,"Pieman Rd, West Coast TAS 7321, Australia"
HY00TA17,Mackintosh,TAS,79.9,7321,Hydro,1/04/2001,Unsuspended,"329,485",This power station was generating electricity prior to 1 January 1997. Only annual generation above the baseline is eligible for LGCs.,"Mackintosh, TAS, 7321, Australia",-41.3712549,145.6095169,OK,"Tasmania 7321, Australia"
HY00NS08,Blowering,NSW,80.0,2720,Hydro,1/04/2001,Unsuspended,"267,080",This power station was generating electricity prior to 1 January 1997. Only annual generation above the baseline is eligible for LGCs.,"Blowering, NSW, 2720, Australia",-35.5066583,148.2715459,OK,"Blowering NSW 2720, Australia"
HY00TA23,Tribute,TAS,82.8,7321,Hydro,1/04/2001,Unsuspended,"184,457",This power station was generating electricity prior to 1 January 1997. Only annual generation above the baseline is eligible for LGCs.,"Tribute, TAS, 7321, Australia",-41.3712549,145.6095169,OK,"Tasmania 7321, Australia"
HY00TA05,Trevallyn,TAS,83.6,7250,Hydro,1/04/2001,Unsuspended,"430,514",This power station was generating electricity prior to 1 January 1997. Only annual generation above the baseline is eligible for LGCs.,"Trevallyn, TAS, 7250, Australia",-41.43540950000001,147.1197143,OK,"Trevallyn TAS 7250, Australia"
HY00TA10,Cethana,TAS,85.0,7306,Hydro,1/04/2001,Unsuspended,"389,482",This power station was generating electricity prior to 1 January 1997. Only annual generation above the baseline is eligible for LGCs.,"Cethana, TAS, 7306, Australia",-41.4798866,146.147545,OK,"Cethana TAS 7306, Australia"
HY00QL01,Kareeya,QLD,86.4,4854,Hydro,1/04/2001,Unsuspended,"417,233",This power station was generating electricity prior to 1 January 1997. Only annual generation above the baseline is eligible for LGCs.,"Kareeya, QLD, 4854, Australia",-17.767023,145.5780181,OK,"Cardstone Road, Cardstone QLD 4854, Australia"
HY00TA04,Liapootah,TAS,87.3,7140,Hydro,1/04/2001,Unsuspended,"405,158",This power station was generating electricity prior to 1 January 1997. Only annual generation above the baseline is eligible for LGCs.,"Liapootah, TAS, 7140, Australia",-42.3182578,146.4726908,OK,"Liapootah Dam, Tarraleah TAS 7140, Australia"
HY00TA22,Tarraleah,TAS,90.0,7140,Hydro,1/04/2001,Unsuspended,"508,270",This power station was generating electricity prior to 1 January 1997. Only annual generation above the baseline is eligible for LGCs.,"Tarraleah, TAS, 7140, Australia",-42.301225,146.4503471,OK,"Tarraleah TAS 7140, Australia"
HY00TA02,Tungatinah,TAS,125.0,7140,Hydro,1/04/2001,Unsuspended,"492,035",This power station was generating electricity prior to 1 January 1997. Only annual generation above the baseline is eligible for LGCs.,"Tungatinah, TAS, 7140, Australia",-42.2772241,146.4684105,OK,"Tungatinah Lagoon, Tarraleah TAS 7140, Australia"
HY00TA13,John Butters,TAS,144.0,7000,Hydro,1/04/2001,Unsuspended,"522,831",This power station was generating electricity prior to 1 January 1997. Only annual generation above the baseline is eligible for LGCs.,"John Butters, TAS, 7000, Australia",-42.8765787,147.3181015,OK,"John St, North Hobart TAS 7000, Australia"
HY00VC03,McKay Creek,VIC,160.0,3000,Hydro,1/04/2001,Unsuspended,"100,172",This power station was generating electricity prior to 1 January 1997. Only annual generation above the baseline is eligible for LGCs.,"McKay Creek, VIC, 3000, Australia",-37.8152065,144.963937,OK,"Melbourne VIC 3000, Australia"
HY00TA20,Reece,TAS,231.2,7321,Hydro,1/04/2001,Unsuspended,"910,156",This power station was generating electricity prior to 1 January 1997. Only annual generation above the baseline is eligible for LGCs.,"Reece, TAS, 7321, Australia",-41.3712549,145.6095169,OK,"Tasmania 7321, Australia"
HY00NS06,Tumut 2,NSW,286.4,2630,Hydro,1/04/2001,Unsuspended,"776,260",This power station was generating electricity prior to 1 January 1997. Only annual generation above the baseline is eligible for LGCs.,"Tumut 2, NSW, 2630, Australia",-36.2360609,149.1161901,OK,"Tumut St, Cooma NSW 2630, Australia"
HY00TA06,Poatina,TAS,327.0,7302,Hydro,1/04/2001,Unsuspended,"1,033,831",This power station was generating electricity prior to 1 January 1997. Only annual generation above the baseline is eligible for LGCs.,"Poatina, TAS, 7302, Australia",-41.7958243,146.9610493,OK,"Poatina TAS 7302, Australia"
HY00NS05,Tumut 1,NSW,329.6,2630,Hydro,1/04/2001,Unsuspended,"844,046",This power station was generating electricity prior to 1 January 1997. Only annual generation above the baseline is eligible for LGCs.,"Tumut 1, NSW, 2630, Australia",-36.2360609,149.1161901,OK,"Tumut St, Cooma NSW 2630, Australia"
HY00TA01,Gordon,TAS,432.0,7139,Hydro,1/04/2001,Unsuspended,"1,239,971",This power station was generating electricity prior to 1 January 1997. Only annual generation above the baseline is eligible for LGCs.,"Gordon, TAS, 7139, Australia",-43.26312830000001,147.2389971,OK,"Gordon TAS 7150, Australia"
BEBGQL05,Swanbank,QLD,480.0,4305,Biomass,1/04/2001,Unsuspended,0,,"Swanbank, QLD, 4305, Australia",-27.6646733,152.8205871,OK,"Swanbank QLD, Australia"
HY00NS10,Murray 2,NSW,625.0,2642,Hydro,1/04/2001,Unsuspended,"722,496",This power station was generating electricity prior to 1 January 1997. Only annual generation above the baseline is eligible for LGCs.,"Murray 2, NSW, 2642, Australia",-36.0220179,148.052689,OK,"New South Wales 2642, Australia"
HY00NS09,Murray 1,NSW,950.0,2642,Hydro,1/04/2001,Unsuspended,"1,319,577",This power station was generating electricity prior to 1 January 1997. Only annual generation above the baseline is eligible for LGCs.,"Murray 1, NSW, 2642, Australia",-36.0220179,148.052689,OK,"New South Wales 2642, Australia"
HY00NS07,Tumut 3,NSW,1750.0,2720,Hydro,1/04/2001,Unsuspended,"487,047",This power station was generating electricity prior to 1 January 1997. Only annual generation above the baseline is eligible for LGCs.,"Tumut 3, NSW, 2720, Australia",-35.6097185,148.2920489,OK,"97RR+4R, Talbingo NSW 2720, Australia"
