timestamp,unit_code,power_MW,emissions_tCO2e,emission_intensity_tCO2_MWh
2025-10-06 00:00:00+10:00,ER01,651.3649,48.4181,0.07433329612940458
2025-10-06 00:00:00+10:00,ER02,653.7819,48.5978,0.07433335184103446
2025-10-06 00:00:00+10:00,ER03,,,
2025-10-06 00:00:00+10:00,ER04,,,
2025-10-06 00:05:00+10:00,ER01,646.5065,48.0569,0.07433320469322428
2025-10-06 00:05:00+10:00,ER02,650.193,48.3311,0.07433346713975697
2025-10-06 00:05:00+10:00,ER03,,,
2025-10-06 00:05:00+10:00,ER04,,,
2025-10-06 00:10:00+10:00,ER01,625.1194,46.4672,0.07433331936266895
2025-10-06 00:10:00+10:00,ER02,636.2035,47.2912,0.07433344833846404
2025-10-06 00:10:00+10:00,ER03,,,
2025-10-06 00:10:00+10:00,ER04,,,
2025-10-06 00:15:00+10:00,ER04,,,
2025-10-06 00:15:00+10:00,ER03,,,
2025-10-06 00:15:00+10:00,ER01,631.4672,46.9391,0.07433339372179584
2025-10-06 00:15:00+10:00,ER02,632.2484,46.9972,0.0743334423622108
2025-10-06 00:20:00+10:00,ER01,628.8304,46.743,0.07433323834216667
2025-10-06 00:20:00+10:00,ER02,633.347,47.0788,0.07433334333311756
2025-10-06 00:20:00+10:00,ER03,,,
2025-10-06 00:20:00+10:00,ER04,,,
2025-10-06 00:25:00+10:00,ER01,628.1712,46.6941,0.07433339828377997
2025-10-06 00:25:00+10:00,ER02,632.4437,47.0116,0.07433325685748787
2025-10-06 00:25:00+10:00,ER03,,,
2025-10-06 00:25:00+10:00,ER04,,,
2025-10-06 00:30:00+10:00,ER04,,,
2025-10-06 00:30:00+10:00,ER01,633.2494,47.0716,0.07433343008299731
2025-10-06 00:30:00+10:00,ER02,633.347,47.0788,0.07433334333311756
2025-10-06 00:30:00+10:00,ER03,,,
2025-10-06 00:35:00+10:00,ER04,,,
2025-10-06 00:35:00+10:00,ER03,,,
2025-10-06 00:35:00+10:00,ER01,628.3909,46.7104,0.07433334887567596
2025-10-06 00:35:00+10:00,ER02,631.101,46.9118,0.07433326836750377
2025-10-06 00:40:00+10:00,ER01,612.3018,45.5145,0.07433344144995165
2025-10-06 00:40:00+10:00,ER02,618.9426,46.008,0.07433322573046354
2025-10-06 00:40:00+10:00,ER03,,,
2025-10-06 00:40:00+10:00,ER04,,,
2025-10-06 00:45:00+10:00,ER01,614.9386,45.7105,0.07433343751717653
2025-10-06 00:45:00+10:00,ER02,615.8663,45.7794,0.07433334150610287
2025-10-06 00:45:00+10:00,ER03,,,
2025-10-06 00:45:00+10:00,ER04,,,
2025-10-06 00:50:00+10:00,ER04,,,
2025-10-06 00:50:00+10:00,ER01,615.3781,45.7431,0.07433332450407318
2025-10-06 00:50:00+10:00,ER02,620.7004,46.1387,0.07433328543045889
2025-10-06 00:50:00+10:00,ER03,,,
2025-10-06 00:55:00+10:00,ER04,,,
2025-10-06 00:55:00+10:00,ER03,,,
2025-10-06 00:55:00+10:00,ER02,619.8459,46.0752,0.07433331413501323
2025-10-06 00:55:00+10:00,ER01,615.1339,45.725,0.07433340936014093
2025-10-06 01:00:00+10:00,ER01,624.0208,46.3855,0.07433325940417371
2025-10-06 01:00:00+10:00,ER02,623.2151,46.3257,0.07433340430936285
2025-10-06 01:00:00+10:00,ER03,,,
2025-10-06 01:00:00+10:00,ER04,,,
2025-10-06 01:05:00+10:00,ER04,,,
2025-10-06 01:05:00+10:00,ER01,616.4523,45.8229,0.07433324524865913
2025-10-06 01:05:00+10:00,ER02,620.7248,46.1406,0.07433342440965787
2025-10-06 01:05:00+10:00,ER03,,,
2025-10-06 01:10:00+10:00,ER03,,,
2025-10-06 01:10:00+10:00,ER04,,,
2025-10-06 01:10:00+10:00,ER01,623.801,46.3692,0.07433332104308905
2025-10-06 01:10:00+10:00,ER02,629.5628,46.7975,0.07433333100367429
2025-10-06 01:15:00+10:00,ER04,,,
2025-10-06 01:15:00+10:00,ER03,,,
2025-10-06 01:15:00+10:00,ER02,644.8218,47.9318,0.07433340498103506
2025-10-06 01:15:00+10:00,ER01,641.6968,47.6994,0.07433323650671157
2025-10-06 01:20:00+10:00,ER01,627.2923,46.6288,0.07433344869688342
2025-10-06 01:20:00+10:00,ER02,634.5922,47.1714,0.07433340655621042
2025-10-06 01:20:00+10:00,ER03,,,
2025-10-06 01:20:00+10:00,ER04,,,
2025-10-06 01:25:00+10:00,ER01,637.2778,47.371,0.07433335980007463
2025-10-06 01:25:00+10:00,ER02,635.6664,47.2512,0.07433332955776804
2025-10-06 01:25:00+10:00,ER03,,,
2025-10-06 01:25:00+10:00,ER04,,,
2025-10-06 01:30:00+10:00,ER01,630.2709,46.8502,0.07433343344901375
2025-10-06 01:30:00+10:00,ER02,634.6655,47.1768,0.07433332991946151
2025-10-06 01:30:00+10:00,ER03,,,
2025-10-06 01:30:00+10:00,ER04,,,
2025-10-06 01:35:00+10:00,ER04,,,
2025-10-06 01:35:00+10:00,ER03,,,
2025-10-06 01:35:00+10:00,ER02,619.1867,46.0262,0.07433331497591923
2025-10-06 01:35:00+10:00,ER01,611.8868,45.4836,0.07433335708500331
2025-10-06 01:40:00+10:00,ER01,620.6516,46.1351,0.07433332968125757
2025-10-06 01:40:00+10:00,ER02,626.8773,46.5979,0.07433336635414937
2025-10-06 01:40:00+10:00,ER03,,,
2025-10-06 01:40:00+10:00,ER04,,,
2025-10-06 01:45:00+10:00,ER01,630.6371,46.8774,0.07433340030264632
2025-10-06 01:45:00+10:00,ER02,639.5483,47.5398,0.07433340062040662
2025-10-06 01:45:00+10:00,ER03,,,
2025-10-06 01:45:00+10:00,ER04,,,
2025-10-06 01:50:00+10:00,ER01,638.1323,47.4345,0.07433333181849594
2025-10-06 01:50:00+10:00,ER02,642.7955,47.7811,0.07433328329149785
2025-10-06 01:50:00+10:00,ER03,,,
2025-10-06 01:50:00+10:00,ER04,,,
2025-10-06 01:55:00+10:00,ER04,,,
2025-10-06 01:55:00+10:00,ER02,640.647,47.6214,0.07433329118843919
2025-10-06 01:55:00+10:00,ER01,637.6684,47.4,0.07433330552368597
2025-10-06 01:55:00+10:00,ER03,,,
2025-10-06 02:00:00+10:00,ER01,639.0845,47.5052,0.07433320632874056
2025-10-06 02:00:00+10:00,ER02,638.8647,47.4889,0.0743332664960202
2025-10-06 02:00:00+10:00,ER03,,,
2025-10-06 02:00:00+10:00,ER04,,,
2025-10-06 02:05:00+10:00,ER01,633.8842,47.1187,0.07433329305257963
2025-10-06 02:05:00+10:00,ER02,637.7416,47.4054,0.07433324092391025
2025-10-06 02:05:00+10:00,ER03,,,
2025-10-06 02:05:00+10:00,ER04,,,
2025-10-06 02:10:00+10:00,ER04,,,
2025-10-06 02:10:00+10:00,ER01,644.5777,47.9136,0.07433331931898977
2025-10-06 02:10:00+10:00,ER02,645.5299,47.9844,0.07433335001213731
2025-10-06 02:10:00+10:00,ER03,,,
2025-10-06 02:15:00+10:00,ER04,,,
2025-10-06 02:15:00+10:00,ER03,,,
2025-10-06 02:15:00+10:00,ER02,643.0884,47.8029,0.07433332649135019
2025-10-06 02:15:00+10:00,ER01,637.6684,47.4,0.07433330552368597
2025-10-06 02:20:00+10:00,ER01,632.3705,47.0062,0.07433332200031469
2025-10-06 02:20:00+10:00,ER02,639.9878,47.5724,0.07433329197837835
2025-10-06 02:20:00+10:00,ER03,,,
2025-10-06 02:20:00+10:00,ER04,,,
2025-10-06 02:25:00+10:00,ER04,,,
2025-10-06 02:25:00+10:00,ER01,635.8862,47.2675,0.07433326906606873
2025-10-06 02:25:00+10:00,ER02,638.0103,47.4254,0.0743332827071914
2025-10-06 02:25:00+10:00,ER03,,,
2025-10-06 02:30:00+10:00,ER02,626.7552,46.5888,0.07433332822767166
2025-10-06 02:30:00+10:00,ER03,,,
2025-10-06 02:30:00+10:00,ER01,623.801,46.3692,0.07433332104308905
2025-10-06 02:30:00+10:00,ER04,,,
2025-10-06 02:35:00+10:00,ER04,,,
2025-10-06 02:35:00+10:00,ER03,,,
2025-10-06 02:35:00+10:00,ER01,633.4935,47.0897,0.074333359379378
2025-10-06 02:35:00+10:00,ER02,635.0805,47.2077,0.0743334112762083
2025-10-06 02:40:00+10:00,ER01,641.8677,47.7122,0.0743333867711368
2025-10-06 02:40:00+10:00,ER02,644.2359,47.8882,0.07433333038410309
2025-10-06 02:40:00+10:00,ER03,,,
2025-10-06 02:40:00+10:00,ER04,,,
2025-10-06 02:45:00+10:00,ER01,629.7337,46.8102,0.0743333253405368
2025-10-06 02:45:00+10:00,ER02,637.5707,47.3928,0.07433340333864151
2025-10-06 02:45:00+10:00,ER03,,,
2025-10-06 02:45:00+10:00,ER04,,,
2025-10-06 02:50:00+10:00,ER04,,,
2025-10-06 02:50:00+10:00,ER01,639.0112,47.4998,0.07433328242134096
2025-10-06 02:50:00+10:00,ER02,638.5962,47.4689,0.07433320148162485
2025-10-06 02:50:00+10:00,ER03,,,
2025-10-06 02:55:00+10:00,ER04,,,
2025-10-06 02:55:00+10:00,ER03,,,
2025-10-06 02:55:00+10:00,ER01,621.3596,46.1878,0.07433344556034864
2025-10-06 02:55:00+10:00,ER02,628.8548,46.7449,0.07433337552643314
2025-10-06 03:00:00+10:00,ER01,599.6307,44.5725,0.07433325211667781
2025-10-06 03:00:00+10:00,ER02,610.0801,45.3493,0.07433335393172143
2025-10-06 03:00:00+10:00,ER03,,,
2025-10-06 03:00:00+10:00,ER04,,,
2025-10-06 03:05:00+10:00,ER04,,,
2025-10-06 03:05:00+10:00,ER01,605.6611,45.0208,0.07433331940915472
2025-10-06 03:05:00+10:00,ER02,615.0118,45.7159,0.07433337051419175
2025-10-06 03:05:00+10:00,ER03,,,
2025-10-06 03:10:00+10:00,ER03,,,
2025-10-06 03:10:00+10:00,ER04,,,
2025-10-06 03:10:00+10:00,ER01,603.8789,44.8883,0.07433328106015957
2025-10-06 03:10:00+10:00,ER02,607.4434,45.1533,0.0743333452960391
2025-10-06 03:15:00+10:00,ER04,,,
2025-10-06 03:15:00+10:00,ER03,,,
2025-10-06 03:15:00+10:00,ER01,620.2609,46.1061,0.07433339744613919
2025-10-06 03:15:00+10:00,ER02,620.5539,46.1278,0.0743332690359371
2025-10-06 03:20:00+10:00,ER01,616.6232,45.8357,0.07433340166247394
2025-10-06 03:20:00+10:00,ER02,622.0676,46.2404,0.0743334004214333
2025-10-06 03:20:00+10:00,ER03,,,
2025-10-06 03:20:00+10:00,ER04,,,
2025-10-06 03:25:00+10:00,ER01,610.544,45.3838,0.07433338137791871
2025-10-06 03:25:00+10:00,ER02,612.0577,45.4963,0.07433335125103402
2025-10-06 03:25:00+10:00,ER03,,,
2025-10-06 03:25:00+10:00,ER04,,,
2025-10-06 03:30:00+10:00,ER04,,,
2025-10-06 03:30:00+10:00,ER03,,,
2025-10-06 03:30:00+10:00,ER02,616.5499,45.8302,0.07433331835752467
2025-10-06 03:30:00+10:00,ER01,616.0372,45.7921,0.07433333571414194
2025-10-06 03:35:00+10:00,ER01,624.6555,46.4327,0.07433329251083197
2025-10-06 03:35:00+10:00,ER02,626.2181,46.5488,0.07433320755180982
2025-10-06 03:35:00+10:00,ER03,,,
2025-10-06 03:35:00+10:00,ER04,,,
2025-10-06 03:40:00+10:00,ER01,632.6146,47.0244,0.07433340931429658
2025-10-06 03:40:00+10:00,ER02,629.9778,46.8284,0.07433341301868097
2025-10-06 03:40:00+10:00,ER03,,,
2025-10-06 03:40:00+10:00,ER04,,,
2025-10-06 03:45:00+10:00,ER02,622.5559,46.2767,0.07433340524120002
2025-10-06 03:45:00+10:00,ER03,,,
2025-10-06 03:45:00+10:00,ER01,620.2609,46.1061,0.07433339744613919
2025-10-06 03:45:00+10:00,ER04,,,
2025-10-06 03:50:00+10:00,ER04,,,
2025-10-06 03:50:00+10:00,ER03,,,
2025-10-06 03:50:00+10:00,ER02,603.2197,44.8393,0.07433328188717975
2025-10-06 03:50:00+10:00,ER01,600.3388,44.6252,0.0743333597628539
2025-10-06 03:55:00+10:00,ER01,604.0497,44.9011,0.07433345302547124
2025-10-06 03:55:00+10:00,ER02,605.6611,45.0208,0.07433331940915472
2025-10-06 03:55:00+10:00,ER03,,,
2025-10-06 03:55:00+10:00,ER04,,,
2025-10-06 04:00:00+10:00,ER01,616.379,45.8175,0.07433332413985551
2025-10-06 04:00:00+10:00,ER02,620.0656,46.0915,0.07433326409334755
2025-10-06 04:00:00+10:00,ER03,,,
2025-10-06 04:00:00+10:00,ER04,,,
2025-10-06 04:05:00+10:00,ER03,,,
2025-10-06 04:05:00+10:00,ER04,,,
2025-10-06 04:05:00+10:00,ER01,603.3906,44.852,0.07433327599070984
2025-10-06 04:05:00+10:00,ER02,608.4932,45.2314,0.07433345187752304
2025-10-06 04:10:00+10:00,ER01,590.6218,43.9029,0.07433335511828382
2025-10-06 04:10:00+10:00,ER02,595.2117,44.2441,0.07433338423959074
2025-10-06 04:10:00+10:00,ER03,,,
2025-10-06 04:10:00+10:00,ER04,,,
2025-10-06 04:15:00+10:00,ER01,572.4575,42.5527,0.07433337846040973
2025-10-06 04:15:00+10:00,ER02,577.731,42.9446,0.07433321043876821
2025-10-06 04:15:00+10:00,ER03,,,
2025-10-06 04:15:00+10:00,ER04,,,
2025-10-06 04:20:00+10:00,ER04,,,
2025-10-06 04:20:00+10:00,ER01,572.4819,42.5545,0.07433335446937274
2025-10-06 04:20:00+10:00,ER02,579.4156,43.0699,0.0743333455295301
2025-10-06 04:20:00+10:00,ER03,,,
2025-10-06 04:25:00+10:00,ER03,,,
2025-10-06 04:25:00+10:00,ER04,,,
2025-10-06 04:25:00+10:00,ER01,585.0797,43.4909,0.07433329168658562
2025-10-06 04:25:00+10:00,ER02,593.4783,44.1152,0.07433329912820738
2025-10-06 04:30:00+10:00,ER01,568.4535,42.255,0.07433325680992378
2025-10-06 04:30:00+10:00,ER02,578.3414,42.99,0.0743332571384307
2025-10-06 04:30:00+10:00,ER03,,,
2025-10-06 04:30:00+10:00,ER04,,,
2025-10-06 04:35:00+10:00,ER01,562.2767,41.7959,0.07433333090273882
2025-10-06 04:35:00+10:00,ER02,572.8481,42.5817,0.0743333180296836
2025-10-06 04:35:00+10:00,ER03,,,
2025-10-06 04:35:00+10:00,ER04,,,
2025-10-06 04:40:00+10:00,ER01,551.632,41.0046,0.07433325115294255
2025-10-06 04:40:00+10:00,ER02,559.762,41.6089,0.07433319875232688
2025-10-06 04:40:00+10:00,ER03,,,
2025-10-06 04:40:00+10:00,ER04,,,
2025-10-06 04:45:00+10:00,ER04,,,
2025-10-06 04:45:00+10:00,ER03,,,
2025-10-06 04:45:00+10:00,ER02,556.8078,41.3894,0.07433336961156076
2025-10-06 04:45:00+10:00,ER01,555.2453,41.2732,0.07433327215917
2025-10-06 04:50:00+10:00,ER01,564.7181,41.9773,0.07433319385371213
2025-10-06 04:50:00+10:00,ER02,568.6,42.2659,0.07433327470981357
2025-10-06 04:50:00+10:00,ER03,,,
2025-10-06 04:50:00+10:00,ER04,,,
2025-10-06 04:55:00+10:00,ER01,558.3215,41.5019,0.07433333661698502
2025-10-06 04:55:00+10:00,ER02,557.0519,41.4075,0.07433328923211642
2025-10-06 04:55:00+10:00,ER03,,,
2025-10-06 04:55:00+10:00,ER04,,,
2025-10-06 05:00:00+10:00,ER04,,,
2025-10-06 05:00:00+10:00,ER01,546.1387,40.5963,0.07433331496193184
2025-10-06 05:00:00+10:00,ER02,549.044,40.8123,0.07433338675953112
2025-10-06 05:00:00+10:00,ER03,,,
2025-10-06 05:05:00+10:00,ER03,,,
2025-10-06 05:05:00+10:00,ER04,,,
2025-10-06 05:05:00+10:00,ER01,562.9847,41.8485,0.07433328117087375
2025-10-06 05:05:00+10:00,ER02,563.4974,41.8866,0.07433326222978137
2025-10-06 05:10:00+10:00,ER04,,,
2025-10-06 05:10:00+10:00,ER03,,,
2025-10-06 05:10:00+10:00,ER02,567.0131,42.148,0.07433337959916624
2025-10-06 05:10:00+10:00,ER01,560.9338,41.6961,0.07433337053320731
2025-10-06 05:15:00+10:00,ER01,572.2377,42.5364,0.07433344569922604
2025-10-06 05:15:00+10:00,ER02,578.8052,43.0245,0.0743332990097532
2025-10-06 05:15:00+10:00,ER03,,,
2025-10-06 05:15:00+10:00,ER04,,,
2025-10-06 05:20:00+10:00,ER01,575.4605,42.7759,0.07433333825692641
2025-10-06 05:20:00+10:00,ER02,575.729,42.7958,0.07433323664432398
2025-10-06 05:20:00+10:00,ER03,,,
2025-10-06 05:20:00+10:00,ER04,,,
2025-10-06 05:25:00+10:00,ER03,,,
2025-10-06 05:25:00+10:00,ER04,,,
2025-10-06 05:25:00+10:00,ER01,573.9223,45.5154,0.07930585725628714
2025-10-06 05:25:00+10:00,ER02,575.2895,45.6043,0.07927191440135793
2025-10-06 05:30:00+10:00,ER01,573.9467,42.6634,0.07433338322182183
2025-10-06 05:30:00+10:00,ER02,575.2651,42.7614,0.07433338125326916
2025-10-06 05:30:00+10:00,ER03,,,
2025-10-06 05:30:00+10:00,ER04,,,
2025-10-06 05:35:00+10:00,ER01,575.5337,42.7813,0.0743332666705703
2025-10-06 05:35:00+10:00,ER02,574.8257,42.7287,0.07433331529888104
2025-10-06 05:35:00+10:00,ER03,,,
2025-10-06 05:35:00+10:00,ER04,,,
2025-10-06 05:40:00+10:00,ER04,,,
2025-10-06 05:40:00+10:00,ER01,562.8382,41.8377,0.07433344076503691
2025-10-06 05:40:00+10:00,ER02,567.2572,42.1661,0.07433330066149887
2025-10-06 05:40:00+10:00,ER03,,,
2025-10-06 05:45:00+10:00,ER03,,,
2025-10-06 05:45:00+10:00,ER04,,,
2025-10-06 05:45:00+10:00,ER01,570.8705,42.4347,0.07433332077940619
2025-10-06 05:45:00+10:00,ER02,572.5795,42.5618,0.07433343317390859
2025-10-06 05:50:00+10:00,ER01,565.9632,42.0699,0.07433327820607416
2025-10-06 05:50:00+10:00,ER02,571.0414,42.4474,0.07433331453726473
2025-10-06 05:50:00+10:00,ER03,,,
2025-10-06 05:50:00+10:00,ER04,,,
2025-10-06 05:55:00+10:00,ER01,544.0635,40.442,0.07433323499922344
2025-10-06 05:55:00+10:00,ER02,552.3644,41.0591,0.07433335674782805
2025-10-06 05:55:00+10:00,ER03,,,
2025-10-06 05:55:00+10:00,ER04,,,
2025-10-06 06:00:00+10:00,ER01,557.2228,41.4202,0.07433328284485129
2025-10-06 06:00:00+10:00,ER02,565.6702,42.0482,0.07433341901341099
2025-10-06 06:00:00+10:00,ER03,,,
2025-10-06 06:00:00+10:00,ER04,,,
2025-10-06 06:05:00+10:00,ER04,,,
2025-10-06 06:05:00+10:00,ER03,,,
2025-10-06 06:05:00+10:00,ER02,553.2677,41.1262,0.07433327483241838
2025-10-06 06:05:00+10:00,ER01,547.335,40.6853,0.07433345209058437
2025-10-06 06:10:00+10:00,ER01,528.9021,39.3151,0.0743334163354617
2025-10-06 06:10:00+10:00,ER02,536.4462,39.8758,0.0743332695804351
2025-10-06 06:10:00+10:00,ER03,,,
2025-10-06 06:10:00+10:00,ER04,,,
2025-10-06 06:15:00+10:00,ER01,543.5264,40.4022,0.074333463839107
2025-10-06 06:15:00+10:00,ER02,553.2921,41.1281,0.07433343075023122
2025-10-06 06:15:00+10:00,ER03,,,
2025-10-06 06:15:00+10:00,ER04,,,
2025-10-06 06:20:00+10:00,ER04,,,
2025-10-06 06:20:00+10:00,ER01,531.7098,39.5237,0.07433321710451829
2025-10-06 06:20:00+10:00,ER02,535.9823,39.8414,0.07433342481645383
2025-10-06 06:20:00+10:00,ER03,,,
2025-10-06 06:25:00+10:00,ER04,,,
2025-10-06 06:25:00+10:00,ER03,,,
2025-10-06 06:25:00+10:00,ER01,514.3023,38.2298,0.07433332497249186
2025-10-06 06:25:00+10:00,ER02,519.9664,38.6508,0.07433326461094408
2025-10-06 06:30:00+10:00,ER01,527.1199,39.1826,0.07433337272980967
2025-10-06 06:30:00+10:00,ER02,540.1572,40.1517,0.07433336073276446
2025-10-06 06:30:00+10:00,ER03,,,
2025-10-06 06:30:00+10:00,ER04,,,
2025-10-06 06:35:00+10:00,ER01,519.1852,38.5927,0.07433320518381495
2025-10-06 06:35:00+10:00,ER02,526.6316,39.1463,0.07433336700646143
2025-10-06 06:35:00+10:00,ER03,,,
2025-10-06 06:35:00+10:00,ER04,,,
2025-10-06 06:40:00+10:00,ER04,,,
2025-10-06 06:40:00+10:00,ER01,525.1667,39.0374,0.07433334977255793
2025-10-06 06:40:00+10:00,ER02,538.6191,40.0373,0.07433323474789513
2025-10-06 06:40:00+10:00,ER03,,,
2025-10-06 06:45:00+10:00,ER04,,,
2025-10-06 06:45:00+10:00,ER03,,,
2025-10-06 06:45:00+10:00,ER02,557.7111,41.4565,0.0743332883279533
2025-10-06 06:45:00+10:00,ER01,542.6963,40.3404,0.07433328732847452
2025-10-06 06:50:00+10:00,ER01,528.4871,39.2842,0.07433331863729502
2025-10-06 06:50:00+10:00,ER02,543.7217,40.4166,0.07433324805686438
2025-10-06 06:50:00+10:00,ER03,,,
2025-10-06 06:50:00+10:00,ER04,,,
2025-10-06 06:55:00+10:00,ER04,,,
2025-10-06 06:55:00+10:00,ER01,505.6596,37.5874,0.07433340531851863
2025-10-06 06:55:00+10:00,ER02,527.2664,39.1935,0.07433339200070402
2025-10-06 06:55:00+10:00,ER03,,,
2025-10-06 07:00:00+10:00,ER03,,,
2025-10-06 07:00:00+10:00,ER04,,,
2025-10-06 07:00:00+10:00,ER01,492.5246,36.611,0.07433334294368239
2025-10-06 07:00:00+10:00,ER02,515.1324,38.2915,0.07433331702684592
2025-10-06 07:05:00+10:00,ER04,,,
2025-10-06 07:05:00+10:00,ER03,,,
2025-10-06 07:05:00+10:00,ER01,472.8466,35.1483,0.07433340960895139
2025-10-06 07:05:00+10:00,ER02,501.1917,37.2553,0.0743334336941334
2025-10-06 07:10:00+10:00,ER01,488.3741,36.3024,0.07433318024031167
2025-10-06 07:10:00+10:00,ER02,515.7672,38.3387,0.07433334263985768
2025-10-06 07:10:00+10:00,ER03,,,
2025-10-06 07:10:00+10:00,ER04,,,
2025-10-06 07:15:00+10:00,ER01,508.0766,37.767,0.07433327966688488
2025-10-06 07:15:00+10:00,ER02,537.7645,39.9738,0.07433328157585709
2025-10-06 07:15:00+10:00,ER03,,,
2025-10-06 07:15:00+10:00,ER04,,,
2025-10-06 07:20:00+10:00,ER04,,,
2025-10-06 07:20:00+10:00,ER03,,,
2025-10-06 07:20:00+10:00,ER02,549.9473,40.8794,0.0743333043002484
2025-10-06 07:20:00+10:00,ER01,518.1842,38.5183,0.07433321973151633
2025-10-06 07:25:00+10:00,ER01,540.621,40.1862,0.07433340547259541
2025-10-06 07:25:00+10:00,ER02,569.5277,42.3349,0.0743333467362518
2025-10-06 07:25:00+10:00,ER03,,,
2025-10-06 07:25:00+10:00,ER04,,,
2025-10-06 07:30:00+10:00,ER01,533.7117,39.6726,0.074333390105557
2025-10-06 07:30:00+10:00,ER02,562.1546,41.7868,0.07433328838721591
2025-10-06 07:30:00+10:00,ER03,,,
2025-10-06 07:30:00+10:00,ER04,,,
2025-10-06 07:35:00+10:00,ER03,,,
2025-10-06 07:35:00+10:00,ER04,,,
2025-10-06 07:35:00+10:00,ER01,524.8737,39.0156,0.07433331104225645
2025-10-06 07:35:00+10:00,ER02,555.0256,41.2569,0.07433332804829182
2025-10-06 07:40:00+10:00,ER02,553.9513,41.177,0.0743332491502412
2025-10-06 07:40:00+10:00,ER03,,,
2025-10-06 07:40:00+10:00,ER01,529.8054,39.3822,0.07433333069085366
2025-10-06 07:40:00+10:00,ER04,,,
2025-10-06 07:45:00+10:00,ER04,,,
2025-10-06 07:45:00+10:00,ER03,,,
2025-10-06 07:45:00+10:00,ER02,546.4073,40.6162,0.07433319430395605
2025-10-06 07:45:00+10:00,ER01,538.6435,40.0392,0.07433339490776367
2025-10-06 07:50:00+10:00,ER01,550.9972,40.9574,0.07433322710169851
2025-10-06 07:50:00+10:00,ER02,561.3245,41.7251,0.07433329562490146
2025-10-06 07:50:00+10:00,ER03,,,
2025-10-06 07:50:00+10:00,ER04,,,
2025-10-06 07:55:00+10:00,ER01,549.2393,40.8268,0.07433335524242347
2025-10-06 07:55:00+10:00,ER02,553.9269,41.1753,0.07433345446845062
2025-10-06 07:55:00+10:00,ER03,,,
2025-10-06 07:55:00+10:00,ER04,,,
2025-10-06 08:00:00+10:00,ER03,,,
2025-10-06 08:00:00+10:00,ER04,,,
2025-10-06 08:00:00+10:00,ER01,534.9081,39.7615,0.0743333294074253
2025-10-06 08:00:00+10:00,ER02,537.9842,39.9901,0.07433322391252382
2025-10-06 08:05:00+10:00,ER01,521.358,38.7543,0.07433337553082528
2025-10-06 08:05:00+10:00,ER02,526.8757,39.1644,0.07433328202458378
2025-10-06 08:05:00+10:00,ER03,,,
2025-10-06 08:05:00+10:00,ER04,,,
2025-10-06 08:10:00+10:00,ER01,531.49,39.5074,0.07433328943159795
2025-10-06 08:10:00+10:00,ER02,533.9803,39.6926,0.07433345387460923
2025-10-06 08:10:00+10:00,ER03,,,
2025-10-06 08:10:00+10:00,ER04,,,
2025-10-06 08:15:00+10:00,ER04,,,
2025-10-06 08:15:00+10:00,ER01,509.0288,37.8378,0.07433331866487712
2025-10-06 08:15:00+10:00,ER02,510.2251,37.9268,0.07433346575854462
2025-10-06 08:15:00+10:00,ER03,,,
2025-10-06 08:20:00+10:00,ER03,,,
2025-10-06 08:20:00+10:00,ER04,,,
2025-10-06 08:20:00+10:00,ER01,486.4698,36.161,0.0743334940832915
2025-10-06 08:20:00+10:00,ER02,498.677,37.0683,0.07433328587442373
2025-10-06 08:25:00+10:00,ER01,490.1564,36.435,0.07433341684409303
2025-10-06 08:25:00+10:00,ER02,493.3303,36.6709,0.07433336245513401
2025-10-06 08:25:00+10:00,ER03,,,
2025-10-06 08:25:00+10:00,ER04,,,
2025-10-06 08:30:00+10:00,ER01,473.2372,38.9194,0.08224078749515043
2025-10-06 08:30:00+10:00,ER02,483.711,39.3595,0.08136986754487699
2025-10-06 08:30:00+10:00,ER03,,,
2025-10-06 08:30:00+10:00,ER04,,,
2025-10-06 08:35:00+10:00,ER01,455.2438,33.8398,0.07433335720332708
2025-10-06 08:35:00+10:00,ER02,468.1102,34.7962,0.0743333514202425
2025-10-06 08:35:00+10:00,ER03,,,
2025-10-06 08:35:00+10:00,ER04,,,
2025-10-06 08:40:00+10:00,ER04,,,
2025-10-06 08:40:00+10:00,ER03,,,
2025-10-06 08:40:00+10:00,ER02,453.4615,33.7073,0.07433332267458206
2025-10-06 08:40:00+10:00,ER01,432.0256,32.1139,0.07433332654361223
2025-10-06 08:45:00+10:00,ER01,449.1646,33.3879,0.07433332902904637
2025-10-06 08:45:00+10:00,ER02,463.2273,34.4333,0.07433348595818942
2025-10-06 08:45:00+10:00,ER03,,,
2025-10-06 08:45:00+10:00,ER04,,,
2025-10-06 08:50:00+10:00,ER01,429.5842,31.9324,0.07433327389601387
2025-10-06 08:50:00+10:00,ER02,447.2602,33.2464,0.07433346405515179
2025-10-06 08:50:00+10:00,ER03,,,
2025-10-06 08:50:00+10:00,ER04,,,
2025-10-06 08:55:00+10:00,ER04,,,
2025-10-06 08:55:00+10:00,ER01,406.1463,30.1902,0.07433331289734758
2025-10-06 08:55:00+10:00,ER02,431.2932,32.0595,0.07433342329533597
2025-10-06 08:55:00+10:00,ER03,,,
2025-10-06 09:00:00+10:00,ER03,,,
2025-10-06 09:00:00+10:00,ER04,,,
2025-10-06 09:00:00+10:00,ER01,380.8774,28.3119,0.07433336816518911
2025-10-06 09:00:00+10:00,ER02,407.1473,30.2646,0.07433329411738701
2025-10-06 09:05:00+10:00,ER01,383.6606,28.5188,0.07433340822591634
2025-10-06 09:05:00+10:00,ER02,393.1823,29.2266,0.07433345804223639
2025-10-06 09:05:00+10:00,ER03,,,
2025-10-06 09:05:00+10:00,ER04,,,
2025-10-06 09:10:00+10:00,ER01,372.3567,27.6785,0.07433329385505888
2025-10-06 09:10:00+10:00,ER02,381.4389,28.3536,0.07433326805420214
2025-10-06 09:10:00+10:00,ER03,,,
2025-10-06 09:10:00+10:00,ER04,,,
2025-10-06 09:15:00+10:00,ER01,347.9912,25.8674,0.07433348889282258
2025-10-06 09:15:00+10:00,ER02,362.713,26.9617,0.07433342615235737
2025-10-06 09:15:00+10:00,ER03,,,
2025-10-06 09:15:00+10:00,ER04,,,
2025-10-06 09:20:00+10:00,ER04,,,
2025-10-06 09:20:00+10:00,ER03,,,
2025-10-06 09:20:00+10:00,ER01,329.485,24.4917,0.07433327769094193
2025-10-06 09:20:00+10:00,ER02,343.0839,25.5025,0.07433312959308204
2025-10-06 09:25:00+10:00,ER01,309.1234,22.9782,0.07433342153974756
2025-10-06 09:25:00+10:00,ER02,326.2135,24.2486,0.07433352696930078
2025-10-06 09:25:00+10:00,ER03,,,
2025-10-06 09:25:00+10:00,ER04,,,
2025-10-06 09:30:00+10:00,ER01,290.9346,21.6262,0.07433354437732742
2025-10-06 09:30:00+10:00,ER02,313.1029,23.274,0.07433339007719188
2025-10-06 09:30:00+10:00,ER03,,,
2025-10-06 09:30:00+10:00,ER04,,,
2025-10-06 09:35:00+10:00,ER01,284.8066,21.1706,0.07433324929970021
2025-10-06 09:35:00+10:00,ER02,295.5734,21.9709,0.0743331436455378
2025-10-06 09:35:00+10:00,ER03,,,
2025-10-06 09:35:00+10:00,ER04,,,
2025-10-06 09:40:00+10:00,ER04,,,
2025-10-06 09:40:00+10:00,ER03,,,
2025-10-06 09:40:00+10:00,ER02,288.6885,21.4592,0.07433340780806995
2025-10-06 09:40:00+10:00,ER01,269.6696,20.0455,0.0743335548389585
2025-10-06 09:45:00+10:00,ER01,280.705,20.8658,0.07433355301829322
2025-10-06 09:45:00+10:00,ER02,287.3701,21.3612,0.07433341186156807
2025-10-06 09:45:00+10:00,ER03,,,
2025-10-06 09:45:00+10:00,ER04,,,
2025-10-06 09:50:00+10:00,ER01,295.4025,21.9583,0.07433349413088922
2025-10-06 09:50:00+10:00,ER02,299.1623,22.2377,0.07433322982207316
2025-10-06 09:50:00+10:00,ER03,,,
2025-10-06 09:50:00+10:00,ER04,,,
2025-10-06 09:55:00+10:00,ER04,,,
2025-10-06 09:55:00+10:00,ER01,304.5335,22.637,0.07433336562315804
2025-10-06 09:55:00+10:00,ER02,307.1702,22.833,0.07433338260026524
2025-10-06 09:55:00+10:00,ER03,,,
2025-10-06 10:00:00+10:00,ER04,,,
2025-10-06 10:00:00+10:00,ER03,,,
2025-10-06 10:00:00+10:00,ER02,300.9689,22.372,0.07433326167587415
2025-10-06 10:00:00+10:00,ER01,299.0158,22.2269,0.0743335302014141
2025-10-06 10:05:00+10:00,ER01,277.1405,20.6007,0.07433305489453906
2025-10-06 10:05:00+10:00,ER02,280.119,20.8222,0.07433340830147186
2025-10-06 10:05:00+10:00,ER03,,,
2025-10-06 10:05:00+10:00,ER04,,,
2025-10-06 10:10:00+10:00,ER04,,,
2025-10-06 10:10:00+10:00,ER01,276.6766,20.5663,0.07433335526025692
2025-10-06 10:10:00+10:00,ER02,280.119,20.8222,0.07433340830147186
2025-10-06 10:10:00+10:00,ER03,,,
2025-10-06 10:15:00+10:00,ER03,,,
2025-10-06 10:15:00+10:00,ER04,,,
2025-10-06 10:15:00+10:00,ER01,281.0956,20.8947,0.07433307387237652
2025-10-06 10:15:00+10:00,ER02,284.4892,21.147,0.07433322600647055
2025-10-06 10:20:00+10:00,ER03,,,
2025-10-06 10:20:00+10:00,ER04,,,
2025-10-06 10:20:00+10:00,ER01,278.9471,20.7351,0.07433344888690364
2025-10-06 10:20:00+10:00,ER02,282.536,21.0019,0.0743335362573265
2025-10-06 10:25:00+10:00,ER04,,,
2025-10-06 10:25:00+10:00,ER03,,,
2025-10-06 10:25:00+10:00,ER02,280.7538,20.8693,0.07433309896428827
2025-10-06 10:25:00+10:00,ER01,277.4579,20.6244,0.07433343941549331
2025-10-06 10:30:00+10:00,ER01,277.0428,20.5935,0.07433327991198471
2025-10-06 10:30:00+10:00,ER02,278.7762,20.7224,0.07433346175175642
2025-10-06 10:30:00+10:00,ER03,,,
2025-10-06 10:30:00+10:00,ER04,,,
2025-10-06 10:35:00+10:00,ER01,279.9481,20.8095,0.07433342108769446
2025-10-06 10:35:00+10:00,ER02,282.0966,20.9691,0.07433304761560401
2025-10-06 10:35:00+10:00,ER03,,,
2025-10-06 10:35:00+10:00,ER04,,,
2025-10-06 10:40:00+10:00,ER03,,,
2025-10-06 10:40:00+10:00,ER04,,,
2025-10-06 10:40:00+10:00,ER01,283.3417,21.0617,0.07433321674854071
2025-10-06 10:40:00+10:00,ER02,289.3477,21.5082,0.07433340579517307
2025-10-06 10:45:00+10:00,ER01,282.9755,21.0345,0.0743332903378561
2025-10-06 10:45:00+10:00,ER02,283.5859,21.0799,0.07433338540456348
2025-10-06 10:45:00+10:00,ER03,,,
2025-10-06 10:45:00+10:00,ER04,,,
2025-10-06 10:50:00+10:00,ER01,278.5565,20.706,0.07433321426712354
2025-10-06 10:50:00+10:00,ER02,279.1425,20.7496,0.07433336020133087
2025-10-06 10:50:00+10:00,ER03,,,
2025-10-06 10:50:00+10:00,ER04,,,
2025-10-06 10:55:00+10:00,ER04,,,
2025-10-06 10:55:00+10:00,ER01,283.7079,21.0889,0.07433314334919824
2025-10-06 10:55:00+10:00,ER02,283.1708,21.0491,0.07433358241739614
2025-10-06 10:55:00+10:00,ER03,,,
2025-10-06 11:00:00+10:00,ER03,,,
2025-10-06 11:00:00+10:00,ER04,,,
2025-10-06 11:00:00+10:00,ER01,278.8495,20.7279,0.07433364592728336
2025-10-06 11:00:00+10:00,ER02,281.413,20.9184,0.07433345296770226
2025-10-06 11:05:00+10:00,ER01,278.117,20.6733,0.07433310441289098
2025-10-06 11:05:00+10:00,ER02,279.6551,20.7877,0.07433334847102735
2025-10-06 11:05:00+10:00,ER03,,,
2025-10-06 11:05:00+10:00,ER04,,,
2025-10-06 11:10:00+10:00,ER01,275.5047,20.4792,0.0743333961271804
2025-10-06 11:10:00+10:00,ER02,281.6571,20.9365,0.07433329392371077
2025-10-06 11:10:00+10:00,ER03,,,
2025-10-06 11:10:00+10:00,ER04,,,
2025-10-06 11:15:00+10:00,ER01,278.6541,20.7133,0.07433337603860843
2025-10-06 11:15:00+10:00,ER02,282.0966,20.9691,0.07433304761560401
2025-10-06 11:15:00+10:00,ER03,,,
2025-10-06 11:15:00+10:00,ER04,,,
2025-10-06 11:20:00+10:00,ER04,,,
2025-10-06 11:20:00+10:00,ER03,,,
2025-10-06 11:20:00+10:00,ER02,280.2899,20.8349,0.07433339553084146
2025-10-06 11:20:00+10:00,ER01,279.5331,20.7786,0.0743332363859593
2025-10-06 11:25:00+10:00,ER01,281.2421,20.9056,0.07433311015669418
2025-10-06 11:25:00+10:00,ER02,282.9511,21.0327,0.07433333887021468
2025-10-06 11:25:00+10:00,ER03,,,
2025-10-06 11:25:00+10:00,ER04,,,
2025-10-06 11:30:00+10:00,ER01,277.5067,20.628,0.0743333404202493
2025-10-06 11:30:00+10:00,ER02,280.5585,20.8549,0.07433351689576329
2025-10-06 11:30:00+10:00,ER03,,,
2025-10-06 11:30:00+10:00,ER04,,,
2025-10-06 11:35:00+10:00,ER04,,,
2025-10-06 11:35:00+10:00,ER01,282.536,28.0896,0.09941954299629074
2025-10-06 11:35:00+10:00,ER02,284.2939,28.5442,0.1004038426431239
2025-10-06 11:35:00+10:00,ER03,,,
2025-10-06 11:40:00+10:00,ER03,,,
2025-10-06 11:40:00+10:00,ER04,,,
2025-10-06 11:40:00+10:00,ER01,284.0009,21.1107,0.07433321514121963
2025-10-06 11:40:00+10:00,ER02,285.3681,21.2124,0.07433346614425368
2025-10-06 11:45:00+10:00,ER01,278.2391,20.6824,0.07433319041069354
2025-10-06 11:45:00+10:00,ER02,279.2157,20.7551,0.07433357078416435
2025-10-06 11:45:00+10:00,ER03,,,
2025-10-06 11:45:00+10:00,ER04,,,
2025-10-06 11:50:00+10:00,ER01,276.9451,20.5863,0.07433350508819257
2025-10-06 11:50:00+10:00,ER02,282.0478,20.9656,0.07433349949902109
2025-10-06 11:50:00+10:00,ER03,,,
2025-10-06 11:50:00+10:00,ER04,,,
2025-10-06 11:55:00+10:00,ER01,281.6083,20.9329,0.07433339145188547
2025-10-06 11:55:00+10:00,ER02,285.6367,21.2324,0.07433358528508416
2025-10-06 11:55:00+10:00,ER03,,,
2025-10-06 11:55:00+10:00,ER04,,,
2025-10-06 12:00:00+10:00,ER04,,,
2025-10-06 12:00:00+10:00,ER03,,,
2025-10-06 12:00:00+10:00,ER01,277.7264,20.6444,0.07433358874057346
2025-10-06 12:00:00+10:00,ER02,280.5829,20.8567,0.07433346793407582
2025-10-06 12:05:00+10:00,ER01,276.9207,20.5844,0.07433319358213379
2025-10-06 12:05:00+10:00,ER02,282.2919,20.9837,0.07433334077244157
2025-10-06 12:05:00+10:00,ER03,,,
2025-10-06 12:05:00+10:00,ER04,,,
2025-10-06 12:10:00+10:00,ER01,283.5371,21.0763,0.0743334822850343
2025-10-06 12:10:00+10:00,ER02,286.9062,21.3267,0.07433335354899963
2025-10-06 12:10:00+10:00,ER03,,,
2025-10-06 12:10:00+10:00,ER04,,,
2025-10-06 12:15:00+10:00,ER01,282.5605,21.0037,0.07433346132952058
2025-10-06 12:15:00+10:00,ER02,283.1708,21.0491,0.07433358241739614
2025-10-06 12:15:00+10:00,ER03,,,
2025-10-06 12:15:00+10:00,ER04,,,
2025-10-06 12:20:00+10:00,ER04,,,
2025-10-06 12:20:00+10:00,ER03,,,
2025-10-06 12:20:00+10:00,ER02,284.4892,21.147,0.07433322600647055
2025-10-06 12:20:00+10:00,ER01,283.8056,21.0962,0.07433327601710465
2025-10-06 12:25:00+10:00,ER01,280.4852,20.8494,0.07433333380870005
2025-10-06 12:25:00+10:00,ER02,281.413,20.9184,0.07433345296770226
2025-10-06 12:25:00+10:00,ER03,,,
2025-10-06 12:25:00+10:00,ER04,,,
2025-10-06 12:30:00+10:00,ER01,280.1678,20.8258,0.0743333102519276
2025-10-06 12:30:00+10:00,ER02,279.2157,20.7551,0.07433357078416435
2025-10-06 12:30:00+10:00,ER03,,,
2025-10-06 12:30:00+10:00,ER04,,,
2025-10-06 12:35:00+10:00,ER04,,,
2025-10-06 12:35:00+10:00,ER01,282.1942,20.9765,0.07433356178121307
2025-10-06 12:35:00+10:00,ER02,282.9511,21.0327,0.07433333887021468
2025-10-06 12:35:00+10:00,ER03,,,
2025-10-06 12:40:00+10:00,ER04,,,
2025-10-06 12:40:00+10:00,ER03,,,
2025-10-06 12:40:00+10:00,ER02,285.8076,21.245,0.07433322276944351
2025-10-06 12:40:00+10:00,ER01,284.3671,21.138,0.07433349357221705
2025-10-06 12:45:00+10:00,ER01,277.5799,20.6335,0.0743335522492803
2025-10-06 12:45:00+10:00,ER02,281.8524,20.951,0.07433323257137424
2025-10-06 12:45:00+10:00,ER03,,,
2025-10-06 12:45:00+10:00,ER04,,,
2025-10-06 12:50:00+10:00,ER04,,,
2025-10-06 12:50:00+10:00,ER01,281.8036,20.9474,0.074333330021334
2025-10-06 12:50:00+10:00,ER02,284.0742,21.1161,0.07433304397231427
2025-10-06 12:50:00+10:00,ER03,,,
2025-10-06 12:55:00+10:00,ER03,,,
2025-10-06 12:55:00+10:00,ER04,,,
2025-10-06 12:55:00+10:00,ER01,279.4842,20.775,0.07433336124188773
2025-10-06 12:55:00+10:00,ER02,280.9491,20.8839,0.07433339348657818
2025-10-06 13:00:00+10:00,ER03,,,
2025-10-06 13:00:00+10:00,ER04,,,
2025-10-06 13:00:00+10:00,ER01,281.9013,20.9547,0.0743334635207429
2025-10-06 13:00:00+10:00,ER02,283.3906,21.0654,0.07433344648693359
2025-10-06 13:05:00+10:00,ER01,280.827,20.8749,0.07433366449807177
2025-10-06 13:05:00+10:00,ER02,280.9735,20.8857,0.0743333446036726
2025-10-06 13:05:00+10:00,ER03,,,
2025-10-06 13:05:00+10:00,ER04,,,
2025-10-06 13:10:00+10:00,ER01,281.7304,20.9419,0.07433312131030234
2025-10-06 13:10:00+10:00,ER02,282.9511,21.0327,0.07433333887021468
2025-10-06 13:10:00+10:00,ER03,,,
2025-10-06 13:10:00+10:00,ER04,,,
2025-10-06 13:15:00+10:00,ER01,284.8554,21.1743,0.07433350394621271
2025-10-06 13:15:00+10:00,ER02,282.0966,20.9691,0.07433304761560401
2025-10-06 13:15:00+10:00,ER03,,,
2025-10-06 13:15:00+10:00,ER04,,,
2025-10-06 13:20:00+10:00,ER04,,,
2025-10-06 13:20:00+10:00,ER03,,,
2025-10-06 13:20:00+10:00,ER01,281.9989,20.9619,0.07433326867587073
2025-10-06 13:20:00+10:00,ER02,282.0966,20.9691,0.07433304761560401
2025-10-06 13:25:00+10:00,ER01,282.1698,20.9747,0.07433361047142535
2025-10-06 13:25:00+10:00,ER02,286.3203,21.2831,0.07433318559669015
2025-10-06 13:25:00+10:00,ER03,,,
2025-10-06 13:25:00+10:00,ER04,,,
2025-10-06 13:30:00+10:00,ER01,282.1454,20.9728,0.07433330474287371
2025-10-06 13:30:00+10:00,ER02,285.3926,21.2142,0.07433339196601453
2025-10-06 13:30:00+10:00,ER03,,,
2025-10-06 13:30:00+10:00,ER04,,,
2025-10-06 13:35:00+10:00,ER04,,,
2025-10-06 13:35:00+10:00,ER01,282.6093,21.0073,0.07433336411788288
2025-10-06 13:35:00+10:00,ER02,284.7333,21.1652,0.07433342008117771
2025-10-06 13:35:00+10:00,ER03,,,
2025-10-06 13:40:00+10:00,ER04,,,
2025-10-06 13:40:00+10:00,ER03,,,
2025-10-06 13:40:00+10:00,ER02,281.1933,20.9021,0.07433356342416408
2025-10-06 13:40:00+10:00,ER01,276.6033,20.5609,0.07433353108947001
2025-10-06 13:45:00+10:00,ER01,281.706,20.9401,0.07433317004252661
2025-10-06 13:45:00+10:00,ER02,281.6816,20.9384,0.07433357379395744
2025-10-06 13:45:00+10:00,ER03,,,
2025-10-06 13:45:00+10:00,ER04,,,
2025-10-06 13:50:00+10:00,ER01,282.1698,20.9747,0.07433361047142535
2025-10-06 13:50:00+10:00,ER02,286.247,21.2777,0.07433335545874716
2025-10-06 13:50:00+10:00,ER03,,,
2025-10-06 13:50:00+10:00,ER04,,,
2025-10-06 13:55:00+10:00,ER01,279.0448,20.7423,0.07433322534589427
2025-10-06 13:55:00+10:00,ER02,282.2919,20.9837,0.07433334077244157
2025-10-06 13:55:00+10:00,ER03,,,
2025-10-06 13:55:00+10:00,ER04,,,
2025-10-06 14:00:00+10:00,ER04,,,
2025-10-06 14:00:00+10:00,ER03,,,
2025-10-06 14:00:00+10:00,ER02,286.0761,21.265,0.0743333679395098
2025-10-06 14:00:00+10:00,ER01,283.7079,21.0889,0.07433314334919824
2025-10-06 14:05:00+10:00,ER01,280.827,20.8749,0.07433366449807177
2025-10-06 14:05:00+10:00,ER02,280.119,20.8222,0.07433340830147186
2025-10-06 14:05:00+10:00,ER03,,,
2025-10-06 14:05:00+10:00,ER04,,,
2025-10-06 14:10:00+10:00,ER01,282.1942,20.9765,0.07433356178121307
2025-10-06 14:10:00+10:00,ER02,285.8808,21.2505,0.07433342847788307
2025-10-06 14:10:00+10:00,ER03,,,
2025-10-06 14:10:00+10:00,ER04,,,
2025-10-06 14:15:00+10:00,ER01,282.1454,20.9728,0.07433330474287371
2025-10-06 14:15:00+10:00,ER02,282.9511,21.0327,0.07433333887021468
2025-10-06 14:15:00+10:00,ER03,,,
2025-10-06 14:15:00+10:00,ER04,,,
2025-10-06 14:20:00+10:00,ER03,,,
2025-10-06 14:20:00+10:00,ER04,,,
2025-10-06 14:20:00+10:00,ER02,292.4971,21.7423,0.07433338655323421
2025-10-06 14:20:00+10:00,ER01,289.2012,21.4973,0.07433337067757673
2025-10-06 14:25:00+10:00,ER01,304.6311,22.6442,0.07433318528541571
2025-10-06 14:25:00+10:00,ER02,307.5609,22.862,0.07433324587098034
2025-10-06 14:25:00+10:00,ER03,,,
2025-10-06 14:25:00+10:00,ER04,,,
2025-10-06 14:30:00+10:00,ER01,329.6803,24.5063,0.0743335285729842
2025-10-06 14:30:00+10:00,ER02,325.5543,24.1995,0.07433322183119682
2025-10-06 14:30:00+10:00,ER03,,,
2025-10-06 14:30:00+10:00,ER04,,,
2025-10-06 14:35:00+10:00,ER01,350.042,26.0198,0.07433336571040047
2025-10-06 14:35:00+10:00,ER02,335.3689,24.9291,0.07433336841907523
2025-10-06 14:35:00+10:00,ER03,,,
2025-10-06 14:35:00+10:00,ER04,,,
2025-10-06 14:40:00+10:00,ER04,,,
2025-10-06 14:40:00+10:00,ER03,,,
2025-10-06 14:40:00+10:00,ER02,344.2069,23.3593,0.06786412474590138
2025-10-06 14:40:00+10:00,ER01,369.012,24.2158,0.06562334016237954
2025-10-06 14:45:00+10:00,ER01,392.5231,29.1776,0.07433345961040255
2025-10-06 14:45:00+10:00,ER02,344.6708,25.6206,0.07433353797304558
2025-10-06 14:45:00+10:00,ER03,,,
2025-10-06 14:45:00+10:00,ER04,,,
2025-10-06 14:50:00+10:00,ER01,413.5195,30.7383,0.07433337484689355
2025-10-06 14:50:00+10:00,ER02,357.6837,26.5878,0.07433327266520673
2025-10-06 14:50:00+10:00,ER03,,,
2025-10-06 14:50:00+10:00,ER04,,,
2025-10-06 14:55:00+10:00,ER01,431.1223,32.0468,0.07433343160397873
2025-10-06 14:55:00+10:00,ER02,345.5497,25.6859,0.07433344610051754
2025-10-06 14:55:00+10:00,ER03,,,
2025-10-06 14:55:00+10:00,ER04,,,
2025-10-06 15:00:00+10:00,ER04,,,
2025-10-06 15:00:00+10:00,ER03,,,
2025-10-06 15:00:00+10:00,ER01,453.0465,33.6765,0.07433342934996738
2025-10-06 15:00:00+10:00,ER02,339.7147,25.2522,0.07433355106505547
2025-10-06 15:05:00+10:00,ER01,470.576,34.9795,0.07433337016762435
2025-10-06 15:05:00+10:00,ER02,350.3838,26.0452,0.0743333453201889
2025-10-06 15:05:00+10:00,ER03,,,
2025-10-06 15:05:00+10:00,ER04,,,
2025-10-06 15:10:00+10:00,ER01,457.0749,33.9759,0.07433333136429063
2025-10-06 15:10:00+10:00,ER02,347.5029,25.8311,0.07433348038246587
2025-10-06 15:10:00+10:00,ER03,,,
2025-10-06 15:10:00+10:00,ER04,,,
2025-10-06 15:15:00+10:00,ER03,,,
2025-10-06 15:15:00+10:00,ER04,,,
2025-10-06 15:15:00+10:00,ER01,440.0092,32.7073,0.0743332184872498
2025-10-06 15:15:00+10:00,ER02,332.8542,24.7421,0.07433314646472841
2025-10-06 15:20:00+10:00,ER01,429.3401,31.9142,0.07433314521518022
2025-10-06 15:20:00+10:00,ER02,345.745,25.7004,0.07433339599994215
2025-10-06 15:20:00+10:00,ER03,,,
2025-10-06 15:20:00+10:00,ER04,,,
2025-10-06 15:25:00+10:00,ER01,441.5473,32.8217,0.07433337266471791
2025-10-06 15:25:00+10:00,ER02,369.8909,27.4952,0.07433326962085307
2025-10-06 15:25:00+10:00,ER03,,,
2025-10-06 15:25:00+10:00,ER04,,,
2025-10-06 15:30:00+10:00,ER04,,,
2025-10-06 15:30:00+10:00,ER01,452.192,33.613,0.07433346896893354
2025-10-06 15:30:00+10:00,ER02,386.9566,28.7638,0.07433340069661559
2025-10-06 15:30:00+10:00,ER03,,,
2025-10-06 15:35:00+10:00,ER03,,,
2025-10-06 15:35:00+10:00,ER04,,,
2025-10-06 15:35:00+10:00,ER01,479.3408,35.631,0.07433333444597247
2025-10-06 15:35:00+10:00,ER02,416.0098,30.9234,0.0743333450317757
2025-10-06 15:40:00+10:00,ER04,,,
2025-10-06 15:40:00+10:00,ER03,,,
2025-10-06 15:40:00+10:00,ER02,433.0999,32.1938,0.07433342746096225
2025-10-06 15:40:00+10:00,ER01,497.6516,36.9921,0.07433332877860736
2025-10-06 15:45:00+10:00,ER01,518.0133,38.5057,0.07433341962455405
2025-10-06 15:45:00+10:00,ER02,454.3648,33.7744,0.07433322299614759
2025-10-06 15:45:00+10:00,ER03,,,
2025-10-06 15:45:00+10:00,ER04,,,
2025-10-06 15:50:00+10:00,ER01,539.913,40.1336,0.07433345742740034
2025-10-06 15:50:00+10:00,ER02,471.6747,35.0611,0.07433322160378754
2025-10-06 15:50:00+10:00,ER03,,,
2025-10-06 15:50:00+10:00,ER04,,,
2025-10-06 15:55:00+10:00,ER01,555.4406,41.2877,0.0743332410342348
2025-10-06 15:55:00+10:00,ER02,494.4533,36.7543,0.0743332080097352
2025-10-06 15:55:00+10:00,ER03,,,
2025-10-06 15:55:00+10:00,ER04,,,
2025-10-06 16:00:00+10:00,ER04,,,
2025-10-06 16:00:00+10:00,ER03,,,
2025-10-06 16:00:00+10:00,ER02,513.7895,38.1917,0.07433336025745953
2025-10-06 16:00:00+10:00,ER01,577.731,42.9446,0.07433321043876821
2025-10-06 16:05:00+10:00,ER01,597.4334,44.4092,0.07433330644051706
2025-10-06 16:05:00+10:00,ER02,534.4686,39.7289,0.07433345943989975
2025-10-06 16:05:00+10:00,ER03,,,
2025-10-06 16:05:00+10:00,ER04,,,
2025-10-06 16:10:00+10:00,ER01,615.3048,45.7377,0.07433340354243945
2025-10-06 16:10:00+10:00,ER02,552.7306,41.0863,0.07433331898034956
2025-10-06 16:10:00+10:00,ER03,,,
2025-10-06 16:10:00+10:00,ER04,,,
2025-10-06 16:15:00+10:00,ER01,634.7631,47.184,0.07433324337851396
2025-10-06 16:15:00+10:00,ER02,574.3618,42.6942,0.07433328609249432
2025-10-06 16:15:00+10:00,ER03,,,
2025-10-06 16:15:00+10:00,ER04,,,
2025-10-06 16:20:00+10:00,ER04,,,
2025-10-06 16:20:00+10:00,ER03,,,
2025-10-06 16:20:00+10:00,ER01,636.3012,47.2984,0.07433335030642721
2025-10-06 16:20:00+10:00,ER02,580.5875,43.157,0.07433332615669472
2025-10-06 16:25:00+10:00,ER01,652.2438,48.4835,0.07433340109940485
2025-10-06 16:25:00+10:00,ER02,602.5117,44.7867,0.07433332829885296
2025-10-06 16:25:00+10:00,ER03,,,
2025-10-06 16:25:00+10:00,ER04,,,
2025-10-06 16:30:00+10:00,ER01,673.9727,50.0986,0.0743332778909294
2025-10-06 16:30:00+10:00,ER02,626.4134,46.5634,0.07433333961246678
2025-10-06 16:30:00+10:00,ER03,,,
2025-10-06 16:30:00+10:00,ER04,,,
2025-10-06 16:35:00+10:00,ER01,658.6893,48.9626,0.07433337690471062
2025-10-06 16:35:00+10:00,ER02,645.5787,47.988,0.0743333074650697
2025-10-06 16:35:00+10:00,ER03,,,
2025-10-06 16:35:00+10:00,ER04,,,
2025-10-06 16:40:00+10:00,ER02,666.2577,49.5252,0.0743333998241221
2025-10-06 16:40:00+10:00,ER04,,,
2025-10-06 16:40:00+10:00,ER01,657.3464,48.8628,0.07433341081658011
2025-10-06 16:40:00+10:00,ER03,,,
2025-10-06 16:45:00+10:00,ER01,659.9344,49.0551,0.07433329737016287
2025-10-06 16:45:00+10:00,ER02,685.9113,50.9861,0.07433337225964932
2025-10-06 16:45:00+10:00,ER03,,,
2025-10-06 16:45:00+10:00,ER04,,,
2025-10-06 16:50:00+10:00,ER01,656.6873,48.8137,0.07433324810758483
2025-10-06 16:50:00+10:00,ER02,679.2462,50.4907,0.07433343020542477
2025-10-06 16:50:00+10:00,ER03,,,
2025-10-06 16:50:00+10:00,ER04,,,
2025-10-06 16:55:00+10:00,ER03,,,
2025-10-06 16:55:00+10:00,ER01,658.0057,48.9117,0.0743332466572858
2025-10-06 16:55:00+10:00,ER02,675.6329,50.222,0.074333265890397
2025-10-06 16:55:00+10:00,ER04,,,
2025-10-06 17:00:00+10:00,ER04,,,
2025-10-06 17:00:00+10:00,ER03,,,
2025-10-06 17:00:00+10:00,ER01,658.909,48.9789,0.07433332979212608
2025-10-06 17:00:00+10:00,ER02,674.9249,50.1694,0.07433330730574617
2025-10-06 17:05:00+10:00,ER01,657.1999,48.8519,0.07433339536418068
2025-10-06 17:05:00+10:00,ER02,674.8028,50.1604,0.07433342007472406
2025-10-06 17:05:00+10:00,ER03,,,
2025-10-06 17:05:00+10:00,ER04,,,
2025-10-06 17:10:00+10:00,ER01,651.3649,48.4181,0.07433329612940458
2025-10-06 17:10:00+10:00,ER02,671.6533,49.9262,0.074333290702212
2025-10-06 17:10:00+10:00,ER03,,,
2025-10-06 17:10:00+10:00,ER04,,,
2025-10-06 17:15:00+10:00,ER01,656.2478,48.7811,0.0743333539556247
2025-10-06 17:15:00+10:00,ER02,674.5586,50.1422,0.07433334924497294
2025-10-06 17:15:00+10:00,ER03,,,
2025-10-06 17:15:00+10:00,ER04,,,
2025-10-06 17:20:00+10:00,ER03,,,
2025-10-06 17:20:00+10:00,ER04,,,
2025-10-06 17:20:00+10:00,ER01,655.7839,48.7466,0.07433332840284734
2025-10-06 17:20:00+10:00,ER02,674.5586,50.1422,0.07433334924497294
2025-10-06 17:25:00+10:00,ER01,650.7546,48.3727,0.0743332432840275
2025-10-06 17:25:00+10:00,ER02,673.6553,50.075,0.07433326806751168
2025-10-06 17:25:00+10:00,ER03,,,
2025-10-06 17:25:00+10:00,ER04,,,
2025-10-06 17:30:00+10:00,ER01,656.0525,48.7665,0.07433322790477896
2025-10-06 17:30:00+10:00,ER02,675.2667,50.1948,0.07433329675519317
2025-10-06 17:30:00+10:00,ER03,,,
2025-10-06 17:30:00+10:00,ER04,,,
2025-10-06 17:35:00+10:00,ER04,,,
2025-10-06 17:35:00+10:00,ER03,,,
2025-10-06 17:35:00+10:00,ER02,674.6075,50.1458,0.07433329751003362
2025-10-06 17:35:00+10:00,ER01,654.5144,48.6523,0.07433342948604339
2025-10-06 17:40:00+10:00,ER04,,,
2025-10-06 17:40:00+10:00,ER03,,,
2025-10-06 17:40:00+10:00,ER01,655.5886,48.7321,0.0743333547898789
2025-10-06 17:40:00+10:00,ER02,674.8028,50.1604,0.07433342007472406
2025-10-06 17:45:00+10:00,ER01,656.2234,38.1045,0.05806635362286685
2025-10-06 17:45:00+10:00,ER02,673.6553,37.8305,0.056157058365012495
2025-10-06 17:45:00+10:00,ER03,,,
2025-10-06 17:45:00+10:00,ER04,,,
2025-10-06 17:50:00+10:00,ER04,,,
2025-10-06 17:50:00+10:00,ER01,658.2254,48.9281,0.07433335146288794
2025-10-06 17:50:00+10:00,ER02,674.754,50.1567,0.074333312585031
2025-10-06 17:50:00+10:00,ER03,,,
2025-10-06 17:55:00+10:00,ER04,,,
2025-10-06 17:55:00+10:00,ER03,,,
2025-10-06 17:55:00+10:00,ER02,675.4376,50.2076,0.07433343953608743
2025-10-06 17:55:00+10:00,ER01,655.1492,48.6995,0.07433344954095954
2025-10-06 18:00:00+10:00,ER04,,,
2025-10-06 18:00:00+10:00,ER01,659.1287,48.9952,0.07433328271094855
2025-10-06 18:00:00+10:00,ER02,675.1446,50.1857,0.07433326134875402
2025-10-06 18:00:00+10:00,ER03,,,
2025-10-06 18:05:00+10:00,ER03,,,
2025-10-06 18:05:00+10:00,ER04,,,
2025-10-06 18:05:00+10:00,ER01,657.3464,48.8628,0.07433341081658011
2025-10-06 18:05:00+10:00,ER02,674.1924,50.115,0.07433338020422657
2025-10-06 18:10:00+10:00,ER03,,,
2025-10-06 18:10:00+10:00,ER04,,,
2025-10-06 18:10:00+10:00,ER01,659.1287,48.9952,0.07433328271094855
2025-10-06 18:10:00+10:00,ER02,675.0958,50.1821,0.07433330202913423
2025-10-06 18:15:00+10:00,ER04,,,
2025-10-06 18:15:00+10:00,ER03,,,
2025-10-06 18:15:00+10:00,ER02,674.6563,50.1495,0.07433340502415824
2025-10-06 18:15:00+10:00,ER01,656.8826,48.8283,0.07433337403061065
2025-10-06 18:20:00+10:00,ER01,656.0769,48.7684,0.07433335939735113
2025-10-06 18:20:00+10:00,ER02,674.5342,50.1404,0.07433336960527724
2025-10-06 18:20:00+10:00,ER03,,,
2025-10-06 18:20:00+10:00,ER04,,,
2025-10-06 18:25:00+10:00,ER01,660.2274,49.0769,0.0743333281835925
2025-10-06 18:25:00+10:00,ER02,674.8272,50.1622,0.07433339972069887
2025-10-06 18:25:00+10:00,ER03,,,
2025-10-06 18:25:00+10:00,ER04,,,
2025-10-06 18:30:00+10:00,ER01,654.9539,48.6849,0.07433332330718238
2025-10-06 18:30:00+10:00,ER02,673.9727,50.0986,0.0743332778909294
2025-10-06 18:30:00+10:00,ER03,,,
2025-10-06 18:30:00+10:00,ER04,,,
2025-10-06 18:35:00+10:00,ER04,,,
2025-10-06 18:35:00+10:00,ER03,,,
2025-10-06 18:35:00+10:00,ER01,654.9539,48.6849,0.07433332330718238
2025-10-06 18:35:00+10:00,ER02,673.8018,50.0859,0.07433328317021416
2025-10-06 18:40:00+10:00,ER01,659.5682,49.0279,0.07433332898705547
2025-10-06 18:40:00+10:00,ER02,674.461,50.1349,0.07433328242848734
2025-10-06 18:40:00+10:00,ER03,,,
2025-10-06 18:40:00+10:00,ER04,,,
2025-10-06 18:45:00+10:00,ER01,652.2438,48.4835,0.07433340109940485
2025-10-06 18:45:00+10:00,ER02,674.6319,50.1476,0.07433327715454902
2025-10-06 18:45:00+10:00,ER03,,,
2025-10-06 18:45:00+10:00,ER04,,,
2025-10-06 18:50:00+10:00,ER01,656.4919,48.7993,0.07433343808202356
2025-10-06 18:50:00+10:00,ER02,674.6075,50.1458,0.07433329751003362
2025-10-06 18:50:00+10:00,ER03,,,
2025-10-06 18:50:00+10:00,ER04,,,
2025-10-06 18:55:00+10:00,ER04,,,
2025-10-06 18:55:00+10:00,ER03,,,
2025-10-06 18:55:00+10:00,ER01,656.8826,48.8283,0.07433337403061065
2025-10-06 18:55:00+10:00,ER02,674.6319,50.1476,0.07433327715454902
2025-10-06 19:00:00+10:00,ER01,672.8252,50.0134,0.0743334227077107
2025-10-06 19:00:00+10:00,ER02,673.7285,50.0804,0.07433320692237302
2025-10-06 19:00:00+10:00,ER03,,,
2025-10-06 19:00:00+10:00,ER04,,,
2025-10-06 19:05:00+10:00,ER01,674.8272,50.1622,0.07433339972069887
2025-10-06 19:05:00+10:00,ER02,682.5666,50.7374,0.07433325920137317
2025-10-06 19:05:00+10:00,ER03,,,
2025-10-06 19:05:00+10:00,ER04,,,
2025-10-06 19:10:00+10:00,ER02,682.3225,50.7193,0.07433332478410136
2025-10-06 19:10:00+10:00,ER01,677.0489,50.3273,0.07433333101936951
2025-10-06 19:10:00+10:00,ER03,,,
2025-10-06 19:10:00+10:00,ER04,,,
2025-10-06 19:15:00+10:00,ER04,,,
2025-10-06 19:15:00+10:00,ER03,,,
2025-10-06 19:15:00+10:00,ER01,679.7345,50.5269,0.07433328748209779
2025-10-06 19:15:00+10:00,ER02,684.7883,50.9026,0.07433333776292614
2025-10-06 19:20:00+10:00,ER04,,,
2025-10-06 19:20:00+10:00,ER01,680.1007,50.5542,0.07433340386210455
2025-10-06 19:20:00+10:00,ER02,684.9836,50.9171,0.07433331250558407
2025-10-06 19:20:00+10:00,ER03,,,
2025-10-06 19:25:00+10:00,ER03,,,
2025-10-06 19:25:00+10:00,ER04,,,
2025-10-06 19:25:00+10:00,ER01,675.7305,50.2293,0.07433333259339338
2025-10-06 19:25:00+10:00,ER02,683.2258,50.7865,0.07433340485678379
2025-10-06 19:30:00+10:00,ER04,,,
2025-10-06 19:30:00+10:00,ER03,,,
2025-10-06 19:30:00+10:00,ER02,681.7364,50.6758,0.074333422712943
2025-10-06 19:30:00+10:00,ER01,674.9981,50.1748,0.07433324627135987
2025-10-06 19:35:00+10:00,ER01,676.3409,50.2746,0.07433322456175576
2025-10-06 19:35:00+10:00,ER02,684.3488,50.87,0.07433343932217021
2025-10-06 19:35:00+10:00,ER03,,,
2025-10-06 19:35:00+10:00,ER04,,,
2025-10-06 19:40:00+10:00,ER01,677.4883,50.36,0.07433338701199711
2025-10-06 19:40:00+10:00,ER02,684.9836,50.9171,0.07433331250558407
2025-10-06 19:40:00+10:00,ER03,,,
2025-10-06 19:40:00+10:00,ER04,,,
2025-10-06 19:45:00+10:00,ER01,677.9034,50.3908,0.07433330471568662
2025-10-06 19:45:00+10:00,ER02,684.5685,50.8863,0.07433339395546246
2025-10-06 19:45:00+10:00,ER03,,,
2025-10-06 19:45:00+10:00,ER04,,,
2025-10-06 19:50:00+10:00,ER04,,,
2025-10-06 19:50:00+10:00,ER03,,,
2025-10-06 19:50:00+10:00,ER01,677.0001,50.3237,0.07433337159034394
2025-10-06 19:50:00+10:00,ER02,684.5441,50.8844,0.07433326793701092
2025-10-06 19:55:00+10:00,ER01,679.9542,50.5433,0.07433338892531291
2025-10-06 19:55:00+10:00,ER02,684.5441,50.8844,0.07433326793701092
2025-10-06 19:55:00+10:00,ER03,,,
2025-10-06 19:55:00+10:00,ER04,,,
2025-10-06 20:00:00+10:00,ER01,678.3429,50.4235,0.07433334969673892
2025-10-06 20:00:00+10:00,ER02,684.715,50.8972,0.07433340879051868
2025-10-06 20:00:00+10:00,ER03,,,
2025-10-06 20:00:00+10:00,ER04,,,
2025-10-06 20:05:00+10:00,ER03,,,
2025-10-06 20:05:00+10:00,ER04,,,
2025-10-06 20:05:00+10:00,ER02,684.715,50.8972,0.07433340879051868
2025-10-06 20:05:00+10:00,ER01,677.879,50.389,0.07433332497392603
2025-10-06 20:10:00+10:00,ER01,677.4883,50.36,0.07433338701199711
2025-10-06 20:10:00+10:00,ER02,684.6662,50.8935,0.07433330285619474
2025-10-06 20:10:00+10:00,ER03,,,
2025-10-06 20:10:00+10:00,ER04,,,
2025-10-06 20:15:00+10:00,ER04,,,
2025-10-06 20:15:00+10:00,ER01,680.3693,50.5741,0.07433330692610617
2025-10-06 20:15:00+10:00,ER02,685.1545,50.9298,0.07433330730514066
2025-10-06 20:15:00+10:00,ER03,,,
2025-10-06 20:20:00+10:00,ER04,,,
2025-10-06 20:20:00+10:00,ER03,,,
2025-10-06 20:20:00+10:00,ER02,684.8371,50.9063,0.07433344367587563
2025-10-06 20:20:00+10:00,ER01,679.881,50.5378,0.07433330244557504
2025-10-06 20:25:00+10:00,ER04,,,
2025-10-06 20:25:00+10:00,ER01,679.7345,50.5269,0.07433328748209779
2025-10-06 20:25:00+10:00,ER02,684.5441,50.8844,0.07433326793701092
2025-10-06 20:25:00+10:00,ER03,,,
2025-10-06 20:30:00+10:00,ER03,,,
2025-10-06 20:30:00+10:00,ER04,,,
2025-10-06 20:30:00+10:00,ER01,672.8008,50.0115,0.07433329449073188
2025-10-06 20:30:00+10:00,ER02,680.7843,50.6049,0.07433323594565856
2025-10-06 20:35:00+10:00,ER03,,,
2025-10-06 20:35:00+10:00,ER04,,,
2025-10-06 20:35:00+10:00,ER01,671.4824,49.9136,0.07433344492722371
2025-10-06 20:35:00+10:00,ER02,680.7355,50.6014,0.07433342318712627
2025-10-06 20:40:00+10:00,ER03,,,
2025-10-06 20:40:00+10:00,ER04,,,
2025-10-06 20:40:00+10:00,ER01,679.6857,50.5233,0.07433332788964075
2025-10-06 20:40:00+10:00,ER02,684.8127,50.9044,0.07433331770862311
2025-10-06 20:45:00+10:00,ER03,,,
2025-10-06 20:45:00+10:00,ER04,,,
2025-10-06 20:45:00+10:00,ER01,679.9298,50.5414,0.07433326205146473
2025-10-06 20:45:00+10:00,ER02,685.0812,50.9244,0.07433337829150763
2025-10-06 20:50:00+10:00,ER03,,,
2025-10-06 20:50:00+10:00,ER04,,,
2025-10-06 20:50:00+10:00,ER01,678.3429,49.6014,0.07312142575679645
2025-10-06 20:50:00+10:00,ER02,685.5207,50.516,0.0736899702663975
2025-10-06 20:55:00+10:00,ER04,,,
2025-10-06 20:55:00+10:00,ER03,,,
2025-10-06 20:55:00+10:00,ER02,684.3488,50.87,0.07433343932217021
2025-10-06 20:55:00+10:00,ER01,679.7345,50.5269,0.07433328748209779
2025-10-06 21:00:00+10:00,ER01,673.9238,50.095,0.0743333296731767
2025-10-06 21:00:00+10:00,ER02,681.6632,50.6703,0.07433333646293361
2025-10-06 21:00:00+10:00,ER03,,,
2025-10-06 21:00:00+10:00,ER04,,,
2025-10-06 21:05:00+10:00,ER01,673.46,50.0606,0.07433344222374008
2025-10-06 21:05:00+10:00,ER02,680.5646,50.5886,0.07433328151361383
2025-10-06 21:05:00+10:00,ER03,,,
2025-10-06 21:05:00+10:00,ER04,,,
2025-10-06 21:10:00+10:00,ER03,,,
2025-10-06 21:10:00+10:00,ER04,,,
2025-10-06 21:10:00+10:00,ER01,676.7803,50.3074,0.07433342844051459
2025-10-06 21:10:00+10:00,ER02,684.5441,50.8844,0.07433326793701092
2025-10-06 21:15:00+10:00,ER01,677.7081,50.3763,0.07433333023465413
2025-10-06 21:15:00+10:00,ER02,684.0803,50.85,0.07433337869837796
2025-10-06 21:15:00+10:00,ER03,,,
2025-10-06 21:15:00+10:00,ER04,,,
2025-10-06 21:20:00+10:00,ER01,673.9727,50.0986,0.0743332778909294
2025-10-06 21:20:00+10:00,ER02,683.006,50.7701,0.07433331478786424
2025-10-06 21:20:00+10:00,ER03,,,
2025-10-06 21:20:00+10:00,ER04,,,
2025-10-06 21:25:00+10:00,ER04,,,
2025-10-06 21:25:00+10:00,ER01,679.0265,50.4743,0.07433332866979418
2025-10-06 21:25:00+10:00,ER02,684.8127,50.9044,0.07433331770862311
2025-10-06 21:25:00+10:00,ER03,,,
2025-10-06 21:30:00+10:00,ER03,,,
2025-10-06 21:30:00+10:00,ER04,,,
2025-10-06 21:30:00+10:00,ER01,679.6612,50.5215,0.07433335903241203
2025-10-06 21:30:00+10:00,ER02,684.3488,50.87,0.07433343932217021
2025-10-06 21:35:00+10:00,ER01,678.0255,50.3999,0.07433333997025186
2025-10-06 21:35:00+10:00,ER02,685.2521,50.937,0.07433322714370375
2025-10-06 21:35:00+10:00,ER03,,,
2025-10-06 21:35:00+10:00,ER04,,,
2025-10-06 21:40:00+10:00,ER01,672.3125,49.9752,0.07433328995072976
2025-10-06 21:40:00+10:00,ER02,685.0324,50.9207,0.07433327241164067
2025-10-06 21:40:00+10:00,ER03,,,
2025-10-06 21:40:00+10:00,ER04,,,
2025-10-06 21:45:00+10:00,ER01,677.2442,50.3418,0.07433330547533666
2025-10-06 21:45:00+10:00,ER02,684.9836,50.9171,0.07433331250558407
2025-10-06 21:45:00+10:00,ER03,,,
2025-10-06 21:45:00+10:00,ER04,,,
2025-10-06 21:50:00+10:00,ER04,,,
2025-10-06 21:50:00+10:00,ER03,,,
2025-10-06 21:50:00+10:00,ER02,680.4913,50.5832,0.07433335297600424
2025-10-06 21:50:00+10:00,ER01,672.9961,50.026,0.07433326879605989
2025-10-06 21:55:00+10:00,ER01,679.6857,50.5233,0.07433332788964075
2025-10-06 21:55:00+10:00,ER02,685.2521,50.937,0.07433322714370375
2025-10-06 21:55:00+10:00,ER03,,,
2025-10-06 21:55:00+10:00,ER04,,,
2025-10-06 22:00:00+10:00,ER01,675.2667,50.1948,0.07433329675519317
2025-10-06 22:00:00+10:00,ER02,684.9103,50.9117,0.07433338351022024
2025-10-06 22:00:00+10:00,ER03,,,
2025-10-06 22:00:00+10:00,ER04,,,
2025-10-06 22:05:00+10:00,ER04,,,
2025-10-06 22:05:00+10:00,ER01,679.7345,50.5269,0.07433328748209779
2025-10-06 22:05:00+10:00,ER02,684.7394,50.8989,0.07433324269057687
2025-10-06 22:05:00+10:00,ER03,,,
2025-10-06 22:10:00+10:00,ER03,,,
2025-10-06 22:10:00+10:00,ER04,,,
2025-10-06 22:10:00+10:00,ER01,679.7589,50.5288,0.07433341439148497
2025-10-06 22:10:00+10:00,ER02,684.8127,50.9044,0.07433331770862311
2025-10-06 22:15:00+10:00,ER01,677.9034,50.3908,0.07433330471568662
2025-10-06 22:15:00+10:00,ER02,684.3976,50.8735,0.0743332530680996
2025-10-06 22:15:00+10:00,ER03,,,
2025-10-06 22:15:00+10:00,ER04,,,
2025-10-06 22:20:00+10:00,ER01,679.0265,50.4743,0.07433332866979418
2025-10-06 22:20:00+10:00,ER02,684.6174,50.8898,0.07433319690676866
2025-10-06 22:20:00+10:00,ER03,,,
2025-10-06 22:20:00+10:00,ER04,,,
2025-10-06 22:25:00+10:00,ER01,679.9298,50.5414,0.07433326205146473
2025-10-06 22:25:00+10:00,ER02,684.8127,50.9044,0.07433331770862311
2025-10-06 22:25:00+10:00,ER03,,,
2025-10-06 22:25:00+10:00,ER04,,,
2025-10-06 22:30:00+10:00,ER04,,,
2025-10-06 22:30:00+10:00,ER03,,,
2025-10-06 22:30:00+10:00,ER01,678.3429,50.4235,0.07433334969673892
2025-10-06 22:30:00+10:00,ER02,685.0324,50.9207,0.07433327241164067
2025-10-06 22:35:00+10:00,ER01,675.7061,50.2274,0.07433320492444867
2025-10-06 22:35:00+10:00,ER02,684.9103,50.9117,0.07433338351022024
2025-10-06 22:35:00+10:00,ER03,,,
2025-10-06 22:35:00+10:00,ER04,,,
2025-10-06 22:40:00+10:00,ER01,679.295,50.4942,0.07433324255294092
2025-10-06 22:40:00+10:00,ER02,684.3,50.8663,0.07433333333333335
2025-10-06 22:40:00+10:00,ER03,,,
2025-10-06 22:40:00+10:00,ER04,,,
2025-10-06 22:45:00+10:00,ER01,675.9503,50.2456,0.07433327568609704
2025-10-06 22:45:00+10:00,ER02,683.4943,50.8064,0.07433331923909241
2025-10-06 22:45:00+10:00,ER03,,,
2025-10-06 22:45:00+10:00,ER04,,,
2025-10-06 22:50:00+10:00,ER04,,,
2025-10-06 22:50:00+10:00,ER03,,,
2025-10-06 22:50:00+10:00,ER02,684.8371,50.9063,0.07433344367587563
2025-10-06 22:50:00+10:00,ER01,679.6857,50.5233,0.07433332788964075
2025-10-06 22:55:00+10:00,ER01,670.4814,49.8392,0.07433345652839884
2025-10-06 22:55:00+10:00,ER02,678.7823,50.4562,0.07433340557053418
2025-10-06 22:55:00+10:00,ER03,,,
2025-10-06 22:55:00+10:00,ER04,,,
2025-10-06 23:00:00+10:00,ER01,679.7345,50.5269,0.07433328748209779
2025-10-06 23:00:00+10:00,ER02,684.3488,50.87,0.07433343932217021
2025-10-06 23:00:00+10:00,ER03,,,
2025-10-06 23:00:00+10:00,ER04,,,
2025-10-06 23:05:00+10:00,ER04,,,
2025-10-06 23:05:00+10:00,ER01,672.5811,49.9952,0.0743333406187001
2025-10-06 23:05:00+10:00,ER02,679.6612,50.5215,0.07433335903241203
2025-10-06 23:05:00+10:00,ER03,,,
2025-10-06 23:10:00+10:00,ER04,,,
2025-10-06 23:10:00+10:00,ER03,,,
2025-10-06 23:10:00+10:00,ER02,685.0324,50.9207,0.07433327241164067
2025-10-06 23:10:00+10:00,ER01,680.1251,50.556,0.07433338366721064
2025-10-06 23:15:00+10:00,ER01,677.6836,50.3745,0.07433336146839027
2025-10-06 23:15:00+10:00,ER02,685.2766,50.9389,0.07433334218620627
2025-10-06 23:15:00+10:00,ER03,,,
2025-10-06 23:15:00+10:00,ER04,,,
2025-10-06 23:20:00+10:00,ER04,,,
2025-10-06 23:20:00+10:00,ER01,674.8028,50.1604,0.07433342007472406
2025-10-06 23:20:00+10:00,ER02,682.8107,50.7556,0.07433334011901102
2025-10-06 23:20:00+10:00,ER03,,,
2025-10-06 23:25:00+10:00,ER03,,,
2025-10-06 23:25:00+10:00,ER04,,,
2025-10-06 23:25:00+10:00,ER01,679.7345,50.5269,0.07433328748209779
2025-10-06 23:25:00+10:00,ER02,684.7883,50.9026,0.07433333776292614
2025-10-06 23:30:00+10:00,ER03,,,
2025-10-06 23:30:00+10:00,ER04,,,
2025-10-06 23:30:00+10:00,ER01,679.6857,50.5233,0.07433332788964075
2025-10-06 23:30:00+10:00,ER02,684.3,50.8663,0.07433333333333335
2025-10-06 23:35:00+10:00,ER01,678.3429,50.4235,0.07433334969673892
2025-10-06 23:35:00+10:00,ER02,685.4719,50.9534,0.07433331694559617
2025-10-06 23:35:00+10:00,ER03,,,
2025-10-06 23:35:00+10:00,ER04,,,
2025-10-06 23:40:00+10:00,ER01,679.0509,50.4761,0.07433330844565555
2025-10-06 23:40:00+10:00,ER02,685.2521,50.937,0.07433322714370375
2025-10-06 23:40:00+10:00,ER03,,,
2025-10-06 23:40:00+10:00,ER04,,,
2025-10-06 23:45:00+10:00,ER01,677.0001,50.3237,0.07433337159034394
2025-10-06 23:45:00+10:00,ER02,683.9094,50.8372,0.0743332377066319
2025-10-06 23:45:00+10:00,ER03,,,
2025-10-06 23:45:00+10:00,ER04,,,
2025-10-06 23:50:00+10:00,ER04,,,
2025-10-06 23:50:00+10:00,ER03,,,
2025-10-06 23:50:00+10:00,ER01,676.0967,50.34,0.07445680477363667
2025-10-06 23:50:00+10:00,ER02,685.008,50.938,0.07436117534393759
2025-10-06 23:55:00+10:00,ER01,677.9034,50.3908,0.07433330471568662
2025-10-06 23:55:00+10:00,ER02,685.4475,50.9516,0.07433333698058568
2025-10-06 23:55:00+10:00,ER03,,,
2025-10-06 23:55:00+10:00,ER04,,,
2025-10-07 00:00:00+10:00,ER01,677.6836,50.3745,0.07433336146839027
2025-10-07 00:00:00+10:00,ER02,684.5197,50.8826,0.07433328799740899
2025-10-07 00:00:00+10:00,ER03,,,
2025-10-07 00:00:00+10:00,ER04,,,
2025-10-07 00:05:00+10:00,ER04,,,
2025-10-07 00:05:00+10:00,ER01,679.6612,50.5215,0.07433335903241203
2025-10-07 00:05:00+10:00,ER02,684.715,50.8972,0.07433340879051868
2025-10-07 00:05:00+10:00,ER03,,,
2025-10-07 00:10:00+10:00,ER04,,,
2025-10-07 00:10:00+10:00,ER03,,,
2025-10-07 00:10:00+10:00,ER02,684.5197,50.8826,0.07433328799740899
2025-10-07 00:10:00+10:00,ER01,678.8312,50.4598,0.07433335415343315
2025-10-07 00:15:00+10:00,ER01,676.0967,50.2565,0.07433330173035899
2025-10-07 00:15:00+10:00,ER02,685.008,50.9189,0.0743332924578983
2025-10-07 00:15:00+10:00,ER03,,,
2025-10-07 00:15:00+10:00,ER04,,,
2025-10-07 00:20:00+10:00,ER01,675.7061,50.2274,0.07433320492444867
2025-10-07 00:20:00+10:00,ER02,684.9103,50.9117,0.07433338351022024
2025-10-07 00:20:00+10:00,ER03,,,
2025-10-07 00:20:00+10:00,ER04,,,
2025-10-07 00:25:00+10:00,ER01,672.166,49.9643,0.07433327481604246
2025-10-07 00:25:00+10:00,ER02,684.8859,50.9098,0.0743332575542875
2025-10-07 00:25:00+10:00,ER03,,,
2025-10-07 00:25:00+10:00,ER04,,,
2025-10-07 00:30:00+10:00,ER04,,,
2025-10-07 00:30:00+10:00,ER03,,,
2025-10-07 00:30:00+10:00,ER02,676.9756,50.3218,0.07433325514243054
2025-10-07 00:30:00+10:00,ER01,669.9443,49.7992,0.07433334383171855
2025-10-07 00:35:00+10:00,ER01,674.5586,50.1422,0.07433334924497294
2025-10-07 00:35:00+10:00,ER02,679.8566,50.536,0.07433332264480481
2025-10-07 00:35:00+10:00,ER03,,,
2025-10-07 00:35:00+10:00,ER04,,,
2025-10-07 00:40:00+10:00,ER01,678.0743,50.4035,0.07433329946290547
2025-10-07 00:40:00+10:00,ER02,684.7394,50.8989,0.07433324269057687
2025-10-07 00:40:00+10:00,ER03,,,
2025-10-07 00:40:00+10:00,ER04,,,
2025-10-07 00:45:00+10:00,ER01,671.2627,49.8972,0.07433334222205405
2025-10-07 00:45:00+10:00,ER02,680.4669,50.5814,0.07433337315892956
2025-10-07 00:45:00+10:00,ER03,,,
2025-10-07 00:45:00+10:00,ER04,,,
2025-10-07 00:50:00+10:00,ER03,,,
2025-10-07 00:50:00+10:00,ER04,,,
2025-10-07 00:50:00+10:00,ER02,679.5636,50.5142,0.07433329271903322
2025-10-07 00:50:00+10:00,ER01,670.6523,49.8518,0.07433330207023818
2025-10-07 00:55:00+10:00,ER01,679.0509,50.4761,0.07433330844565555
2025-10-07 00:55:00+10:00,ER02,685.0812,50.9244,0.07433337829150763
2025-10-07 00:55:00+10:00,ER03,,,
2025-10-07 00:55:00+10:00,ER04,,,
2025-10-07 01:00:00+10:00,ER01,675.7305,50.2293,0.07433333259339338
2025-10-07 01:00:00+10:00,ER02,685.008,50.9189,0.0743332924578983
2025-10-07 01:00:00+10:00,ER03,,,
2025-10-07 01:00:00+10:00,ER04,,,
2025-10-07 01:05:00+10:00,ER01,680.3693,50.5741,0.07433330692610617
2025-10-07 01:05:00+10:00,ER02,685.2521,50.937,0.07433322714370375
2025-10-07 01:05:00+10:00,ER03,,,
2025-10-07 01:05:00+10:00,ER04,,,
2025-10-07 01:10:00+10:00,ER04,,,
2025-10-07 01:10:00+10:00,ER03,,,
2025-10-07 01:10:00+10:00,ER01,678.8556,50.4616,0.07433333392256027
2025-10-07 01:10:00+10:00,ER02,684.3732,50.8717,0.07433327313226175
2025-10-07 01:15:00+10:00,ER01,679.0509,50.4761,0.07433330844565555
2025-10-07 01:15:00+10:00,ER02,684.3976,50.8735,0.0743332530680996
2025-10-07 01:15:00+10:00,ER03,,,
2025-10-07 01:15:00+10:00,ER04,,,
2025-10-07 01:20:00+10:00,ER01,678.1476,50.409,0.07433337521212197
2025-10-07 01:20:00+10:00,ER02,683.8361,50.8318,0.07433330881478764
2025-10-07 01:20:00+10:00,ER03,,,
2025-10-07 01:20:00+10:00,ER04,,,
2025-10-07 01:25:00+10:00,ER01,676.878,50.3146,0.07433333628807554
2025-10-07 01:25:00+10:00,ER02,685.008,50.9189,0.0743332924578983
2025-10-07 01:25:00+10:00,ER03,,,
2025-10-07 01:25:00+10:00,ER04,,,
2025-10-07 01:30:00+10:00,ER04,,,
2025-10-07 01:30:00+10:00,ER03,,,
2025-10-07 01:30:00+10:00,ER02,684.7394,50.8989,0.07433324269057687
2025-10-07 01:30:00+10:00,ER01,679.7833,50.5306,0.074333394186059
2025-10-07 01:35:00+10:00,ER01,677.4883,50.36,0.07433338701199711
2025-10-07 01:35:00+10:00,ER02,685.5207,50.957,0.07433327687989583
2025-10-07 01:35:00+10:00,ER03,,,
2025-10-07 01:35:00+10:00,ER04,,,
2025-10-07 01:40:00+10:00,ER01,678.1232,50.4072,0.07433339546560272
2025-10-07 01:40:00+10:00,ER02,684.3488,50.87,0.07433343932217021
2025-10-07 01:40:00+10:00,ER03,,,
2025-10-07 01:40:00+10:00,ER04,,,
2025-10-07 01:45:00+10:00,ER01,675.7061,50.2274,0.07433320492444867
2025-10-07 01:45:00+10:00,ER02,684.3732,50.8717,0.07433327313226175
2025-10-07 01:45:00+10:00,ER03,,,
2025-10-07 01:45:00+10:00,ER04,,,
2025-10-07 01:50:00+10:00,ER04,,,
2025-10-07 01:50:00+10:00,ER03,,,
2025-10-07 01:50:00+10:00,ER02,684.0803,50.85,0.07433337869837796
2025-10-07 01:50:00+10:00,ER01,676.3409,50.2746,0.07433322456175576
2025-10-07 01:55:00+10:00,ER01,676.8536,50.3128,0.07433335657814334
2025-10-07 01:55:00+10:00,ER02,682.5422,50.7356,0.07433327931957907
2025-10-07 01:55:00+10:00,ER03,,,
2025-10-07 01:55:00+10:00,ER04,,,
2025-10-07 02:00:00+10:00,ER01,677.6836,50.3745,0.07433336146839027
2025-10-07 02:00:00+10:00,ER02,683.4943,50.8064,0.07433331923909241
2025-10-07 02:00:00+10:00,ER03,,,
2025-10-07 02:00:00+10:00,ER04,,,
2025-10-07 02:05:00+10:00,ER01,675.2423,50.193,0.0743333170922497
2025-10-07 02:05:00+10:00,ER02,680.9308,50.6158,0.07433325089715431
2025-10-07 02:05:00+10:00,ER03,,,
2025-10-07 02:05:00+10:00,ER04,,,
2025-10-07 02:10:00+10:00,ER04,,,
2025-10-07 02:10:00+10:00,ER03,,,
2025-10-07 02:10:00+10:00,ER02,685.1789,50.9316,0.07433328726264046
2025-10-07 02:10:00+10:00,ER01,678.5626,50.4398,0.07433330395751254
2025-10-07 02:15:00+10:00,ER01,678.5626,50.4398,0.07433330395751254
2025-10-07 02:15:00+10:00,ER02,684.5685,50.8863,0.07433339395546246
2025-10-07 02:15:00+10:00,ER03,,,
2025-10-07 02:15:00+10:00,ER04,,,
2025-10-07 02:20:00+10:00,ER01,678.8312,50.4598,0.07433335415343315
2025-10-07 02:20:00+10:00,ER02,685.301,50.9407,0.0743333221460351
2025-10-07 02:20:00+10:00,ER03,,,
2025-10-07 02:20:00+10:00,ER04,,,
2025-10-07 02:25:00+10:00,ER01,673.5332,50.066,0.07433338104194419
2025-10-07 02:25:00+10:00,ER02,685.0324,50.9207,0.07433327241164067
2025-10-07 02:25:00+10:00,ER03,,,
2025-10-07 02:25:00+10:00,ER04,,,
2025-10-07 02:30:00+10:00,ER04,,,
2025-10-07 02:30:00+10:00,ER03,,,
2025-10-07 02:30:00+10:00,ER01,679.7345,50.5269,0.07433328748209779
2025-10-07 02:30:00+10:00,ER02,684.8127,50.9044,0.07433331770862311
2025-10-07 02:35:00+10:00,ER01,678.8312,50.4598,0.07433335415343315
2025-10-07 02:35:00+10:00,ER02,684.7394,50.8989,0.07433324269057687
2025-10-07 02:35:00+10:00,ER03,,,
2025-10-07 02:35:00+10:00,ER04,,,
2025-10-07 02:40:00+10:00,ER01,678.6114,50.4435,0.07433341084455698
2025-10-07 02:40:00+10:00,ER02,684.3,50.8663,0.07433333333333335
2025-10-07 02:40:00+10:00,ER03,,,
2025-10-07 02:40:00+10:00,ER04,,,
2025-10-07 02:45:00+10:00,ER01,677.2442,50.3418,0.07433330547533666
2025-10-07 02:45:00+10:00,ER02,684.5197,50.8826,0.07433328799740899
2025-10-07 02:45:00+10:00,ER03,,,
2025-10-07 02:45:00+10:00,ER04,,,
2025-10-07 02:50:00+10:00,ER04,,,
2025-10-07 02:50:00+10:00,ER03,,,
2025-10-07 02:50:00+10:00,ER02,684.8371,50.9063,0.07433344367587563
2025-10-07 02:50:00+10:00,ER01,679.295,50.4942,0.07433324255294092
2025-10-07 02:55:00+10:00,ER01,679.7589,50.5288,0.07433341439148497
2025-10-07 02:55:00+10:00,ER02,684.7883,50.9026,0.07433333776292614
2025-10-07 02:55:00+10:00,ER03,,,
2025-10-07 02:55:00+10:00,ER04,,,
2025-10-07 03:00:00+10:00,ER01,679.2462,50.4907,0.07433343020542477
2025-10-07 03:00:00+10:00,ER02,684.8127,50.9044,0.07433331770862311
2025-10-07 03:00:00+10:00,ER03,,,
2025-10-07 03:00:00+10:00,ER04,,,
2025-10-07 03:05:00+10:00,ER01,675.9014,50.242,0.07433332731667666
2025-10-07 03:05:00+10:00,ER02,684.3488,50.87,0.07433343932217021
2025-10-07 03:05:00+10:00,ER03,,,
2025-10-07 03:05:00+10:00,ER04,,,
2025-10-07 03:10:00+10:00,ER04,,,
2025-10-07 03:10:00+10:00,ER03,,,
2025-10-07 03:10:00+10:00,ER02,684.5685,50.8863,0.07433339395546246
2025-10-07 03:10:00+10:00,ER01,679.4904,50.5088,0.07433335334833281
2025-10-07 03:15:00+10:00,ER01,678.5626,50.4398,0.07433330395751254
2025-10-07 03:15:00+10:00,ER02,683.7141,50.8228,0.07433340924225491
2025-10-07 03:15:00+10:00,ER03,,,
2025-10-07 03:15:00+10:00,ER04,,,
2025-10-07 03:20:00+10:00,ER01,675.462,50.2093,0.07433327115366964
2025-10-07 03:20:00+10:00,ER02,684.6174,50.8898,0.07433319690676866
2025-10-07 03:20:00+10:00,ER03,,,
2025-10-07 03:20:00+10:00,ER04,,,
2025-10-07 03:25:00+10:00,ER01,679.6857,50.5233,0.07433332788964075
2025-10-07 03:25:00+10:00,ER02,685.2521,50.937,0.07433322714370375
2025-10-07 03:25:00+10:00,ER03,,,
2025-10-07 03:25:00+10:00,ER04,,,
2025-10-07 03:30:00+10:00,ER04,,,
2025-10-07 03:30:00+10:00,ER03,,,
2025-10-07 03:30:00+10:00,ER02,682.5422,50.7356,0.07433327931957907
2025-10-07 03:30:00+10:00,ER01,674.3633,50.1276,0.07433322661538669
2025-10-07 03:35:00+10:00,ER01,679.4659,50.507,0.07433338450097347
2025-10-07 03:35:00+10:00,ER02,685.008,50.9189,0.0743332924578983
2025-10-07 03:35:00+10:00,ER03,,,
2025-10-07 03:35:00+10:00,ER04,,,
2025-10-07 03:40:00+10:00,ER01,677.9522,50.3944,0.0743332642035825
2025-10-07 03:40:00+10:00,ER02,684.3488,50.87,0.07433343932217021
2025-10-07 03:40:00+10:00,ER03,,,
2025-10-07 03:40:00+10:00,ER04,,,
2025-10-07 03:45:00+10:00,ER01,680.1495,50.5578,0.07433336347376569
2025-10-07 03:45:00+10:00,ER02,684.6174,50.8898,0.07433319690676866
2025-10-07 03:45:00+10:00,ER03,,,
2025-10-07 03:45:00+10:00,ER04,,,
2025-10-07 03:50:00+10:00,ER04,,,
2025-10-07 03:50:00+10:00,ER03,,,
2025-10-07 03:50:00+10:00,ER02,683.9338,50.8391,0.07433336384310879
2025-10-07 03:50:00+10:00,ER01,676.1456,50.2602,0.07433339801368226
2025-10-07 03:55:00+10:00,ER01,670.4082,49.8336,0.0743332196712391
2025-10-07 03:55:00+10:00,ER02,679.9298,50.5414,0.07433326205146473
2025-10-07 03:55:00+10:00,ER03,,,
2025-10-07 03:55:00+10:00,ER04,,,
2025-10-07 04:00:00+10:00,ER01,678.1232,50.4072,0.07433339546560272
2025-10-07 04:00:00+10:00,ER02,684.6174,50.8898,0.07433319690676866
2025-10-07 04:00:00+10:00,ER03,,,
2025-10-07 04:00:00+10:00,ER04,,,
2025-10-07 04:05:00+10:00,ER01,677.3174,50.3472,0.07433324465014482
2025-10-07 04:05:00+10:00,ER02,685.2033,50.9335,0.07433341316365523
2025-10-07 04:05:00+10:00,ER03,,,
2025-10-07 04:05:00+10:00,ER04,,,
2025-10-07 04:10:00+10:00,ER04,,,
2025-10-07 04:10:00+10:00,ER02,684.9836,50.9171,0.07433331250558407
2025-10-07 04:10:00+10:00,ER01,678.8556,50.4616,0.07433333392256027
2025-10-07 04:10:00+10:00,ER03,,,
2025-10-07 04:15:00+10:00,ER01,679.6857,50.5233,0.07433332788964075
2025-10-07 04:15:00+10:00,ER02,684.7394,50.8989,0.07433324269057687
2025-10-07 04:15:00+10:00,ER03,,,
2025-10-07 04:15:00+10:00,ER04,,,
2025-10-07 04:20:00+10:00,ER01,679.0509,50.4761,0.07433330844565555
2025-10-07 04:20:00+10:00,ER02,685.716,50.9716,0.07433339749983958
2025-10-07 04:20:00+10:00,ER03,,,
2025-10-07 04:20:00+10:00,ER04,,,
2025-10-07 04:25:00+10:00,ER04,,,
2025-10-07 04:25:00+10:00,ER01,677.0489,50.3273,0.07433333101936951
2025-10-07 04:25:00+10:00,ER02,685.1056,50.9262,0.07433335824433489
2025-10-07 04:25:00+10:00,ER03,,,
2025-10-07 04:30:00+10:00,ER04,,,
2025-10-07 04:30:00+10:00,ER03,,,
2025-10-07 04:30:00+10:00,ER02,684.6662,50.8935,0.07433330285619474
2025-10-07 04:30:00+10:00,ER01,679.2462,50.4907,0.07433343020542477
2025-10-07 04:35:00+10:00,ER01,678.1476,50.409,0.07433337521212197
2025-10-07 04:35:00+10:00,ER02,684.8127,50.9044,0.07433331770862311
2025-10-07 04:35:00+10:00,ER03,,,
2025-10-07 04:35:00+10:00,ER04,,,
2025-10-07 04:40:00+10:00,ER04,,,
2025-10-07 04:40:00+10:00,ER01,679.5148,50.5106,0.07433333313711489
2025-10-07 04:40:00+10:00,ER02,684.7883,50.9026,0.07433333776292614
2025-10-07 04:40:00+10:00,ER03,,,
2025-10-07 04:45:00+10:00,ER02,684.2512,50.8626,0.07433322732937844
2025-10-07 04:45:00+10:00,ER03,,,
2025-10-07 04:45:00+10:00,ER01,676.3653,50.2765,0.07433335211016887
2025-10-07 04:45:00+10:00,ER04,,,
2025-10-07 04:50:00+10:00,ER04,,,
2025-10-07 04:50:00+10:00,ER03,,,
2025-10-07 04:50:00+10:00,ER01,679.3195,50.4961,0.07433335860372034
2025-10-07 04:50:00+10:00,ER02,683.9826,50.8428,0.07433346988651465
2025-10-07 04:55:00+10:00,ER01,678.3917,50.4271,0.07433330920764508
2025-10-07 04:55:00+10:00,ER02,684.2023,50.8591,0.07433342448571131
2025-10-07 04:55:00+10:00,ER03,,,
2025-10-07 04:55:00+10:00,ER04,,,
2025-10-07 05:00:00+10:00,ER01,679.0509,50.4761,0.07433330844565555
2025-10-07 05:00:00+10:00,ER02,684.4465,50.8772,0.07433334818718483
2025-10-07 05:00:00+10:00,ER03,,,
2025-10-07 05:00:00+10:00,ER04,,,
2025-10-07 05:05:00+10:00,ER01,679.295,50.4942,0.07433324255294092
2025-10-07 05:05:00+10:00,ER02,685.0324,50.9207,0.07433327241164067
2025-10-07 05:05:00+10:00,ER03,,,
2025-10-07 05:05:00+10:00,ER04,,,
2025-10-07 05:10:00+10:00,ER04,,,
2025-10-07 05:10:00+10:00,ER03,,,
2025-10-07 05:10:00+10:00,ER01,679.0509,50.4761,0.07433330844565555
2025-10-07 05:10:00+10:00,ER02,685.4719,50.9534,0.07433331694559617
2025-10-07 05:15:00+10:00,ER01,678.3185,50.4216,0.07433322252009933
2025-10-07 05:15:00+10:00,ER02,684.8127,50.9044,0.07433331770862311
2025-10-07 05:15:00+10:00,ER03,,,
2025-10-07 05:15:00+10:00,ER04,,,
2025-10-07 05:20:00+10:00,ER01,677.2442,50.3418,0.07433330547533666
2025-10-07 05:20:00+10:00,ER02,685.4719,50.9534,0.07433331694559617
2025-10-07 05:20:00+10:00,ER03,,,
2025-10-07 05:20:00+10:00,ER04,,,
2025-10-07 05:25:00+10:00,ER01,679.295,50.3754,0.0741583553537123
2025-10-07 05:25:00+10:00,ER02,684.6174,50.9044,0.07435452268668603
2025-10-07 05:25:00+10:00,ER03,,,
2025-10-07 05:25:00+10:00,ER04,,,
2025-10-07 05:30:00+10:00,ER04,,,
2025-10-07 05:30:00+10:00,ER03,,,
2025-10-07 05:30:00+10:00,ER01,679.7345,50.5269,0.07433328748209779
2025-10-07 05:30:00+10:00,ER02,685.0324,50.9207,0.07433327241164067
2025-10-07 05:35:00+10:00,ER01,675.0469,50.1785,0.07433335372697808
2025-10-07 05:35:00+10:00,ER02,683.4943,50.8064,0.07433331923909241
2025-10-07 05:35:00+10:00,ER03,,,
2025-10-07 05:35:00+10:00,ER04,,,
2025-10-07 05:40:00+10:00,ER01,678.3429,50.4235,0.07433334969673892
2025-10-07 05:40:00+10:00,ER02,685.008,50.9189,0.0743332924578983
2025-10-07 05:40:00+10:00,ER03,,,
2025-10-07 05:40:00+10:00,ER04,,,
2025-10-07 05:45:00+10:00,ER04,,,
2025-10-07 05:45:00+10:00,ER01,677.879,50.389,0.07433332497392603
2025-10-07 05:45:00+10:00,ER02,684.3488,50.87,0.07433343932217021
2025-10-07 05:45:00+10:00,ER03,,,
2025-10-07 05:50:00+10:00,ER04,,,
2025-10-07 05:50:00+10:00,ER03,,,
2025-10-07 05:50:00+10:00,ER01,675.462,50.2093,0.07433327115366964
2025-10-07 05:50:00+10:00,ER02,683.6408,50.8173,0.07433333411347012
2025-10-07 05:55:00+10:00,ER01,678.8312,50.4598,0.07433335415343315
2025-10-07 05:55:00+10:00,ER02,685.4475,50.9516,0.07433333698058568
2025-10-07 05:55:00+10:00,ER03,,,
2025-10-07 05:55:00+10:00,ER04,,,
2025-10-07 06:00:00+10:00,ER03,,,
2025-10-07 06:00:00+10:00,ER01,675.6817,50.2257,0.07433337324364417
2025-10-07 06:00:00+10:00,ER02,683.6652,50.8191,0.0743333140256371
2025-10-07 06:00:00+10:00,ER04,,,
2025-10-07 06:05:00+10:00,ER04,,,
2025-10-07 06:05:00+10:00,ER03,,,
2025-10-07 06:05:00+10:00,ER02,682.3713,50.723,0.07433343108070342
2025-10-07 06:05:00+10:00,ER01,673.9238,50.095,0.0743333296731767
2025-10-07 06:10:00+10:00,ER04,,,
2025-10-07 06:10:00+10:00,ER03,,,
2025-10-07 06:10:00+10:00,ER01,678.1476,50.409,0.07433337521212197
2025-10-07 06:10:00+10:00,ER02,684.3,50.8663,0.07433333333333335
2025-10-07 06:15:00+10:00,ER01,677.0489,50.3273,0.07433333101936951
2025-10-07 06:15:00+10:00,ER02,684.9103,50.9117,0.07433338351022024
2025-10-07 06:15:00+10:00,ER03,,,
2025-10-07 06:15:00+10:00,ER04,,,
2025-10-07 06:20:00+10:00,ER01,675.9014,50.242,0.07433332731667666
2025-10-07 06:20:00+10:00,ER02,685.1789,50.9316,0.07433328726264046
2025-10-07 06:20:00+10:00,ER03,,,
2025-10-07 06:20:00+10:00,ER04,,,
2025-10-07 06:25:00+10:00,ER01,677.2442,50.3418,0.07433330547533666
2025-10-07 06:25:00+10:00,ER02,684.2023,50.8591,0.07433342448571131
2025-10-07 06:25:00+10:00,ER03,,,
2025-10-07 06:25:00+10:00,ER04,,,
2025-10-07 06:30:00+10:00,ER04,,,
2025-10-07 06:30:00+10:00,ER03,,,
2025-10-07 06:30:00+10:00,ER01,675.5108,50.213,0.07433337853369627
2025-10-07 06:30:00+10:00,ER02,684.6418,50.8917,0.07433332291425969
2025-10-07 06:35:00+10:00,ER01,677.4395,50.3563,0.07433327994603209
2025-10-07 06:35:00+10:00,ER02,684.6174,50.8898,0.07433319690676866
2025-10-07 06:35:00+10:00,ER03,,,
2025-10-07 06:35:00+10:00,ER04,,,
2025-10-07 06:40:00+10:00,ER01,674.876,50.1658,0.07433335901706388
2025-10-07 06:40:00+10:00,ER02,683.3967,50.7991,0.07433325329197522
2025-10-07 06:40:00+10:00,ER03,,,
2025-10-07 06:40:00+10:00,ER04,,,
2025-10-07 06:45:00+10:00,ER03,,,
2025-10-07 06:45:00+10:00,ER04,,,
2025-10-07 06:45:00+10:00,ER02,684.3488,50.87,0.07433343932217021
2025-10-07 06:45:00+10:00,ER01,676.6339,50.2965,0.0743334024499807
2025-10-07 06:50:00+10:00,ER01,673.9727,50.0986,0.0743332778909294
2025-10-07 06:50:00+10:00,ER02,682.9572,50.7665,0.0743333550037982
2025-10-07 06:50:00+10:00,ER03,,,
2025-10-07 06:50:00+10:00,ER04,,,
2025-10-07 06:55:00+10:00,ER04,,,
2025-10-07 06:55:00+10:00,ER01,678.587,50.4416,0.07433328372043674
2025-10-07 06:55:00+10:00,ER02,684.4465,50.8772,0.07433334818718483
2025-10-07 06:55:00+10:00,ER03,,,
2025-10-07 07:00:00+10:00,ER04,,,
2025-10-07 07:00:00+10:00,ER03,,,
2025-10-07 07:00:00+10:00,ER02,684.8859,50.9098,0.0743332575542875
2025-10-07 07:00:00+10:00,ER01,674.7051,50.1531,0.07433336430982958
2025-10-07 07:05:00+10:00,ER04,,,
2025-10-07 07:05:00+10:00,ER01,677.0489,50.3273,0.07433333101936951
2025-10-07 07:05:00+10:00,ER02,684.3732,50.8717,0.07433327313226175
2025-10-07 07:05:00+10:00,ER03,,,
2025-10-07 07:10:00+10:00,ER03,,,
2025-10-07 07:10:00+10:00,ER04,,,
2025-10-07 07:10:00+10:00,ER01,675.7305,50.2293,0.07433333259339338
2025-10-07 07:10:00+10:00,ER02,683.4699,50.8046,0.07433333933213444
2025-10-07 07:15:00+10:00,ER03,,,
2025-10-07 07:15:00+10:00,ER04,,,
2025-10-07 07:15:00+10:00,ER01,679.9298,50.5414,0.07433326205146473
2025-10-07 07:15:00+10:00,ER02,685.008,50.9189,0.0743332924578983
2025-10-07 07:20:00+10:00,ER03,,,
2025-10-07 07:20:00+10:00,ER04,,,
2025-10-07 07:20:00+10:00,ER01,671.0918,49.8845,0.07433334753904011
2025-10-07 07:20:00+10:00,ER02,684.5685,50.8863,0.07433339395546246
2025-10-07 07:25:00+10:00,ER04,,,
2025-10-07 07:25:00+10:00,ER03,,,
2025-10-07 07:25:00+10:00,ER02,684.3732,50.8717,0.07433327313226175
2025-10-07 07:25:00+10:00,ER01,680.0031,50.5469,0.07433333759801977
2025-10-07 07:30:00+10:00,ER01,675.7305,50.2293,0.07433333259339338
2025-10-07 07:30:00+10:00,ER02,677.4883,50.36,0.07433338701199711
2025-10-07 07:30:00+10:00,ER03,,,
2025-10-07 07:30:00+10:00,ER04,,,
2025-10-07 07:35:00+10:00,ER01,677.2442,50.3418,0.07433330547533666
2025-10-07 07:35:00+10:00,ER02,684.8127,50.9044,0.07433331770862311
2025-10-07 07:35:00+10:00,ER03,,,
2025-10-07 07:35:00+10:00,ER04,,,
2025-10-07 07:40:00+10:00,ER01,675.7061,50.2274,0.07433320492444867
2025-10-07 07:40:00+10:00,ER02,684.3732,50.8717,0.07433327313226175
2025-10-07 07:40:00+10:00,ER03,,,
2025-10-07 07:40:00+10:00,ER04,,,
2025-10-07 07:45:00+10:00,ER04,,,
2025-10-07 07:45:00+10:00,ER03,,,
2025-10-07 07:45:00+10:00,ER02,683.0305,50.7719,0.07433328379918613
2025-10-07 07:45:00+10:00,ER01,675.7305,50.2293,0.07433333259339338
2025-10-07 07:50:00+10:00,ER01,671.7266,49.9317,0.07433336717646734
2025-10-07 07:50:00+10:00,ER02,675.0225,50.1767,0.07433337407271609
2025-10-07 07:50:00+10:00,ER03,,,
2025-10-07 07:50:00+10:00,ER04,,,
2025-10-07 07:55:00+10:00,ER01,678.3429,50.4235,0.07433334969673892
2025-10-07 07:55:00+10:00,ER02,683.4943,50.8064,0.07433331923909241
2025-10-07 07:55:00+10:00,ER03,,,
2025-10-07 07:55:00+10:00,ER04,,,
2025-10-07 08:00:00+10:00,ER01,676.4141,50.2801,0.07433331150252485
2025-10-07 08:00:00+10:00,ER02,684.3732,50.8717,0.07433327313226175
2025-10-07 08:00:00+10:00,ER03,,,
2025-10-07 08:00:00+10:00,ER04,,,
2025-10-07 08:05:00+10:00,ER04,,,
2025-10-07 08:05:00+10:00,ER03,,,
2025-10-07 08:05:00+10:00,ER01,673.2646,50.046,0.07433333046175308
2025-10-07 08:05:00+10:00,ER02,675.7061,50.2274,0.07433320492444867
2025-10-07 08:10:00+10:00,ER01,678.587,50.4416,0.07433328372043674
2025-10-07 08:10:00+10:00,ER02,663.5477,49.3237,0.07433331469614017
2025-10-07 08:10:00+10:00,ER03,,,
2025-10-07 08:10:00+10:00,ER04,,,
2025-10-07 08:15:00+10:00,ER01,678.3429,50.4235,0.07433334969673892
2025-10-07 08:15:00+10:00,ER02,646.7994,48.0788,0.07433340228825197
2025-10-07 08:15:00+10:00,ER03,,,
2025-10-07 08:15:00+10:00,ER04,,,
2025-10-07 08:20:00+10:00,ER01,674.1436,50.1113,0.07433327261432134
2025-10-07 08:20:00+10:00,ER02,627.0237,46.6088,0.07433339441555399
2025-10-07 08:20:00+10:00,ER03,,,
2025-10-07 08:20:00+10:00,ER04,,,
2025-10-07 08:25:00+10:00,ER02,604.0497,44.9011,0.07433345302547124
2025-10-07 08:25:00+10:00,ER04,,,
2025-10-07 08:25:00+10:00,ER01,670.8232,49.8645,0.07433329676135232
2025-10-07 08:25:00+10:00,ER03,,,
2025-10-07 08:30:00+10:00,ER01,668.7724,50.1032,0.07491816348880427
2025-10-07 08:30:00+10:00,ER02,586.7643,47.253,0.08053148427741769
2025-10-07 08:30:00+10:00,ER03,,,
2025-10-07 08:30:00+10:00,ER04,,,
2025-10-07 08:35:00+10:00,ER01,668.2109,49.6703,0.07433326813435698
2025-10-07 08:35:00+10:00,ER02,562.0081,41.7759,0.0743332702856062
2025-10-07 08:35:00+10:00,ER03,,,
2025-10-07 08:35:00+10:00,ER04,,,
2025-10-07 08:40:00+10:00,ER03,,,
2025-10-07 08:40:00+10:00,ER01,670.6523,49.8518,0.07433330207023818
2025-10-07 08:40:00+10:00,ER02,543.3066,40.3858,0.07433335063479811
2025-10-07 08:40:00+10:00,ER04,,,
2025-10-07 08:45:00+10:00,ER04,,,
2025-10-07 08:45:00+10:00,ER03,,,
2025-10-07 08:45:00+10:00,ER01,654.0505,48.6177,0.07433325102572354
2025-10-07 08:45:00+10:00,ER02,522.1882,38.816,0.07433335337719235
2025-10-07 08:50:00+10:00,ER01,663.9872,49.3564,0.07433336064309673
2025-10-07 08:50:00+10:00,ER02,503.8041,37.4495,0.0743334561985502
2025-10-07 08:50:00+10:00,ER03,,,
2025-10-07 08:50:00+10:00,ER04,,,
2025-10-07 08:55:00+10:00,ER01,679.6857,50.5233,0.07433332788964075
2025-10-07 08:55:00+10:00,ER02,487.2023,36.2154,0.07433339292527971
2025-10-07 08:55:00+10:00,ER03,,,
2025-10-07 08:55:00+10:00,ER04,,,
2025-10-07 09:00:00+10:00,ER04,,,
2025-10-07 09:00:00+10:00,ER01,663.743,49.3382,0.07433328863731896
2025-10-07 09:00:00+10:00,ER02,465.3025,34.5875,0.07433336377947679
2025-10-07 09:00:00+10:00,ER03,,,
2025-10-07 09:05:00+10:00,ER04,,,
2025-10-07 09:05:00+10:00,ER03,,,
2025-10-07 09:05:00+10:00,ER01,643.6255,47.8429,0.07433344390487948
2025-10-07 09:05:00+10:00,ER02,447.2847,33.2481,0.07433319315415887
2025-10-07 09:10:00+10:00,ER01,648.0934,48.175,0.07433342169508284
2025-10-07 09:10:00+10:00,ER02,429.1203,31.8979,0.07433323475957675
2025-10-07 09:10:00+10:00,ER03,,,
2025-10-07 09:10:00+10:00,ER04,,,
2025-10-07 09:15:00+10:00,ER04,,,
2025-10-07 09:15:00+10:00,ER01,652.2438,48.4835,0.07433340109940485
2025-10-07 09:15:00+10:00,ER02,408.954,30.3989,0.07433329909965423
2025-10-07 09:15:00+10:00,ER03,,,
2025-10-07 09:20:00+10:00,ER03,,,
2025-10-07 09:20:00+10:00,ER04,,,
2025-10-07 09:20:00+10:00,ER01,657.3953,48.8663,0.07433320560703735
2025-10-07 09:20:00+10:00,ER02,394.3297,29.3118,0.07433322927489358
2025-10-07 09:25:00+10:00,ER04,,,
2025-10-07 09:25:00+10:00,ER03,,,
2025-10-07 09:25:00+10:00,ER01,653.8063,48.5996,0.07433333083514185
2025-10-07 09:25:00+10:00,ER02,374.3587,27.8274,0.07433352023073059
2025-10-07 09:30:00+10:00,ER01,669.7734,49.7864,0.07433319985535405
2025-10-07 09:30:00+10:00,ER02,357.7325,26.5914,0.0743331958935797
2025-10-07 09:30:00+10:00,ER03,,,
2025-10-07 09:30:00+10:00,ER04,,,
2025-10-07 09:35:00+10:00,ER01,678.8312,50.4598,0.07433335415343315
2025-10-07 09:35:00+10:00,ER02,337.5906,25.0943,0.07433352705910651
2025-10-07 09:35:00+10:00,ER03,,,
2025-10-07 09:35:00+10:00,ER04,,,
2025-10-07 09:40:00+10:00,ER04,,,
2025-10-07 09:40:00+10:00,ER03,,,
2025-10-07 09:40:00+10:00,ER02,320.5249,23.8257,0.07433338252347946
2025-10-07 09:40:00+10:00,ER01,675.0469,50.1785,0.07433335372697808
2025-10-07 09:45:00+10:00,ER01,677.0733,50.3291,0.0743333107360754
2025-10-07 09:45:00+10:00,ER02,298.7228,22.2051,0.0743334623269466
2025-10-07 09:45:00+10:00,ER03,,,
2025-10-07 09:45:00+10:00,ER04,,,
2025-10-07 09:50:00+10:00,ER01,672.3857,49.9806,0.07433322868109776
2025-10-07 09:50:00+10:00,ER02,283.2197,21.0526,0.07433310606571507
2025-10-07 09:50:00+10:00,ER03,,,
2025-10-07 09:50:00+10:00,ER04,,,
2025-10-07 09:55:00+10:00,ER02,282.9999,21.0363,0.07433324181386636
2025-10-07 09:55:00+10:00,ER03,,,
2025-10-07 09:55:00+10:00,ER01,657.1511,48.8482,0.07433328499335996
2025-10-07 09:55:00+10:00,ER04,,,
2025-10-07 10:00:00+10:00,ER04,,,
2025-10-07 10:00:00+10:00,ER03,,,
2025-10-07 10:00:00+10:00,ER02,283.6591,21.0854,0.07433359268220198
2025-10-07 10:00:00+10:00,ER01,668.4306,49.6867,0.07433337133279057
2025-10-07 10:05:00+10:00,ER01,675.2667,50.1948,0.07433329675519317
2025-10-07 10:05:00+10:00,ER02,285.1972,21.1996,0.07433312809522674
2025-10-07 10:05:00+10:00,ER03,,,
2025-10-07 10:05:00+10:00,ER04,,,
2025-10-07 10:10:00+10:00,ER01,675.2667,50.1948,0.07433329675519317
2025-10-07 10:10:00+10:00,ER02,288.4932,21.4447,0.07433346782523817
2025-10-07 10:10:00+10:00,ER03,,,
2025-10-07 10:10:00+10:00,ER04,,,
2025-10-07 10:15:00+10:00,ER03,,,
2025-10-07 10:15:00+10:00,ER04,,,
2025-10-07 10:15:00+10:00,ER01,661.3504,49.1604,0.0743333639777038
2025-10-07 10:15:00+10:00,ER02,282.7558,21.0182,0.07433340005757617
2025-10-07 10:20:00+10:00,ER01,670.8232,49.8645,0.07433329676135232
2025-10-07 10:20:00+10:00,ER02,297.38,22.1053,0.07433351267738247
2025-10-07 10:20:00+10:00,ER03,,,
2025-10-07 10:20:00+10:00,ER04,,,
2025-10-07 10:25:00+10:00,ER01,678.172,50.4108,0.07433335496009862
2025-10-07 10:25:00+10:00,ER02,301.799,22.4337,0.0743332482877677
2025-10-07 10:25:00+10:00,ER03,,,
2025-10-07 10:25:00+10:00,ER04,,,
2025-10-07 10:30:00+10:00,ER04,,,
2025-10-07 10:30:00+10:00,ER01,663.743,49.3382,0.07433328863731896
2025-10-07 10:30:00+10:00,ER02,288.4932,21.4447,0.07433346782523817
2025-10-07 10:30:00+10:00,ER03,,,
2025-10-07 10:35:00+10:00,ER03,,,
2025-10-07 10:35:00+10:00,ER04,,,
2025-10-07 10:35:00+10:00,ER01,666.2089,49.5215,0.07433329095423373
2025-10-07 10:35:00+10:00,ER02,278.7762,20.7224,0.07433346175175642
2025-10-07 10:40:00+10:00,ER01,675.462,50.2093,0.07433327115366964
2025-10-07 10:40:00+10:00,ER02,296.7452,22.0581,0.07433346857843025
2025-10-07 10:40:00+10:00,ER03,,,
2025-10-07 10:40:00+10:00,ER04,,,
2025-10-07 10:45:00+10:00,ER01,673.7285,50.0804,0.07433320692237302
2025-10-07 10:45:00+10:00,ER02,283.6591,21.0854,0.07433359268220198
2025-10-07 10:45:00+10:00,ER03,,,
2025-10-07 10:45:00+10:00,ER04,,,
2025-10-07 10:50:00+10:00,ER01,659.3729,49.0133,0.07433320356356775
2025-10-07 10:50:00+10:00,ER02,282.0966,20.9691,0.07433304761560401
2025-10-07 10:50:00+10:00,ER03,,,
2025-10-07 10:50:00+10:00,ER04,,,
2025-10-07 10:55:00+10:00,ER04,,,
2025-10-07 10:55:00+10:00,ER03,,,
2025-10-07 10:55:00+10:00,ER02,284.2939,21.1326,0.07433363853392563
2025-10-07 10:55:00+10:00,ER01,661.7654,49.1912,0.07433329092152596
2025-10-07 11:00:00+10:00,ER01,641.8921,47.714,0.0743333653740247
2025-10-07 11:00:00+10:00,ER02,282.7558,21.0182,0.07433340005757617
2025-10-07 11:00:00+10:00,ER03,,,
2025-10-07 11:00:00+10:00,ER04,,,
2025-10-07 11:05:00+10:00,ER01,655.5886,48.7321,0.0743333547898789
2025-10-07 11:05:00+10:00,ER02,281.4618,20.922,0.07433335536118935
2025-10-07 11:05:00+10:00,ER03,,,
2025-10-07 11:05:00+10:00,ER04,,,
2025-10-07 11:10:00+10:00,ER04,,,
2025-10-07 11:10:00+10:00,ER01,648.0446,48.1713,0.07433330977528399
2025-10-07 11:10:00+10:00,ER02,284.7577,21.167,0.07433337184560769
2025-10-07 11:10:00+10:00,ER03,,,
2025-10-07 11:15:00+10:00,ER03,,,
2025-10-07 11:15:00+10:00,ER04,,,
2025-10-07 11:15:00+10:00,ER01,650.486,48.3528,0.07433334460695543
2025-10-07 11:15:00+10:00,ER02,298.2345,22.1688,0.07433345236718085
2025-10-07 11:20:00+10:00,ER01,675.0469,50.1785,0.07433335372697808
2025-10-07 11:20:00+10:00,ER02,299.4309,22.2577,0.07433334368630626
2025-10-07 11:20:00+10:00,ER03,,,
2025-10-07 11:20:00+10:00,ER04,,,
2025-10-07 11:25:00+10:00,ER01,659.5682,49.0279,0.07433332898705547
2025-10-07 11:25:00+10:00,ER02,286.3203,21.2831,0.07433318559669015
2025-10-07 11:25:00+10:00,ER03,,,
2025-10-07 11:25:00+10:00,ER04,,,
2025-10-07 11:30:00+10:00,ER01,629.929,48.2684,0.07662514346854964
2025-10-07 11:30:00+10:00,ER02,282.0966,32.2926,0.1144735526766363
2025-10-07 11:30:00+10:00,ER03,,,
2025-10-07 11:30:00+10:00,ER04,,,
2025-10-07 11:35:00+10:00,ER04,,,
2025-10-07 11:35:00+10:00,ER03,,,
2025-10-07 11:35:00+10:00,ER02,282.0966,20.9691,0.07433304761560401
2025-10-07 11:35:00+10:00,ER01,610.7881,45.4019,0.07433330806543219
2025-10-07 11:40:00+10:00,ER01,585.7145,43.5381,0.07433331426829966
2025-10-07 11:40:00+10:00,ER02,279.2157,20.7551,0.07433357078416435
2025-10-07 11:40:00+10:00,ER03,,,
2025-10-07 11:40:00+10:00,ER04,,,
2025-10-07 11:45:00+10:00,ER01,553.756,41.1625,0.07433328036174779
2025-10-07 11:45:00+10:00,ER02,273.8933,20.3594,0.0743333261529216
2025-10-07 11:45:00+10:00,ER03,,,
2025-10-07 11:45:00+10:00,ER04,,,
2025-10-07 11:50:00+10:00,ER01,538.0087,39.992,0.07433337044549651
2025-10-07 11:50:00+10:00,ER02,281.4618,20.922,0.07433335536118935
2025-10-07 11:50:00+10:00,ER03,,,
2025-10-07 11:50:00+10:00,ER04,,,
2025-10-07 11:55:00+10:00,ER04,,,
2025-10-07 11:55:00+10:00,ER03,,,
2025-10-07 11:55:00+10:00,ER01,518.2819,38.5257,0.0743334853098285
2025-10-07 11:55:00+10:00,ER02,282.9999,21.0363,0.07433324181386636
2025-10-07 12:00:00+10:00,ER01,496.553,36.9104,0.07433325344927934
2025-10-07 12:00:00+10:00,ER02,287.6143,21.3794,0.07433357798968966
2025-10-07 12:00:00+10:00,ER03,,,
2025-10-07 12:00:00+10:00,ER04,,,
2025-10-07 12:05:00+10:00,ER01,469.6239,34.9087,0.07433331225263451
2025-10-07 12:05:00+10:00,ER02,279.6796,20.7895,0.07433327278786155
2025-10-07 12:05:00+10:00,ER03,,,
2025-10-07 12:05:00+10:00,ER04,,,
2025-10-07 12:10:00+10:00,ER04,,,
2025-10-07 12:10:00+10:00,ER01,448.603,33.3462,0.07433343067255459
2025-10-07 12:10:00+10:00,ER02,298.5031,22.1888,0.07433356638507271
2025-10-07 12:10:00+10:00,ER03,,,
2025-10-07 12:15:00+10:00,ER04,,,
2025-10-07 12:15:00+10:00,ER03,,,
2025-10-07 12:15:00+10:00,ER02,300.0656,22.3049,0.07433341242714926
2025-10-07 12:15:00+10:00,ER01,421.8936,31.3608,0.07433343383260614
2025-10-07 12:20:00+10:00,ER01,401.5564,29.849,0.07433326924935078
2025-10-07 12:20:00+10:00,ER02,286.5156,21.2977,0.074333474337872
2025-10-07 12:20:00+10:00,ER03,,,
2025-10-07 12:20:00+10:00,ER04,,,
2025-10-07 12:25:00+10:00,ER04,,,
2025-10-07 12:25:00+10:00,ER01,382.5131,28.4335,0.07433340191486251
2025-10-07 12:25:00+10:00,ER02,286.5156,21.2977,0.074333474337872
2025-10-07 12:25:00+10:00,ER03,,,
2025-10-07 12:30:00+10:00,ER02,281.1444,20.8984,0.07433333191057691
2025-10-07 12:30:00+10:00,ER03,,,
2025-10-07 12:30:00+10:00,ER01,355.9503,26.459,0.07433341115318627
2025-10-07 12:30:00+10:00,ER04,,,
2025-10-07 12:35:00+10:00,ER04,,,
2025-10-07 12:35:00+10:00,ER03,,,
2025-10-07 12:35:00+10:00,ER02,282.3163,20.9855,0.074333292126597
2025-10-07 12:35:00+10:00,ER01,349.4072,25.9726,0.07433332799095153
2025-10-07 12:40:00+10:00,ER01,351.3848,26.1196,0.07433332346760588
2025-10-07 12:40:00+10:00,ER02,283.8544,21.0998,0.0743331792637352
2025-10-07 12:40:00+10:00,ER03,,,
2025-10-07 12:40:00+10:00,ER04,,,
2025-10-07 12:45:00+10:00,ER01,354.2168,26.3301,0.07433328966892594
2025-10-07 12:45:00+10:00,ER02,300.2609,22.3194,0.07433335475914447
2025-10-07 12:45:00+10:00,ER03,,,
2025-10-07 12:45:00+10:00,ER04,,,
2025-10-07 12:50:00+10:00,ER01,346.3066,25.7421,0.07433326422309018
2025-10-07 12:50:00+10:00,ER02,280.7538,20.8693,0.07433309896428827
2025-10-07 12:50:00+10:00,ER03,,,
2025-10-07 12:50:00+10:00,ER04,,,
2025-10-07 12:55:00+10:00,ER04,,,
2025-10-07 12:55:00+10:00,ER03,,,
2025-10-07 12:55:00+10:00,ER02,288.9082,21.4755,0.0743333003355391
2025-10-07 12:55:00+10:00,ER01,352.0195,26.1668,0.07433338209957119
2025-10-07 13:00:00+10:00,ER01,345.6474,25.6931,0.07433326563428512
2025-10-07 13:00:00+10:00,ER02,276.7742,20.5735,0.07433315677545088
2025-10-07 13:00:00+10:00,ER03,,,
2025-10-07 13:00:00+10:00,ER04,,,
2025-10-07 13:05:00+10:00,ER01,353.1426,26.2503,0.07433342791269022
2025-10-07 13:05:00+10:00,ER02,289.3965,21.5118,0.07433331087279908
2025-10-07 13:05:00+10:00,ER03,,,
2025-10-07 13:05:00+10:00,ER04,,,
2025-10-07 13:10:00+10:00,ER01,356.4385,26.4953,0.07433344041117894
2025-10-07 13:10:00+10:00,ER02,301.9211,22.4428,0.07433332748191497
2025-10-07 13:10:00+10:00,ER03,,,
2025-10-07 13:10:00+10:00,ER04,,,
2025-10-07 13:15:00+10:00,ER04,,,
2025-10-07 13:15:00+10:00,ER03,,,
2025-10-07 13:15:00+10:00,ER01,347.1611,25.8056,0.07433321302415506
2025-10-07 13:15:00+10:00,ER02,322.8931,24.0018,0.07433357975131707
2025-10-07 13:20:00+10:00,ER01,353.5821,26.283,0.07433351405515154
2025-10-07 13:20:00+10:00,ER02,347.3564,25.8202,0.07433345117579523
2025-10-07 13:20:00+10:00,ER03,,,
2025-10-07 13:20:00+10:00,ER04,,,
2025-10-07 13:25:00+10:00,ER01,353.753,26.2956,0.07433322120236437
2025-10-07 13:25:00+10:00,ER02,367.9133,27.3482,0.07433327362723773
2025-10-07 13:25:00+10:00,ER03,,,
2025-10-07 13:25:00+10:00,ER04,,,
2025-10-07 13:30:00+10:00,ER01,342.4979,25.459,0.07433330248156265
2025-10-07 13:30:00+10:00,ER02,385.9068,28.6857,0.07433323279092258
2025-10-07 13:30:00+10:00,ER03,,,
2025-10-07 13:30:00+10:00,ER04,,,
2025-10-07 13:35:00+10:00,ER02,375.433,27.9072,0.07433336973574513
2025-10-07 13:35:00+10:00,ER04,,,
2025-10-07 13:35:00+10:00,ER01,352.2148,26.1813,0.07433333295477645
2025-10-07 13:35:00+10:00,ER03,,,
2025-10-07 13:40:00+10:00,ER01,349.6025,25.9871,0.07433327850916398
2025-10-07 13:40:00+10:00,ER02,378.9486,28.1686,0.07433356397147266
2025-10-07 13:40:00+10:00,ER03,,,
2025-10-07 13:40:00+10:00,ER04,,,
2025-10-07 13:45:00+10:00,ER01,352.166,26.1777,0.074333410948246
2025-10-07 13:45:00+10:00,ER02,389.4225,28.9471,0.0743334039507219
2025-10-07 13:45:00+10:00,ER03,,,
2025-10-07 13:45:00+10:00,ER04,,,
2025-10-07 13:50:00+10:00,ER03,,,
2025-10-07 13:50:00+10:00,ER01,350.5058,26.0542,0.07433314940865458
2025-10-07 13:50:00+10:00,ER02,409.2226,30.4189,0.07433338236939993
2025-10-07 13:50:00+10:00,ER04,,,
2025-10-07 13:55:00+10:00,ER04,,,
2025-10-07 13:55:00+10:00,ER03,,,
2025-10-07 13:55:00+10:00,ER01,352.874,26.2303,0.07433333144408485
2025-10-07 13:55:00+10:00,ER02,435.5413,32.3752,0.07433324922343759
2025-10-07 14:00:00+10:00,ER01,349.6269,25.989,0.07433352525220457
2025-10-07 14:00:00+10:00,ER02,455.0973,33.8289,0.07433333487146594
2025-10-07 14:00:00+10:00,ER03,,,
2025-10-07 14:00:00+10:00,ER04,,,
2025-10-07 14:05:00+10:00,ER01,348.5283,25.9072,0.07433313162804857
2025-10-07 14:05:00+10:00,ER02,479.0723,35.611,0.0743332478208404
2025-10-07 14:05:00+10:00,ER03,,,
2025-10-07 14:05:00+10:00,ER04,,,
2025-10-07 14:10:00+10:00,ER04,,,
2025-10-07 14:10:00+10:00,ER01,348.9677,25.9399,0.0743332405835841
2025-10-07 14:10:00+10:00,ER02,499.4095,37.1228,0.07433338773091021
2025-10-07 14:10:00+10:00,ER03,,,
2025-10-07 14:15:00+10:00,ER04,,,
2025-10-07 14:15:00+10:00,ER03,,,
2025-10-07 14:15:00+10:00,ER01,348.2841,25.8891,0.07433328136426555
2025-10-07 14:15:00+10:00,ER02,484.1749,35.9903,0.07433326262885581
2025-10-07 14:20:00+10:00,ER01,349.8222,26.0035,0.07433347569136549
2025-10-07 14:20:00+10:00,ER02,496.3088,36.8923,0.07433335858642845
2025-10-07 14:20:00+10:00,ER03,,,
2025-10-07 14:20:00+10:00,ER04,,,
2025-10-07 14:25:00+10:00,ER04,,,
2025-10-07 14:25:00+10:00,ER01,352.0195,26.1668,0.07433338209957119
2025-10-07 14:25:00+10:00,ER02,494.5022,36.758,0.07433333966967184
2025-10-07 14:25:00+10:00,ER03,,,
2025-10-07 14:30:00+10:00,ER03,,,
2025-10-07 14:30:00+10:00,ER04,,,
2025-10-07 14:30:00+10:00,ER01,353.1182,36.5366,0.1034684703308977
2025-10-07 14:30:00+10:00,ER02,470.5272,27.9725,0.059449273070717276
2025-10-07 14:35:00+10:00,ER04,,,
2025-10-07 14:35:00+10:00,ER03,,,
2025-10-07 14:35:00+10:00,ER01,348.9677,25.9399,0.0743332405835841
2025-10-07 14:35:00+10:00,ER02,488.7648,36.3315,0.07433329896097264
2025-10-07 14:40:00+10:00,ER01,367.01,27.2811,0.07433339691016594
2025-10-07 14:40:00+10:00,ER02,511.397,38.0138,0.07433324794631178
2025-10-07 14:40:00+10:00,ER03,,,
2025-10-07 14:40:00+10:00,ER04,,,
2025-10-07 14:45:00+10:00,ER01,392.2789,29.1594,0.07433333783693184
2025-10-07 14:45:00+10:00,ER02,535.5917,39.8123,0.07433330277522972
2025-10-07 14:45:00+10:00,ER03,,,
2025-10-07 14:45:00+10:00,ER04,,,
2025-10-07 14:50:00+10:00,ER04,,,
2025-10-07 14:50:00+10:00,ER03,,,
2025-10-07 14:50:00+10:00,ER02,518.7457,38.5601,0.07433333905225623
2025-10-07 14:50:00+10:00,ER01,370.0862,27.5097,0.07433322290860885
2025-10-07 14:55:00+10:00,ER01,388.2261,28.8582,0.07433348762486602
2025-10-07 14:55:00+10:00,ER02,536.1776,39.8559,0.07433339251770309
2025-10-07 14:55:00+10:00,ER03,,,
2025-10-07 14:55:00+10:00,ER04,,,
2025-10-07 15:00:00+10:00,ER01,405.3163,30.1285,0.0743333046314693
2025-10-07 15:00:00+10:00,ER02,557.467,41.4384,0.07433336861195372
2025-10-07 15:00:00+10:00,ER03,,,
2025-10-07 15:00:00+10:00,ER04,,,
2025-10-07 15:05:00+10:00,ER02,581.4908,43.2242,0.07433342023639927
2025-10-07 15:05:00+10:00,ER03,,,
2025-10-07 15:05:00+10:00,ER01,433.5638,32.2282,0.07433323538542655
2025-10-07 15:05:00+10:00,ER04,,,
2025-10-07 15:10:00+10:00,ER04,,,
2025-10-07 15:10:00+10:00,ER03,,,
2025-10-07 15:10:00+10:00,ER02,569.6986,42.3476,0.07433334047161078
2025-10-07 15:10:00+10:00,ER01,441.767,32.838,0.07433330239696492
2025-10-07 15:15:00+10:00,ER01,455.9029,33.8888,0.07433337230361993
2025-10-07 15:15:00+10:00,ER02,574.4106,42.6979,0.07433341237087197
2025-10-07 15:15:00+10:00,ER03,,,
2025-10-07 15:15:00+10:00,ER04,,,
2025-10-07 15:20:00+10:00,ER01,468.2811,34.8089,0.07433334379713383
2025-10-07 15:20:00+10:00,ER02,590.3533,43.8829,0.07433328483130357
2025-10-07 15:20:00+10:00,ER03,,,
2025-10-07 15:20:00+10:00,ER04,,,
2025-10-07 15:25:00+10:00,ER03,,,
2025-10-07 15:25:00+10:00,ER04,,,
2025-10-07 15:25:00+10:00,ER01,492.1584,36.5838,0.07433338534910712
2025-10-07 15:25:00+10:00,ER02,607.2236,45.137,0.07433340864880746
2025-10-07 15:30:00+10:00,ER01,513.1792,38.1463,0.07433329332131933
2025-10-07 15:30:00+10:00,ER02,628.928,46.7503,0.07433331001322886
2025-10-07 15:30:00+10:00,ER03,,,
2025-10-07 15:30:00+10:00,ER04,,,
2025-10-07 15:35:00+10:00,ER01,532.4178,39.5763,0.07433316466879958
2025-10-07 15:35:00+10:00,ER02,650.4128,48.3474,0.07433340795261102
2025-10-07 15:35:00+10:00,ER03,,,
2025-10-07 15:35:00+10:00,ER04,,,
2025-10-07 15:40:00+10:00,ER04,,,
2025-10-07 15:40:00+10:00,ER01,552.0714,41.0374,0.07433350106526075
2025-10-07 15:40:00+10:00,ER02,649.1188,48.2511,0.07433323453272345
2025-10-07 15:40:00+10:00,ER03,,,
2025-10-07 15:45:00+10:00,ER03,,,
2025-10-07 15:45:00+10:00,ER04,,,
2025-10-07 15:45:00+10:00,ER01,570.602,42.4148,0.07433342329679882
2025-10-07 15:45:00+10:00,ER02,663.2792,49.3038,0.07433340288674815
2025-10-07 15:50:00+10:00,ER01,593.3074,44.1025,0.07433330512985342
2025-10-07 15:50:00+10:00,ER02,671.7266,49.9317,0.07433336717646734
2025-10-07 15:50:00+10:00,ER03,,,
2025-10-07 15:50:00+10:00,ER04,,,
2025-10-07 15:55:00+10:00,ER01,611.3985,45.4473,0.07433335214266963
2025-10-07 15:55:00+10:00,ER02,664.8661,49.4217,0.07433331312876383
2025-10-07 15:55:00+10:00,ER03,,,
2025-10-07 15:55:00+10:00,ER04,,,
2025-10-07 16:00:00+10:00,ER01,633.3226,47.077,0.07433336501808083
2025-10-07 16:00:00+10:00,ER02,645.3345,47.9699,0.07433338834356445
2025-10-07 16:00:00+10:00,ER03,,,
2025-10-07 16:00:00+10:00,ER04,,,
2025-10-07 16:05:00+10:00,ER04,,,
2025-10-07 16:05:00+10:00,ER03,,,
2025-10-07 16:05:00+10:00,ER02,658.6649,48.9607,0.0743332459343135
2025-10-07 16:05:00+10:00,ER01,654.9783,48.6867,0.07433330233994012
2025-10-07 16:10:00+10:00,ER01,668.3818,49.6831,0.07433341242984175
2025-10-07 16:10:00+10:00,ER02,676.585,50.2928,0.07433330623646696
2025-10-07 16:10:00+10:00,ER03,,,
2025-10-07 16:10:00+10:00,ER04,,,
2025-10-07 16:15:00+10:00,ER01,674.5586,50.1422,0.07433334924497294
2025-10-07 16:15:00+10:00,ER02,676.6094,50.2946,0.07433328594015987
2025-10-07 16:15:00+10:00,ER03,,,
2025-10-07 16:15:00+10:00,ER04,,,
2025-10-07 16:20:00+10:00,ER04,,,
2025-10-07 16:20:00+10:00,ER01,673.8018,50.0859,0.07433328317021416
2025-10-07 16:20:00+10:00,ER02,678.6114,50.4435,0.07433341084455698
2025-10-07 16:20:00+10:00,ER03,,,
2025-10-07 16:25:00+10:00,ER03,,,
2025-10-07 16:25:00+10:00,ER04,,,
2025-10-07 16:25:00+10:00,ER01,674.8028,50.1604,0.07433342007472406
2025-10-07 16:25:00+10:00,ER02,677.0977,50.3309,0.07433329045424315
2025-10-07 16:30:00+10:00,ER01,674.3878,50.1295,0.0743333435154076
2025-10-07 16:30:00+10:00,ER02,679.4415,50.5051,0.0743332575357849
2025-10-07 16:30:00+10:00,ER03,,,
2025-10-07 16:30:00+10:00,ER04,,,
2025-10-07 16:35:00+10:00,ER01,669.5048,49.7666,0.07433344764667855
2025-10-07 16:35:00+10:00,ER02,673.5332,50.066,0.07433338104194419
2025-10-07 16:35:00+10:00,ER03,,,
2025-10-07 16:35:00+10:00,ER04,,,
2025-10-07 16:40:00+10:00,ER01,672.9961,50.026,0.07433326879605989
2025-10-07 16:40:00+10:00,ER02,675.7305,50.2293,0.07433333259339338
2025-10-07 16:40:00+10:00,ER03,,,
2025-10-07 16:40:00+10:00,ER04,,,
2025-10-07 16:45:00+10:00,ER04,,,
2025-10-07 16:45:00+10:00,ER03,,,
2025-10-07 16:45:00+10:00,ER01,681.4679,50.6558,0.074333361850206
2025-10-07 16:45:00+10:00,ER02,682.6643,50.7447,0.07433331433912686
2025-10-07 16:50:00+10:00,ER01,686.0823,50.9988,0.07433335621688535
2025-10-07 16:50:00+10:00,ER02,685.0812,50.9244,0.07433337829150763
2025-10-07 16:50:00+10:00,ER03,,,
2025-10-07 16:50:00+10:00,ER04,,,
2025-10-07 16:55:00+10:00,ER01,689.6956,51.2673,0.0743332275861989
2025-10-07 16:55:00+10:00,ER02,685.301,50.9407,0.0743333221460351
2025-10-07 16:55:00+10:00,ER03,,,
2025-10-07 16:55:00+10:00,ER04,,,
2025-10-07 17:00:00+10:00,ER01,688.1819,51.1549,0.0743333993527002
2025-10-07 17:00:00+10:00,ER02,685.4719,50.9534,0.07433331694559617
2025-10-07 17:00:00+10:00,ER03,,,
2025-10-07 17:00:00+10:00,ER04,,,
2025-10-07 17:05:00+10:00,ER04,,,
2025-10-07 17:05:00+10:00,ER03,,,
2025-10-07 17:05:00+10:00,ER02,685.0324,50.9207,0.07433327241164067
2025-10-07 17:05:00+10:00,ER01,689.4026,51.2456,0.0743333431002436
2025-10-07 17:10:00+10:00,ER01,680.8331,50.6086,0.07433334248878323
2025-10-07 17:10:00+10:00,ER02,679.2218,50.4888,0.0743333032008101
2025-10-07 17:10:00+10:00,ER03,,,
2025-10-07 17:10:00+10:00,ER04,,,
2025-10-07 17:15:00+10:00,ER01,691.014,51.3654,0.07433337095919909
2025-10-07 17:15:00+10:00,ER02,685.5207,50.957,0.07433327687989583
2025-10-07 17:15:00+10:00,ER03,,,
2025-10-07 17:15:00+10:00,ER04,,,
2025-10-07 17:20:00+10:00,ER04,,,
2025-10-07 17:20:00+10:00,ER01,685.2521,50.937,0.07433322714370375
2025-10-07 17:20:00+10:00,ER02,684.8371,50.9063,0.07433344367587563
2025-10-07 17:20:00+10:00,ER03,,,
2025-10-07 17:25:00+10:00,ER04,,,
2025-10-07 17:25:00+10:00,ER03,,,
2025-10-07 17:25:00+10:00,ER02,685.4719,50.9534,0.07433331694559617
2025-10-07 17:25:00+10:00,ER01,689.0608,51.2202,0.07433335345734368
2025-10-07 17:30:00+10:00,ER01,685.4719,50.9534,0.07433331694559617
2025-10-07 17:30:00+10:00,ER02,684.8859,50.9098,0.0743332575542875
2025-10-07 17:30:00+10:00,ER03,,,
2025-10-07 17:30:00+10:00,ER04,,,
2025-10-07 17:35:00+10:00,ER04,,,
2025-10-07 17:35:00+10:00,ER01,689.2317,38.7406,0.05620838391501726
2025-10-07 17:35:00+10:00,ER02,685.4719,42.9646,0.06267886400594977
2025-10-07 17:35:00+10:00,ER03,,,
2025-10-07 17:40:00+10:00,ER03,,,
2025-10-07 17:40:00+10:00,ER04,,,
2025-10-07 17:40:00+10:00,ER01,687.6692,51.1168,0.07433341496172868
2025-10-07 17:40:00+10:00,ER02,684.3976,50.8735,0.0743332530680996
2025-10-07 17:45:00+10:00,ER03,,,
2025-10-07 17:45:00+10:00,ER04,,,
2025-10-07 17:45:00+10:00,ER01,688.1819,51.1549,0.0743333993527002
2025-10-07 17:45:00+10:00,ER02,684.6174,50.8898,0.07433319690676866
2025-10-07 17:50:00+10:00,ER03,,,
2025-10-07 17:50:00+10:00,ER04,,,
2025-10-07 17:50:00+10:00,ER01,690.1351,51.3001,0.07433341674695289
2025-10-07 17:50:00+10:00,ER02,685.716,50.9716,0.07433339749983958
2025-10-07 17:55:00+10:00,ER04,,,
2025-10-07 17:55:00+10:00,ER03,,,
2025-10-07 17:55:00+10:00,ER02,685.4719,50.9534,0.07433331694559617
2025-10-07 17:55:00+10:00,ER01,689.7688,51.2728,0.07433331284337591
2025-10-07 18:00:00+10:00,ER01,685.4475,50.9516,0.07433333698058568
2025-10-07 18:00:00+10:00,ER02,683.4943,50.8064,0.07433331923909241
2025-10-07 18:00:00+10:00,ER03,,,
2025-10-07 18:00:00+10:00,ER04,,,
2025-10-07 18:05:00+10:00,ER01,683.4455,50.8028,0.07433335942661118
2025-10-07 18:05:00+10:00,ER02,683.4699,50.8046,0.07433333933213444
2025-10-07 18:05:00+10:00,ER03,,,
2025-10-07 18:05:00+10:00,ER04,,,
2025-10-07 18:10:00+10:00,ER03,,,
2025-10-07 18:10:00+10:00,ER04,,,
2025-10-07 18:10:00+10:00,ER01,683.1769,50.7828,0.07433330957179611
2025-10-07 18:10:00+10:00,ER02,683.4699,50.8046,0.07433333933213444
2025-10-07 18:15:00+10:00,ER01,687.0588,51.0714,0.07433337583333478
2025-10-07 18:15:00+10:00,ER02,684.5685,50.8863,0.07433339395546246
2025-10-07 18:15:00+10:00,ER03,,,
2025-10-07 18:15:00+10:00,ER04,,,
2025-10-07 18:20:00+10:00,ER01,686.1555,51.0042,0.07433329616974578
2025-10-07 18:20:00+10:00,ER02,684.3488,50.87,0.07433343932217021
2025-10-07 18:20:00+10:00,ER03,,,
2025-10-07 18:20:00+10:00,ER04,,,
2025-10-07 18:25:00+10:00,ER04,,,
2025-10-07 18:25:00+10:00,ER01,687.0588,51.0714,0.07433337583333478
2025-10-07 18:25:00+10:00,ER02,684.3732,50.8717,0.07433327313226175
2025-10-07 18:25:00+10:00,ER03,,,
2025-10-07 18:30:00+10:00,ER03,,,
2025-10-07 18:30:00+10:00,ER04,,,
2025-10-07 18:30:00+10:00,ER01,683.6652,50.8191,0.0743333140256371
2025-10-07 18:30:00+10:00,ER02,682.591,50.7393,0.07433338558521867
2025-10-07 18:35:00+10:00,ER01,686.8879,51.0587,0.07433338103641075
2025-10-07 18:35:00+10:00,ER02,683.9094,50.8372,0.0743332377066319
2025-10-07 18:35:00+10:00,ER03,,,
2025-10-07 18:35:00+10:00,ER04,,,
2025-10-07 18:40:00+10:00,ER01,688.3528,51.1675,0.07433324888051591
2025-10-07 18:40:00+10:00,ER02,684.6418,50.8917,0.07433332291425969
2025-10-07 18:40:00+10:00,ER03,,,
2025-10-07 18:40:00+10:00,ER04,,,
2025-10-07 18:45:00+10:00,ER01,687.8157,51.1277,0.07433342972543372
2025-10-07 18:45:00+10:00,ER02,684.8127,50.9044,0.07433331770862311
2025-10-07 18:45:00+10:00,ER03,,,
2025-10-07 18:45:00+10:00,ER04,,,
2025-10-07 18:50:00+10:00,ER04,,,
2025-10-07 18:50:00+10:00,ER03,,,
2025-10-07 18:50:00+10:00,ER02,682.8107,50.7556,0.07433334011901102
2025-10-07 18:50:00+10:00,ER01,683.9338,50.8391,0.07433336384310879
2025-10-07 18:55:00+10:00,ER01,689.8665,51.2801,0.0743333673978951
2025-10-07 18:55:00+10:00,ER02,684.8859,50.9098,0.0743332575542875
2025-10-07 18:55:00+10:00,ER03,,,
2025-10-07 18:55:00+10:00,ER04,,,
2025-10-07 19:00:00+10:00,ER01,685.6916,50.9698,0.0743334175305633
2025-10-07 19:00:00+10:00,ER02,684.3732,50.8717,0.07433327313226175
2025-10-07 19:00:00+10:00,ER03,,,
2025-10-07 19:00:00+10:00,ER04,,,
2025-10-07 19:05:00+10:00,ER04,,,
2025-10-07 19:05:00+10:00,ER01,687.0833,51.0732,0.07433334502526841
2025-10-07 19:05:00+10:00,ER02,685.0812,50.9244,0.07433337829150763
2025-10-07 19:05:00+10:00,ER03,,,
2025-10-07 19:10:00+10:00,ER03,,,
2025-10-07 19:10:00+10:00,ER04,,,
2025-10-07 19:10:00+10:00,ER01,683.5431,50.81,0.07433327905731182
2025-10-07 19:10:00+10:00,ER02,683.2746,50.79,0.07433321829905576
2025-10-07 19:15:00+10:00,ER01,689.2561,51.2347,0.07433332835211759
2025-10-07 19:15:00+10:00,ER02,684.8127,50.9044,0.07433331770862311
2025-10-07 19:15:00+10:00,ER03,,,
2025-10-07 19:15:00+10:00,ER04,,,
2025-10-07 19:20:00+10:00,ER01,686.2288,51.0096,0.07433322530328078
2025-10-07 19:20:00+10:00,ER02,684.1291,50.8536,0.07433333854677429
2025-10-07 19:20:00+10:00,ER03,,,
2025-10-07 19:20:00+10:00,ER04,,,
2025-10-07 19:25:00+10:00,ER01,687.2297,51.084,0.07433322512109125
2025-10-07 19:25:00+10:00,ER02,684.8127,50.9044,0.07433331770862311
2025-10-07 19:25:00+10:00,ER03,,,
2025-10-07 19:25:00+10:00,ER04,,,
2025-10-07 19:30:00+10:00,ER04,,,
2025-10-07 19:30:00+10:00,ER03,,,
2025-10-07 19:30:00+10:00,ER01,684.6174,50.8898,0.07433319690676866
2025-10-07 19:30:00+10:00,ER02,683.4699,50.8046,0.07433333933213444
2025-10-07 19:35:00+10:00,ER01,687.7668,51.124,0.07433333507811078
2025-10-07 19:35:00+10:00,ER02,684.3732,50.8717,0.07433327313226175
2025-10-07 19:35:00+10:00,ER03,,,
2025-10-07 19:35:00+10:00,ER04,,,
2025-10-07 19:40:00+10:00,ER01,685.9113,50.9861,0.07433337225964932
2025-10-07 19:40:00+10:00,ER02,684.3976,50.8735,0.0743332530680996
2025-10-07 19:40:00+10:00,ER03,,,
2025-10-07 19:40:00+10:00,ER04,,,
2025-10-07 19:45:00+10:00,ER01,686.9856,51.0659,0.07433329024654957
2025-10-07 19:45:00+10:00,ER02,684.6418,50.8917,0.07433332291425969
2025-10-07 19:45:00+10:00,ER03,,,
2025-10-07 19:45:00+10:00,ER04,,,
2025-10-07 19:50:00+10:00,ER04,,,
2025-10-07 19:50:00+10:00,ER03,,,
2025-10-07 19:50:00+10:00,ER02,683.6652,50.8191,0.0743333140256371
2025-10-07 19:50:00+10:00,ER01,684.8371,50.9063,0.07433344367587563
2025-10-07 19:55:00+10:00,ER01,684.1047,50.8518,0.07433335862186008
2025-10-07 19:55:00+10:00,ER02,684.5685,50.8863,0.07433339395546246
2025-10-07 19:55:00+10:00,ER03,,,
2025-10-07 19:55:00+10:00,ER04,,,
2025-10-07 20:00:00+10:00,ER01,689.4758,51.251,0.07433328334366485
2025-10-07 20:00:00+10:00,ER02,684.6174,50.8898,0.07433319690676866
2025-10-07 20:00:00+10:00,ER03,,,
2025-10-07 20:00:00+10:00,ER04,,,
2025-10-07 20:05:00+10:00,ER04,,,
2025-10-07 20:05:00+10:00,ER01,683.9094,50.8372,0.0743332377066319
2025-10-07 20:05:00+10:00,ER02,682.591,50.7393,0.07433338558521867
2025-10-07 20:05:00+10:00,ER03,,,
2025-10-07 20:10:00+10:00,ER04,,,
2025-10-07 20:10:00+10:00,ER03,,,
2025-10-07 20:10:00+10:00,ER02,685.0324,50.9207,0.07433327241164067
2025-10-07 20:10:00+10:00,ER01,686.6194,51.0387,0.0743333206140112
2025-10-07 20:15:00+10:00,ER01,689.7444,51.271,0.07433333275340837
2025-10-07 20:15:00+10:00,ER02,683.9094,50.8372,0.0743332377066319
2025-10-07 20:15:00+10:00,ER03,,,
2025-10-07 20:15:00+10:00,ER04,,,
2025-10-07 20:20:00+10:00,ER04,,,
2025-10-07 20:20:00+10:00,ER01,687.6936,51.1186,0.07433339498869847
2025-10-07 20:20:00+10:00,ER02,684.3488,50.87,0.07433343932217021
2025-10-07 20:20:00+10:00,ER03,,,
2025-10-07 20:25:00+10:00,ER03,,,
2025-10-07 20:25:00+10:00,ER04,,,
2025-10-07 20:25:00+10:00,ER01,689.3049,51.2384,0.07433343357924774
2025-10-07 20:25:00+10:00,ER02,685.2521,50.937,0.07433322714370375
2025-10-07 20:30:00+10:00,ER03,,,
2025-10-07 20:30:00+10:00,ER04,,,
2025-10-07 20:30:00+10:00,ER01,685.008,50.9189,0.0743332924578983
2025-10-07 20:30:00+10:00,ER02,685.0324,50.9207,0.07433327241164067
2025-10-07 20:35:00+10:00,ER01,687.4983,51.104,0.07433327471500657
2025-10-07 20:35:00+10:00,ER02,684.1779,50.8572,0.07433329840089836
2025-10-07 20:35:00+10:00,ER03,,,
2025-10-07 20:35:00+10:00,ER04,,,
2025-10-07 20:40:00+10:00,ER01,689.6956,51.2501,0.074308289048096
2025-10-07 20:40:00+10:00,ER02,685.0324,50.937,0.07435706690661638
2025-10-07 20:40:00+10:00,ER03,,,
2025-10-07 20:40:00+10:00,ER04,,,
2025-10-07 20:45:00+10:00,ER01,684.1535,50.8554,0.07433331847312044
2025-10-07 20:45:00+10:00,ER02,683.0305,50.7719,0.07433328379918613
2025-10-07 20:45:00+10:00,ER03,,,
2025-10-07 20:45:00+10:00,ER04,,,
2025-10-07 20:50:00+10:00,ER04,,,
2025-10-07 20:50:00+10:00,ER03,,,
2025-10-07 20:50:00+10:00,ER01,688.7922,51.2003,0.07433344918830381
2025-10-07 20:50:00+10:00,ER02,685.0324,50.9207,0.07433327241164067
2025-10-07 20:55:00+10:00,ER01,684.7883,50.9026,0.07433333776292614
2025-10-07 20:55:00+10:00,ER02,683.9094,50.8372,0.0743332377066319
2025-10-07 20:55:00+10:00,ER03,,,
2025-10-07 20:55:00+10:00,ER04,,,
2025-10-07 21:00:00+10:00,ER01,687.2541,51.0859,0.07433335064861746
2025-10-07 21:00:00+10:00,ER02,684.5441,50.8844,0.07433326793701092
2025-10-07 21:00:00+10:00,ER03,,,
2025-10-07 21:00:00+10:00,ER04,,,
2025-10-07 21:05:00+10:00,ER04,,,
2025-10-07 21:05:00+10:00,ER01,684.6174,50.8898,0.07433319690676866
2025-10-07 21:05:00+10:00,ER02,683.7385,50.8246,0.07433338915389436
2025-10-07 21:05:00+10:00,ER03,,,
2025-10-07 21:10:00+10:00,ER04,,,
2025-10-07 21:10:00+10:00,ER03,,,
2025-10-07 21:10:00+10:00,ER02,684.6418,50.8917,0.07433332291425969
2025-10-07 21:10:00+10:00,ER01,687.6692,51.1168,0.07433341496172868
2025-10-07 21:15:00+10:00,ER01,688.7678,51.1984,0.07433332394458626
2025-10-07 21:15:00+10:00,ER02,684.3488,50.87,0.07433343932217021
2025-10-07 21:15:00+10:00,ER03,,,
2025-10-07 21:15:00+10:00,ER04,,,
2025-10-07 21:20:00+10:00,ER01,683.7385,50.8246,0.07433338915389436
2025-10-07 21:20:00+10:00,ER02,682.591,50.7393,0.07433338558521867
2025-10-07 21:20:00+10:00,ER03,,,
2025-10-07 21:20:00+10:00,ER04,,,
2025-10-07 21:25:00+10:00,ER01,690.2083,51.3055,0.07433335704598162
2025-10-07 21:25:00+10:00,ER02,685.2521,50.937,0.07433322714370375
2025-10-07 21:25:00+10:00,ER03,,,
2025-10-07 21:25:00+10:00,ER04,,,
2025-10-07 21:30:00+10:00,ER04,,,
2025-10-07 21:30:00+10:00,ER03,,,
2025-10-07 21:30:00+10:00,ER02,683.7141,50.8228,0.07433340924225491
2025-10-07 21:30:00+10:00,ER01,687.2297,51.084,0.07433322512109125
2025-10-07 21:35:00+10:00,ER01,687.4251,51.0986,0.07433333464256688
2025-10-07 21:35:00+10:00,ER02,684.2023,50.8591,0.07433342448571131
2025-10-07 21:35:00+10:00,ER03,,,
2025-10-07 21:35:00+10:00,ER04,,,
2025-10-07 21:40:00+10:00,ER01,688.7922,51.2003,0.07433344918830381
2025-10-07 21:40:00+10:00,ER02,684.5685,50.8863,0.07433339395546246
2025-10-07 21:40:00+10:00,ER03,,,
2025-10-07 21:40:00+10:00,ER04,,,
2025-10-07 21:45:00+10:00,ER01,683.9826,50.8428,0.07433346988651465
2025-10-07 21:45:00+10:00,ER02,682.1271,50.7048,0.07433336104077964
2025-10-07 21:45:00+10:00,ER03,,,
2025-10-07 21:45:00+10:00,ER04,,,
2025-10-07 21:50:00+10:00,ER03,,,
2025-10-07 21:50:00+10:00,ER04,,,
2025-10-07 21:50:00+10:00,ER02,684.6418,50.8917,0.07433332291425969
2025-10-07 21:50:00+10:00,ER01,685.7404,50.9733,0.07433323164276161
2025-10-07 21:55:00+10:00,ER01,690.2083,51.3055,0.07433335704598162
2025-10-07 21:55:00+10:00,ER02,683.2746,50.79,0.07433321829905576
2025-10-07 21:55:00+10:00,ER03,,,
2025-10-07 21:55:00+10:00,ER04,,,
2025-10-07 22:00:00+10:00,ER01,685.6183,50.9643,0.07433334261935541
2025-10-07 22:00:00+10:00,ER02,684.6174,50.8898,0.07433319690676866
2025-10-07 22:00:00+10:00,ER03,,,
2025-10-07 22:00:00+10:00,ER04,,,
2025-10-07 22:05:00+10:00,ER01,687.4251,51.0986,0.07433333464256688
2025-10-07 22:05:00+10:00,ER02,685.2521,50.937,0.07433322714370375
2025-10-07 22:05:00+10:00,ER03,,,
2025-10-07 22:05:00+10:00,ER04,,,
2025-10-07 22:10:00+10:00,ER04,,,
2025-10-07 22:10:00+10:00,ER03,,,
2025-10-07 22:10:00+10:00,ER01,688.5969,51.1857,0.07433332912187086
2025-10-07 22:10:00+10:00,ER02,684.8371,50.9063,0.07433344367587563
2025-10-07 22:15:00+10:00,ER01,689.8665,51.2801,0.0743333673978951
2025-10-07 22:15:00+10:00,ER02,684.6174,50.8898,0.07433319690676866
2025-10-07 22:15:00+10:00,ER03,,,
2025-10-07 22:15:00+10:00,ER04,,,
2025-10-07 22:20:00+10:00,ER01,684.1779,50.8572,0.07433329840089836
2025-10-07 22:20:00+10:00,ER02,683.4943,50.8064,0.07433331923909241
2025-10-07 22:20:00+10:00,ER03,,,
2025-10-07 22:20:00+10:00,ER04,,,
2025-10-07 22:25:00+10:00,ER01,689.134,51.2256,0.07433329367002643
2025-10-07 22:25:00+10:00,ER02,684.8371,50.9063,0.07433344367587563
2025-10-07 22:25:00+10:00,ER03,,,
2025-10-07 22:25:00+10:00,ER04,,,
2025-10-07 22:30:00+10:00,ER04,,,
2025-10-07 22:30:00+10:00,ER03,,,
2025-10-07 22:30:00+10:00,ER02,684.3732,50.8717,0.07433327313226175
2025-10-07 22:30:00+10:00,ER01,685.423,50.9498,0.07433336786188967
2025-10-07 22:35:00+10:00,ER01,686.595,51.0369,0.07433334061564678
2025-10-07 22:35:00+10:00,ER02,685.0324,50.9207,0.07433327241164067
2025-10-07 22:35:00+10:00,ER03,,,
2025-10-07 22:35:00+10:00,ER04,,,
2025-10-07 22:40:00+10:00,ER01,686.8635,51.0568,0.07433325544303926
2025-10-07 22:40:00+10:00,ER02,684.8127,50.9044,0.07433331770862311
2025-10-07 22:40:00+10:00,ER03,,,
2025-10-07 22:40:00+10:00,ER04,,,
2025-10-07 22:45:00+10:00,ER01,685.5207,50.957,0.07433327687989583
2025-10-07 22:45:00+10:00,ER02,683.4943,50.8064,0.07433331923909241
2025-10-07 22:45:00+10:00,ER03,,,
2025-10-07 22:45:00+10:00,ER04,,,
2025-10-07 22:50:00+10:00,ER04,,,
2025-10-07 22:50:00+10:00,ER03,,,
2025-10-07 22:50:00+10:00,ER02,685.0812,50.9244,0.07433337829150763
2025-10-07 22:50:00+10:00,ER01,685.716,50.9716,0.07433339749983958
2025-10-07 22:55:00+10:00,ER01,686.1067,51.0006,0.07433333619974851
2025-10-07 22:55:00+10:00,ER02,684.8371,50.9063,0.07433344367587563
2025-10-07 22:55:00+10:00,ER03,,,
2025-10-07 22:55:00+10:00,ER04,,,
2025-10-07 23:00:00+10:00,ER01,684.1779,50.8572,0.07433329840089836
2025-10-07 23:00:00+10:00,ER02,681.0284,50.6231,0.07433331708339916
2025-10-07 23:00:00+10:00,ER03,,,
2025-10-07 23:00:00+10:00,ER04,,,
2025-10-07 23:05:00+10:00,ER01,679.5148,50.5106,0.07433333313711489
2025-10-07 23:05:00+10:00,ER02,679.5148,50.5106,0.07433333313711489
2025-10-07 23:05:00+10:00,ER03,,,
2025-10-07 23:05:00+10:00,ER04,,,
2025-10-07 23:10:00+10:00,ER04,,,
2025-10-07 23:10:00+10:00,ER03,,,
2025-10-07 23:10:00+10:00,ER02,684.1291,50.8536,0.07433333854677429
2025-10-07 23:10:00+10:00,ER01,689.2317,51.2329,0.07433334827750958
2025-10-07 23:15:00+10:00,ER01,684.7883,50.9026,0.07433333776292614
2025-10-07 23:15:00+10:00,ER02,681.0529,50.6249,0.07433328600465543
2025-10-07 23:15:00+10:00,ER03,,,
2025-10-07 23:15:00+10:00,ER04,,,
2025-10-07 23:20:00+10:00,ER01,679.5148,50.5106,0.07433333313711489
2025-10-07 23:20:00+10:00,ER02,676.4141,50.2801,0.07433331150252485
2025-10-07 23:20:00+10:00,ER03,,,
2025-10-07 23:20:00+10:00,ER04,,,
2025-10-07 23:25:00+10:00,ER01,683.9338,50.8391,0.07433336384310879
2025-10-07 23:25:00+10:00,ER02,681.9073,50.6884,0.07433327081261633
2025-10-07 23:25:00+10:00,ER03,,,
2025-10-07 23:25:00+10:00,ER04,,,
2025-10-07 23:30:00+10:00,ER04,,,
2025-10-07 23:30:00+10:00,ER03,,,
2025-10-07 23:30:00+10:00,ER01,685.716,50.9716,0.07433339749983958
2025-10-07 23:30:00+10:00,ER02,681.9073,50.6884,0.07433327081261633
2025-10-07 23:35:00+10:00,ER01,684.3732,50.8717,0.07433327313226175
2025-10-07 23:35:00+10:00,ER02,682.1271,50.7048,0.07433336104077964
2025-10-07 23:35:00+10:00,ER03,,,
2025-10-07 23:35:00+10:00,ER04,,,
2025-10-07 23:40:00+10:00,ER01,685.6916,50.9698,0.0743334175305633
2025-10-07 23:40:00+10:00,ER02,681.6876,50.6721,0.07433331631674099
2025-10-07 23:40:00+10:00,ER03,,,
2025-10-07 23:40:00+10:00,ER04,,,
2025-10-07 23:45:00+10:00,ER01,684.7883,51.085,0.07459969745394306
2025-10-07 23:45:00+10:00,ER02,681.4923,50.7891,0.0745263005906303
2025-10-07 23:45:00+10:00,ER03,,,
2025-10-07 23:45:00+10:00,ER04,,,
2025-10-07 23:50:00+10:00,ER04,,,
2025-10-07 23:50:00+10:00,ER03,,,
2025-10-07 23:50:00+10:00,ER02,684.3732,50.8717,0.07433327313226175
2025-10-07 23:50:00+10:00,ER01,689.0364,51.2184,0.07433337338927233
2025-10-07 23:55:00+10:00,ER01,682.3713,50.723,0.07433343108070342
2025-10-07 23:55:00+10:00,ER02,679.295,50.4942,0.07433324255294092
2025-10-07 23:55:00+10:00,ER03,,,
2025-10-07 23:55:00+10:00,ER04,,,
2025-10-08 00:00:00+10:00,ER01,684.8127,50.9044,0.07433331770862311
2025-10-08 00:00:00+10:00,ER02,682.591,50.7393,0.07433338558521867
2025-10-08 00:00:00+10:00,ER03,,,
2025-10-08 00:00:00+10:00,ER04,,,
2025-10-08 00:05:00+10:00,ER01,683.2746,50.79,0.07433321829905576
2025-10-08 00:05:00+10:00,ER02,680.1251,50.556,0.07433338366721064
2025-10-08 00:05:00+10:00,ER03,,,
2025-10-08 00:05:00+10:00,ER04,,,
2025-10-08 00:10:00+10:00,ER04,,,
2025-10-08 00:10:00+10:00,ER03,,,
2025-10-08 00:10:00+10:00,ER02,685.716,50.9716,0.07433339749983958
2025-10-08 00:10:00+10:00,ER01,688.9876,51.2147,0.07433326811687177
2025-10-08 00:15:00+10:00,ER01,683.299,50.7919,0.07433334455340927
2025-10-08 00:15:00+10:00,ER02,685.2521,50.937,0.07433322714370375
2025-10-08 00:15:00+10:00,ER03,,,
2025-10-08 00:15:00+10:00,ER04,,,
2025-10-08 00:20:00+10:00,ER01,680.8575,50.6104,0.07433332231781246
2025-10-08 00:20:00+10:00,ER02,684.6174,50.8898,0.07433319690676866
2025-10-08 00:20:00+10:00,ER03,,,
2025-10-08 00:20:00+10:00,ER04,,,
2025-10-08 00:25:00+10:00,ER01,679.1486,50.4834,0.0743333638617528
2025-10-08 00:25:00+10:00,ER02,678.6114,50.4435,0.07433341084455698
2025-10-08 00:25:00+10:00,ER03,,,
2025-10-08 00:25:00+10:00,ER04,,,
2025-10-08 00:30:00+10:00,ER04,,,
2025-10-08 00:30:00+10:00,ER03,,,
2025-10-08 00:30:00+10:00,ER02,684.3976,50.8735,0.0743332530680996
2025-10-08 00:30:00+10:00,ER01,688.9876,51.2147,0.07433326811687177
2025-10-08 00:35:00+10:00,ER01,688.9876,51.2147,0.07433326811687177
2025-10-08 00:35:00+10:00,ER02,684.8127,50.9044,0.07433331770862311
2025-10-08 00:35:00+10:00,ER03,,,
2025-10-08 00:35:00+10:00,ER04,,,
2025-10-08 00:40:00+10:00,ER01,686.8147,51.0533,0.07433344102856272
2025-10-08 00:40:00+10:00,ER02,685.0812,50.9244,0.07433337829150763
2025-10-08 00:40:00+10:00,ER03,,,
2025-10-08 00:40:00+10:00,ER04,,,
2025-10-08 00:45:00+10:00,ER01,685.6916,50.9698,0.0743334175305633
2025-10-08 00:45:00+10:00,ER02,685.2766,50.9389,0.07433334218620627
2025-10-08 00:45:00+10:00,ER03,,,
2025-10-08 00:45:00+10:00,ER04,,,
2025-10-08 00:50:00+10:00,ER04,,,
2025-10-08 00:50:00+10:00,ER03,,,
2025-10-08 00:50:00+10:00,ER02,685.2033,50.9335,0.07433341316365523
2025-10-08 00:50:00+10:00,ER01,686.7903,51.0514,0.07433331542393654
2025-10-08 00:55:00+10:00,ER01,678.1476,50.409,0.07433337521212197
2025-10-08 00:55:00+10:00,ER02,684.3976,50.8735,0.0743332530680996
2025-10-08 00:55:00+10:00,ER03,,,
2025-10-08 00:55:00+10:00,ER04,,,
2025-10-08 01:00:00+10:00,ER01,686.9856,51.0659,0.07433329024654957
2025-10-08 01:00:00+10:00,ER02,684.3732,50.8717,0.07433327313226175
2025-10-08 01:00:00+10:00,ER03,,,
2025-10-08 01:00:00+10:00,ER04,,,
2025-10-08 01:05:00+10:00,ER01,685.716,50.9716,0.07433339749983958
2025-10-08 01:05:00+10:00,ER02,682.591,50.7393,0.07433338558521867
2025-10-08 01:05:00+10:00,ER03,,,
2025-10-08 01:05:00+10:00,ER04,,,
2025-10-08 01:10:00+10:00,ER04,,,
2025-10-08 01:10:00+10:00,ER02,680.3937,50.576,0.07433343371639096
2025-10-08 01:10:00+10:00,ER01,680.589,50.5904,0.07433326133687145
2025-10-08 01:10:00+10:00,ER03,,,
2025-10-08 01:15:00+10:00,ER01,686.595,51.0369,0.07433334061564678
2025-10-08 01:15:00+10:00,ER02,685.5207,50.957,0.07433327687989583
2025-10-08 01:15:00+10:00,ER03,,,
2025-10-08 01:15:00+10:00,ER04,,,
2025-10-08 01:20:00+10:00,ER01,685.4719,50.9534,0.07433331694559617
2025-10-08 01:20:00+10:00,ER02,685.4719,50.9534,0.07433331694559617
2025-10-08 01:20:00+10:00,ER03,,,
2025-10-08 01:20:00+10:00,ER04,,,
2025-10-08 01:25:00+10:00,ER04,,,
2025-10-08 01:25:00+10:00,ER01,687.4983,51.104,0.07433327471500657
2025-10-08 01:25:00+10:00,ER02,684.1291,50.8536,0.07433333854677429
2025-10-08 01:25:00+10:00,ER03,,,
2025-10-08 01:30:00+10:00,ER04,,,
2025-10-08 01:30:00+10:00,ER03,,,
2025-10-08 01:30:00+10:00,ER02,685.2521,50.937,0.07433322714370375
2025-10-08 01:30:00+10:00,ER01,689.6956,51.2673,0.0743332275861989
2025-10-08 01:35:00+10:00,ER01,685.6916,50.9698,0.0743334175305633
2025-10-08 01:35:00+10:00,ER02,685.7893,50.977,0.07433332657712798
2025-10-08 01:35:00+10:00,ER03,,,
2025-10-08 01:35:00+10:00,ER04,,,
2025-10-08 01:40:00+10:00,ER04,,,
2025-10-08 01:40:00+10:00,ER01,688.3528,51.1675,0.07433324888051591
2025-10-08 01:40:00+10:00,ER02,684.6174,50.8898,0.07433319690676866
2025-10-08 01:40:00+10:00,ER03,,,
2025-10-08 01:45:00+10:00,ER02,680.4181,50.5777,0.07433326656066322
2025-10-08 01:45:00+10:00,ER03,,,
2025-10-08 01:45:00+10:00,ER01,681.2726,50.6412,0.07433324046791255
2025-10-08 01:45:00+10:00,ER04,,,
2025-10-08 01:50:00+10:00,ER04,,,
2025-10-08 01:50:00+10:00,ER03,,,
2025-10-08 01:50:00+10:00,ER01,684.8127,50.9044,0.07433331770862311
2025-10-08 01:50:00+10:00,ER02,682.0051,50.6957,0.07433331510277563
2025-10-08 01:55:00+10:00,ER01,685.9113,50.9861,0.07433337225964932
2025-10-08 01:55:00+10:00,ER02,682.5666,50.7374,0.07433325920137317
2025-10-08 01:55:00+10:00,ER03,,,
2025-10-08 01:55:00+10:00,ER04,,,
2025-10-08 02:00:00+10:00,ER01,674.6075,50.1458,0.07433329751003362
2025-10-08 02:00:00+10:00,ER02,677.3174,50.3472,0.07433324465014482
2025-10-08 02:00:00+10:00,ER03,,,
2025-10-08 02:00:00+10:00,ER04,,,
2025-10-08 02:05:00+10:00,ER01,686.5461,51.0333,0.07433339145033377
2025-10-08 02:05:00+10:00,ER02,685.2766,50.9389,0.07433334218620627
2025-10-08 02:05:00+10:00,ER03,,,
2025-10-08 02:05:00+10:00,ER04,,,
2025-10-08 02:10:00+10:00,ER04,,,
2025-10-08 02:10:00+10:00,ER03,,,
2025-10-08 02:10:00+10:00,ER02,676.9024,50.3164,0.07433331599947053
2025-10-08 02:10:00+10:00,ER01,677.6836,50.3745,0.07433336146839027
2025-10-08 02:15:00+10:00,ER01,686.7903,51.0514,0.07433331542393654
2025-10-08 02:15:00+10:00,ER02,684.3976,50.8735,0.0743332530680996
2025-10-08 02:15:00+10:00,ER03,,,
2025-10-08 02:15:00+10:00,ER04,,,
2025-10-08 02:20:00+10:00,ER01,679.0509,50.4761,0.07433330844565555
2025-10-08 02:20:00+10:00,ER02,678.7823,50.4562,0.07433340557053418
2025-10-08 02:20:00+10:00,ER03,,,
2025-10-08 02:20:00+10:00,ER04,,,
2025-10-08 02:25:00+10:00,ER01,669.9443,49.7992,0.07433334383171855
2025-10-08 02:25:00+10:00,ER02,674.9004,50.1676,0.07433333866745374
2025-10-08 02:25:00+10:00,ER03,,,
2025-10-08 02:25:00+10:00,ER04,,,
2025-10-08 02:30:00+10:00,ER04,,,
2025-10-08 02:30:00+10:00,ER03,,,
2025-10-08 02:30:00+10:00,ER01,671.043,49.8808,0.07433323944963288
2025-10-08 02:30:00+10:00,ER02,672.8252,50.0134,0.0743334227077107
2025-10-08 02:35:00+10:00,ER01,672.3857,49.9806,0.07433322868109776
2025-10-08 02:35:00+10:00,ER02,674.6319,50.1476,0.07433327715454902
2025-10-08 02:35:00+10:00,ER03,,,
2025-10-08 02:35:00+10:00,ER04,,,
2025-10-08 02:40:00+10:00,ER01,678.3429,50.4235,0.07433334969673892
2025-10-08 02:40:00+10:00,ER02,680.8331,50.6086,0.07433334248878323
2025-10-08 02:40:00+10:00,ER03,,,
2025-10-08 02:40:00+10:00,ER04,,,
2025-10-08 02:45:00+10:00,ER03,,,
2025-10-08 02:45:00+10:00,ER04,,,
2025-10-08 02:45:00+10:00,ER01,684.7883,50.9026,0.07433333776292614
2025-10-08 02:45:00+10:00,ER02,683.299,50.7919,0.07433334455340927
2025-10-08 02:50:00+10:00,ER01,673.7041,50.0787,0.07433337573572729
2025-10-08 02:50:00+10:00,ER02,676.17,50.262,0.07433337770087405
2025-10-08 02:50:00+10:00,ER03,,,
2025-10-08 02:50:00+10:00,ER04,,,
2025-10-08 02:55:00+10:00,ER01,673.7285,50.0804,0.07433320692237302
2025-10-08 02:55:00+10:00,ER02,675.5352,50.2148,0.07433335820250372
2025-10-08 02:55:00+10:00,ER03,,,
2025-10-08 02:55:00+10:00,ER04,,,
2025-10-08 03:00:00+10:00,ER04,,,
2025-10-08 03:00:00+10:00,ER01,678.8556,50.4616,0.07433333392256027
2025-10-08 03:00:00+10:00,ER02,679.5148,50.5106,0.07433333313711489
2025-10-08 03:00:00+10:00,ER03,,,
2025-10-08 03:05:00+10:00,ER03,,,
2025-10-08 03:05:00+10:00,ER04,,,
2025-10-08 03:05:00+10:00,ER01,674.3878,50.1295,0.0743333435154076
2025-10-08 03:05:00+10:00,ER02,675.0958,50.1821,0.07433330202913423
2025-10-08 03:10:00+10:00,ER04,,,
2025-10-08 03:10:00+10:00,ER03,,,
2025-10-08 03:10:00+10:00,ER01,675.5352,50.2148,0.07433335820250372
2025-10-08 03:10:00+10:00,ER02,677.0977,50.3309,0.07433329045424315
2025-10-08 03:15:00+10:00,ER01,674.1436,50.1113,0.07433327261432134
2025-10-08 03:15:00+10:00,ER02,677.7569,50.3799,0.07433328970903874
2025-10-08 03:15:00+10:00,ER03,,,
2025-10-08 03:15:00+10:00,ER04,,,
2025-10-08 03:20:00+10:00,ER01,672.9961,50.026,0.07433326879605989
2025-10-08 03:20:00+10:00,ER02,675.9258,50.2439,0.0743334549443149
2025-10-08 03:20:00+10:00,ER03,,,
2025-10-08 03:20:00+10:00,ER04,,,
2025-10-08 03:25:00+10:00,ER04,,,
2025-10-08 03:25:00+10:00,ER01,672.8496,50.0152,0.07433340229376668
2025-10-08 03:25:00+10:00,ER02,674.8272,50.1622,0.07433339972069887
2025-10-08 03:25:00+10:00,ER03,,,
2025-10-08 03:30:00+10:00,ER04,,,
2025-10-08 03:30:00+10:00,ER03,,,
2025-10-08 03:30:00+10:00,ER01,675.3155,50.1985,0.07433340416442388
2025-10-08 03:30:00+10:00,ER02,675.9991,50.2493,0.07433338298823179
2025-10-08 03:35:00+10:00,ER01,685.2521,50.937,0.07433322714370375
2025-10-08 03:35:00+10:00,ER02,682.0295,50.6975,0.07433329496744642
2025-10-08 03:35:00+10:00,ER03,,,
2025-10-08 03:35:00+10:00,ER04,,,
2025-10-08 03:40:00+10:00,ER03,,,
2025-10-08 03:40:00+10:00,ER01,682.7619,50.7519,0.07433323388431605
2025-10-08 03:40:00+10:00,ER02,679.588,50.516,0.07433327251216913
2025-10-08 03:40:00+10:00,ER04,,,
2025-10-08 03:45:00+10:00,ER04,,,
2025-10-08 03:45:00+10:00,ER03,,,
2025-10-08 03:45:00+10:00,ER02,677.3419,50.3491,0.07433336103967583
2025-10-08 03:45:00+10:00,ER01,677.6836,50.3745,0.07433336146839027
2025-10-08 03:50:00+10:00,ER01,677.0489,50.3273,0.07433333101936951
2025-10-08 03:50:00+10:00,ER02,676.878,50.3146,0.07433333628807554
2025-10-08 03:50:00+10:00,ER03,,,
2025-10-08 03:50:00+10:00,ER04,,,
2025-10-08 03:55:00+10:00,ER01,684.3732,50.8717,0.07433327313226175
2025-10-08 03:55:00+10:00,ER02,683.4943,50.8064,0.07433331923909241
2025-10-08 03:55:00+10:00,ER03,,,
2025-10-08 03:55:00+10:00,ER04,,,
2025-10-08 04:00:00+10:00,ER03,,,
2025-10-08 04:00:00+10:00,ER04,,,
2025-10-08 04:00:00+10:00,ER01,679.7589,50.5288,0.07433341439148497
2025-10-08 04:00:00+10:00,ER02,678.587,50.4416,0.07433328372043674
2025-10-08 04:05:00+10:00,ER01,674.3633,50.1276,0.07433322661538669
2025-10-08 04:05:00+10:00,ER02,676.6339,50.2965,0.0743334024499807
2025-10-08 04:05:00+10:00,ER03,,,
2025-10-08 04:05:00+10:00,ER04,,,
2025-10-08 04:10:00+10:00,ER01,681.6876,50.6721,0.07433331631674099
2025-10-08 04:10:00+10:00,ER02,681.9073,50.6884,0.07433327081261633
2025-10-08 04:10:00+10:00,ER03,,,
2025-10-08 04:10:00+10:00,ER04,,,
2025-10-08 04:15:00+10:00,ER04,,,
2025-10-08 04:15:00+10:00,ER01,678.4161,50.429,0.0743334363674447
2025-10-08 04:15:00+10:00,ER02,679.4904,50.5088,0.07433335334833281
2025-10-08 04:15:00+10:00,ER03,,,
2025-10-08 04:20:00+10:00,ER02,673.7285,50.0804,0.07433320692237302
2025-10-08 04:20:00+10:00,ER03,,,
2025-10-08 04:20:00+10:00,ER01,673.7041,50.0787,0.07433337573572729
2025-10-08 04:20:00+10:00,ER04,,,
2025-10-08 04:25:00+10:00,ER04,,,
2025-10-08 04:25:00+10:00,ER03,,,
2025-10-08 04:25:00+10:00,ER02,676.17,50.262,0.07433337770087405
2025-10-08 04:25:00+10:00,ER01,677.4395,50.3563,0.07433327994603209
2025-10-08 04:30:00+10:00,ER01,676.6094,50.2946,0.07433328594015987
2025-10-08 04:30:00+10:00,ER02,677.0733,50.3291,0.0743333107360754
2025-10-08 04:30:00+10:00,ER03,,,
2025-10-08 04:30:00+10:00,ER04,,,
2025-10-08 04:35:00+10:00,ER01,676.8048,50.3092,0.07433339716266787
2025-10-08 04:35:00+10:00,ER02,675.9991,50.2493,0.07433338298823179
2025-10-08 04:35:00+10:00,ER03,,,
2025-10-08 04:35:00+10:00,ER04,,,
2025-10-08 04:40:00+10:00,ER03,,,
2025-10-08 04:40:00+10:00,ER04,,,
2025-10-08 04:40:00+10:00,ER01,680.6378,50.5941,0.07433336790874677
2025-10-08 04:40:00+10:00,ER02,680.7843,50.6049,0.07433323594565856
2025-10-08 04:45:00+10:00,ER01,685.6428,50.9661,0.07433331174774971
2025-10-08 04:45:00+10:00,ER02,683.9338,50.8391,0.07433336384310879
2025-10-08 04:45:00+10:00,ER03,,,
2025-10-08 04:45:00+10:00,ER04,,,
2025-10-08 04:50:00+10:00,ER01,688.3284,51.1657,0.07433326882923907
2025-10-08 04:50:00+10:00,ER02,684.3976,50.8735,0.0743332530680996
2025-10-08 04:50:00+10:00,ER03,,,
2025-10-08 04:50:00+10:00,ER04,,,
2025-10-08 04:55:00+10:00,ER04,,,
2025-10-08 04:55:00+10:00,ER01,686.9856,51.0659,0.07433329024654957
2025-10-08 04:55:00+10:00,ER02,684.3732,50.8717,0.07433327313226175
2025-10-08 04:55:00+10:00,ER03,,,
2025-10-08 05:00:00+10:00,ER03,,,
2025-10-08 05:00:00+10:00,ER04,,,
2025-10-08 05:00:00+10:00,ER01,684.1535,50.8554,0.07433331847312044
2025-10-08 05:00:00+10:00,ER02,684.1779,50.8572,0.07433329840089836
2025-10-08 05:05:00+10:00,ER01,685.8869,50.9842,0.0743332464871395
2025-10-08 05:05:00+10:00,ER02,684.2023,50.8591,0.07433342448571131
2025-10-08 05:05:00+10:00,ER03,,,
2025-10-08 05:05:00+10:00,ER04,,,
2025-10-08 05:10:00+10:00,ER01,689.2073,51.231,0.07433322311008604
2025-10-08 05:10:00+10:00,ER02,684.6418,50.8917,0.07433332291425969
2025-10-08 05:10:00+10:00,ER03,,,
2025-10-08 05:10:00+10:00,ER04,,,
2025-10-08 05:15:00+10:00,ER01,688.3284,51.1657,0.07433326882923907
2025-10-08 05:15:00+10:00,ER02,685.1056,50.9262,0.07433335824433489
2025-10-08 05:15:00+10:00,ER03,,,
2025-10-08 05:15:00+10:00,ER04,,,
2025-10-08 05:20:00+10:00,ER04,,,
2025-10-08 05:20:00+10:00,ER03,,,
2025-10-08 05:20:00+10:00,ER02,684.6418,50.8917,0.07433332291425969
2025-10-08 05:20:00+10:00,ER01,685.5207,50.957,0.07433327687989583
2025-10-08 05:25:00+10:00,ER01,688.5969,51.1857,0.07433332912187086
2025-10-08 05:25:00+10:00,ER02,685.5207,50.957,0.07433327687989583
2025-10-08 05:25:00+10:00,ER03,,,
2025-10-08 05:25:00+10:00,ER04,,,
2025-10-08 05:30:00+10:00,ER01,687.6204,51.0079,0.07418031809411123
2025-10-08 05:30:00+10:00,ER02,684.8371,50.7819,0.0741517946384622
2025-10-08 05:30:00+10:00,ER03,,,
2025-10-08 05:30:00+10:00,ER04,,,
2025-10-08 05:35:00+10:00,ER04,,,
2025-10-08 05:35:00+10:00,ER01,688.0842,51.1476,0.07433334466915531
2025-10-08 05:35:00+10:00,ER02,685.5207,50.957,0.07433327687989583
2025-10-08 05:35:00+10:00,ER03,,,
2025-10-08 05:40:00+10:00,ER03,,,
2025-10-08 05:40:00+10:00,ER04,,,
2025-10-08 05:40:00+10:00,ER01,688.7922,51.2003,0.07433344918830381
2025-10-08 05:40:00+10:00,ER02,684.4709,50.879,0.07433332812249578
2025-10-08 05:45:00+10:00,ER01,688.1331,51.1512,0.07433329395141725
2025-10-08 05:45:00+10:00,ER02,684.7394,50.8989,0.07433324269057687
2025-10-08 05:45:00+10:00,ER03,,,
2025-10-08 05:45:00+10:00,ER04,,,
2025-10-08 05:50:00+10:00,ER01,685.8869,50.9842,0.0743332464871395
2025-10-08 05:50:00+10:00,ER02,682.6398,50.7429,0.07433334534552483
2025-10-08 05:50:00+10:00,ER03,,,
2025-10-08 05:50:00+10:00,ER04,,,
2025-10-08 05:55:00+10:00,ER01,689.6711,51.2656,0.07433340327005147
2025-10-08 05:55:00+10:00,ER02,685.2766,50.9389,0.07433334218620627
2025-10-08 05:55:00+10:00,ER03,,,
2025-10-08 05:55:00+10:00,ER04,,,
2025-10-08 06:00:00+10:00,ER04,,,
2025-10-08 06:00:00+10:00,ER03,,,
2025-10-08 06:00:00+10:00,ER01,687.1809,51.0805,0.07433341060556253
2025-10-08 06:00:00+10:00,ER02,684.3488,50.87,0.07433343932217021
2025-10-08 06:05:00+10:00,ER01,689.6711,51.2656,0.07433340327005147
2025-10-08 06:05:00+10:00,ER02,685.4719,50.9534,0.07433331694559617
2025-10-08 06:05:00+10:00,ER03,,,
2025-10-08 06:05:00+10:00,ER04,,,
2025-10-08 06:10:00+10:00,ER01,689.4758,51.251,0.07433328334366485
2025-10-08 06:10:00+10:00,ER02,684.3976,50.8735,0.0743332530680996
2025-10-08 06:10:00+10:00,ER03,,,
2025-10-08 06:10:00+10:00,ER04,,,
2025-10-08 06:15:00+10:00,ER01,688.1331,51.1512,0.07433329395141725
2025-10-08 06:15:00+10:00,ER02,685.0324,50.9207,0.07433327241164067
2025-10-08 06:15:00+10:00,ER03,,,
2025-10-08 06:15:00+10:00,ER04,,,
2025-10-08 06:20:00+10:00,ER04,,,
2025-10-08 06:20:00+10:00,ER03,,,
2025-10-08 06:20:00+10:00,ER02,685.716,50.9716,0.07433339749983958
2025-10-08 06:20:00+10:00,ER01,686.5461,51.0333,0.07433339145033377
2025-10-08 06:25:00+10:00,ER01,690.1351,51.3001,0.07433341674695289
2025-10-08 06:25:00+10:00,ER02,685.301,50.9407,0.0743333221460351
2025-10-08 06:25:00+10:00,ER03,,,
2025-10-08 06:25:00+10:00,ER04,,,
2025-10-08 06:30:00+10:00,ER01,684.8371,50.9063,0.07433344367587563
2025-10-08 06:30:00+10:00,ER02,683.4699,50.8046,0.07433333933213444
2025-10-08 06:30:00+10:00,ER03,,,
2025-10-08 06:30:00+10:00,ER04,,,
2025-10-08 06:35:00+10:00,ER04,,,
2025-10-08 06:35:00+10:00,ER01,685.0568,50.9226,0.07433339834010845
2025-10-08 06:35:00+10:00,ER02,682.3713,50.723,0.07433343108070342
2025-10-08 06:35:00+10:00,ER03,,,
2025-10-08 06:40:00+10:00,ER04,,,
2025-10-08 06:40:00+10:00,ER03,,,
2025-10-08 06:40:00+10:00,ER02,684.1291,50.8536,0.07433333854677429
2025-10-08 06:40:00+10:00,ER01,683.6652,50.8191,0.0743333140256371
2025-10-08 06:45:00+10:00,ER01,672.8496,50.0152,0.07433340229376668
2025-10-08 06:45:00+10:00,ER02,677.0733,50.3291,0.0743333107360754
2025-10-08 06:45:00+10:00,ER03,,,
2025-10-08 06:45:00+10:00,ER04,,,
2025-10-08 06:50:00+10:00,ER04,,,
2025-10-08 06:50:00+10:00,ER01,672.6543,50.0006,0.07433327936802009
2025-10-08 06:50:00+10:00,ER02,675.7305,50.2293,0.07433333259339338
2025-10-08 06:50:00+10:00,ER03,,,
2025-10-08 06:55:00+10:00,ER03,,,
2025-10-08 06:55:00+10:00,ER04,,,
2025-10-08 06:55:00+10:00,ER01,666.4286,49.5378,0.07433324440157581
2025-10-08 06:55:00+10:00,ER02,670.6523,49.8518,0.07433330207023818
2025-10-08 07:00:00+10:00,ER03,,,
2025-10-08 07:00:00+10:00,ER04,,,
2025-10-08 07:00:00+10:00,ER01,668.4062,49.6848,0.07433324227094243
2025-10-08 07:00:00+10:00,ER02,674.3389,50.1259,0.07433339527053831
2025-10-08 07:05:00+10:00,ER01,656.5164,48.8011,0.07433340583723423
2025-10-08 07:05:00+10:00,ER02,655.9792,48.7611,0.07433330203152783
2025-10-08 07:05:00+10:00,ER03,,,
2025-10-08 07:05:00+10:00,ER04,,,
2025-10-08 07:10:00+10:00,ER01,657.4197,48.8682,0.07433333683185947
2025-10-08 07:10:00+10:00,ER02,661.6434,49.1821,0.0743332435568767
2025-10-08 07:10:00+10:00,ER03,,,
2025-10-08 07:10:00+10:00,ER04,,,
2025-10-08 07:15:00+10:00,ER01,670.8477,49.8664,0.07433341427569923
2025-10-08 07:15:00+10:00,ER02,673.8018,50.0859,0.07433328317021416
2025-10-08 07:15:00+10:00,ER03,,,
2025-10-08 07:15:00+10:00,ER04,,,
2025-10-08 07:20:00+10:00,ER04,,,
2025-10-08 07:20:00+10:00,ER03,,,
2025-10-08 07:20:00+10:00,ER01,656.4919,48.7993,0.07433343808202356
2025-10-08 07:20:00+10:00,ER02,657.5906,48.8809,0.07433333140710953
2025-10-08 07:25:00+10:00,ER01,630.1488,46.8411,0.07433339554086273
2025-10-08 07:25:00+10:00,ER02,639.5728,47.5415,0.07433321116845494
2025-10-08 07:25:00+10:00,ER03,,,
2025-10-08 07:25:00+10:00,ER04,,,
2025-10-08 07:30:00+10:00,ER01,608.9326,45.264,0.07433334986499328
2025-10-08 07:30:00+10:00,ER02,617.8439,45.9264,0.07433333889029252
2025-10-08 07:30:00+10:00,ER03,,,
2025-10-08 07:30:00+10:00,ER04,,,
2025-10-08 07:35:00+10:00,ER04,,,
2025-10-08 07:35:00+10:00,ER01,595.0897,44.235,0.07433333159690043
2025-10-08 07:35:00+10:00,ER02,605.6611,45.0208,0.07433331940915472
2025-10-08 07:35:00+10:00,ER03,,,
2025-10-08 07:40:00+10:00,ER04,,,
2025-10-08 07:40:00+10:00,ER03,,,
2025-10-08 07:40:00+10:00,ER02,582.4186,43.2931,0.07433330597614843
2025-10-08 07:40:00+10:00,ER01,567.6967,42.1988,0.07433335441266437
2025-10-08 07:45:00+10:00,ER01,549.6788,40.8595,0.07433341071185572
2025-10-08 07:45:00+10:00,ER02,568.6244,42.2678,0.07433342642348797
2025-10-08 07:45:00+10:00,ER03,,,
2025-10-08 07:45:00+10:00,ER04,,,
2025-10-08 07:50:00+10:00,ER01,550.1183,40.8921,0.07433328431357401
2025-10-08 07:50:00+10:00,ER02,552.6818,41.0827,0.07433336867615327
2025-10-08 07:50:00+10:00,ER03,,,
2025-10-08 07:50:00+10:00,ER04,,,
2025-10-08 07:55:00+10:00,ER01,529.5613,39.364,0.07433322638946614
2025-10-08 07:55:00+10:00,ER02,537.7889,39.9756,0.07433325604154344
2025-10-08 07:55:00+10:00,ER03,,,
2025-10-08 07:55:00+10:00,ER04,,,
2025-10-08 08:00:00+10:00,ER04,,,
2025-10-08 08:00:00+10:00,ER03,,,
2025-10-08 08:00:00+10:00,ER02,518.2819,38.5257,0.0743334853098285
2025-10-08 08:00:00+10:00,ER01,504.5609,37.5057,0.07433334608369375
2025-10-08 08:05:00+10:00,ER01,485.127,36.0612,0.07433352503571229
2025-10-08 08:05:00+10:00,ER02,500.5325,37.2062,0.0743332351046136
2025-10-08 08:05:00+10:00,ER03,,,
2025-10-08 08:05:00+10:00,ER04,,,
2025-10-08 08:10:00+10:00,ER01,465.449,34.5984,0.07433338561260201
2025-10-08 08:10:00+10:00,ER02,485.7374,36.1065,0.07433337437059613
2025-10-08 08:10:00+10:00,ER03,,,
2025-10-08 08:10:00+10:00,ER04,,,
2025-10-08 08:15:00+10:00,ER01,449.0669,33.3806,0.07433324522470929
2025-10-08 08:15:00+10:00,ER02,467.9393,34.7835,0.07433335904891937
2025-10-08 08:15:00+10:00,ER03,,,
2025-10-08 08:15:00+10:00,ER04,,,
2025-10-08 08:20:00+10:00,ER03,,,
2025-10-08 08:20:00+10:00,ER04,,,
2025-10-08 08:20:00+10:00,ER02,444.184,41.9619,0.0944696342056445
2025-10-08 08:20:00+10:00,ER01,417.0596,41.0572,0.09844444295251806
2025-10-08 08:25:00+10:00,ER01,403.9735,30.0287,0.07433334117213135
2025-10-08 08:25:00+10:00,ER02,427.5334,31.78,0.07433337372004153
2025-10-08 08:25:00+10:00,ER03,,,
2025-10-08 08:25:00+10:00,ER04,,,
2025-10-08 08:30:00+10:00,ER01,379.6567,28.2212,0.0743334702113778
2025-10-08 08:30:00+10:00,ER02,407.4403,30.2864,0.07433334405064988
2025-10-08 08:30:00+10:00,ER03,,,
2025-10-08 08:30:00+10:00,ER04,,,
2025-10-08 08:35:00+10:00,ER01,357.9767,26.6096,0.07433332951558021
2025-10-08 08:35:00+10:00,ER02,393.0114,29.2138,0.07433321272614483
2025-10-08 08:35:00+10:00,ER03,,,
2025-10-08 08:35:00+10:00,ER04,,,
2025-10-08 08:40:00+10:00,ER04,,,
2025-10-08 08:40:00+10:00,ER03,,,
2025-10-08 08:40:00+10:00,ER01,340.9842,25.3464,0.07433306293957315
2025-10-08 08:40:00+10:00,ER02,376.7758,28.007,0.07433333032535529
2025-10-08 08:45:00+10:00,ER01,318.8891,23.7041,0.07433336542390442
2025-10-08 08:45:00+10:00,ER02,353.9483,26.3102,0.07433345491417813
2025-10-08 08:45:00+10:00,ER03,,,
2025-10-08 08:45:00+10:00,ER04,,,
2025-10-08 08:50:00+10:00,ER01,300.7492,22.3557,0.07433336481028047
2025-10-08 08:50:00+10:00,ER02,338.0057,25.1251,0.0743333618338389
2025-10-08 08:50:00+10:00,ER03,,,
2025-10-08 08:50:00+10:00,ER04,,,
2025-10-08 08:55:00+10:00,ER01,276.4324,20.5481,0.07433318236212544
2025-10-08 08:55:00+10:00,ER02,321.355,23.8874,0.07433336963793935
2025-10-08 08:55:00+10:00,ER03,,,
2025-10-08 08:55:00+10:00,ER04,,,
2025-10-08 09:00:00+10:00,ER03,,,
2025-10-08 09:00:00+10:00,ER04,,,
2025-10-08 09:00:00+10:00,ER02,300.9689,22.372,0.07433326167587415
2025-10-08 09:00:00+10:00,ER01,255.3872,18.9838,0.0743334043366308
2025-10-08 09:05:00+10:00,ER01,240.3479,17.8659,0.07433349740105905
2025-10-08 09:05:00+10:00,ER02,285.8808,21.2505,0.07433342847788307
2025-10-08 09:05:00+10:00,ER03,,,
2025-10-08 09:05:00+10:00,ER04,,,
2025-10-08 09:10:00+10:00,ER01,229.3126,17.0456,0.07433346444983835
2025-10-08 09:10:00+10:00,ER02,266.8131,19.8331,0.07433330672294576
2025-10-08 09:10:00+10:00,ER03,,,
2025-10-08 09:10:00+10:00,ER04,,,
2025-10-08 09:15:00+10:00,ER04,,,
2025-10-08 09:15:00+10:00,ER03,,,
2025-10-08 09:15:00+10:00,ER02,246.4271,18.3178,0.07433354529595161
2025-10-08 09:15:00+10:00,ER01,212.2469,15.777,0.07433324114510034
2025-10-08 09:20:00+10:00,ER01,218.8144,16.2652,0.07433331627168961
2025-10-08 09:20:00+10:00,ER02,229.3126,17.0456,0.07433346444983835
2025-10-08 09:20:00+10:00,ER03,,,
2025-10-08 09:20:00+10:00,ER04,,,
2025-10-08 09:25:00+10:00,ER01,204.0925,15.1709,0.07433345174369464
2025-10-08 09:25:00+10:00,ER02,212.3201,15.7824,0.07433304713025286
2025-10-08 09:25:00+10:00,ER03,,,
2025-10-08 09:25:00+10:00,ER04,,,
2025-10-08 09:30:00+10:00,ER03,,,
2025-10-08 09:30:00+10:00,ER04,,,
2025-10-08 09:30:00+10:00,ER01,186.1479,13.837,0.07433336610297511
2025-10-08 09:30:00+10:00,ER02,193.6187,14.3923,0.07433321264939803
2025-10-08 09:35:00+10:00,ER03,,,
2025-10-08 09:35:00+10:00,ER04,,,
2025-10-08 09:35:00+10:00,ER01,183.9994,13.6773,0.07433339456541706
2025-10-08 09:35:00+10:00,ER02,188.5405,14.0148,0.07433310084570688
2025-10-08 09:40:00+10:00,ER04,,,
2025-10-08 09:40:00+10:00,ER03,,,
2025-10-08 09:40:00+10:00,ER02,210.2693,15.63,0.07433324788735209
2025-10-08 09:40:00+10:00,ER01,202.5055,15.0529,0.0743332897131189
2025-10-08 09:45:00+10:00,ER01,217.789,16.189,0.07433341445160224
2025-10-08 09:45:00+10:00,ER02,220.6455,16.4013,0.07433326308490315
2025-10-08 09:45:00+10:00,ER03,,,
2025-10-08 09:45:00+10:00,ER04,,,
2025-10-08 09:50:00+10:00,ER01,198.0865,14.7244,0.0743331827257284
2025-10-08 09:50:00+10:00,ER02,201.4313,14.973,0.07433303563051026
2025-10-08 09:50:00+10:00,ER03,,,
2025-10-08 09:50:00+10:00,ER04,,,
2025-10-08 09:55:00+10:00,ER03,,,
2025-10-08 09:55:00+10:00,ER04,,,
2025-10-08 09:55:00+10:00,ER01,191.4702,14.2326,0.07433323827937716
2025-10-08 09:55:00+10:00,ER02,192.7642,14.3288,0.07433330462814153
2025-10-08 10:00:00+10:00,ER01,180.8988,13.4468,0.07433327363144476
2025-10-08 10:00:00+10:00,ER02,182.7543,13.5847,0.07433313470599598
2025-10-08 10:00:00+10:00,ER03,,,
2025-10-08 10:00:00+10:00,ER04,,,
2025-10-08 10:05:00+10:00,ER01,184.8783,13.7426,0.07433322353137171
2025-10-08 10:05:00+10:00,ER02,186.7094,13.8787,0.07433316158693672
2025-10-08 10:05:00+10:00,ER03,,,
2025-10-08 10:05:00+10:00,ER04,,,
2025-10-08 10:10:00+10:00,ER04,,,
2025-10-08 10:10:00+10:00,ER01,196.7926,14.6283,0.07433358774669373
2025-10-08 10:10:00+10:00,ER02,198.526,14.7571,0.07433333669141573
2025-10-08 10:10:00+10:00,ER03,,,
2025-10-08 10:15:00+10:00,ER03,,,
2025-10-08 10:15:00+10:00,ER04,,,
2025-10-08 10:15:00+10:00,ER01,193.521,14.3851,0.07433353486184963
2025-10-08 10:15:00+10:00,ER02,196.3043,14.592,0.0743335729273378
2025-10-08 10:20:00+10:00,ER01,184.6586,13.7263,0.07433339145861606
2025-10-08 10:20:00+10:00,ER02,187.1977,13.915,0.0743331782388352
2025-10-08 10:20:00+10:00,ER03,,,
2025-10-08 10:20:00+10:00,ER04,,,
2025-10-08 10:25:00+10:00,ER01,180.4105,13.4105,0.0743332566563476
2025-10-08 10:25:00+10:00,ER02,180.9476,13.4505,0.07433367450024206
2025-10-08 10:25:00+10:00,ER03,,,
2025-10-08 10:25:00+10:00,ER04,,,
2025-10-08 10:30:00+10:00,ER01,182.1927,13.543,0.07433338437818858
2025-10-08 10:30:00+10:00,ER02,183.4867,13.6392,0.07433345305136557
2025-10-08 10:30:00+10:00,ER03,,,
2025-10-08 10:30:00+10:00,ER04,,,
2025-10-08 10:35:00+10:00,ER04,,,
2025-10-08 10:35:00+10:00,ER03,,,
2025-10-08 10:35:00+10:00,ER02,186.7338,13.8806,0.07433362358608886
2025-10-08 10:35:00+10:00,ER01,183.2914,13.6247,0.07433354756415195
2025-10-08 10:40:00+10:00,ER01,180.6546,13.4287,0.07433356249993081
2025-10-08 10:40:00+10:00,ER02,181.2406,13.4722,0.07433323438567298
2025-10-08 10:40:00+10:00,ER03,,,
2025-10-08 10:40:00+10:00,ER04,,,
2025-10-08 10:45:00+10:00,ER01,180.8499,13.4432,0.07433346659301443
2025-10-08 10:45:00+10:00,ER02,183.4867,13.6392,0.07433345305136557
2025-10-08 10:45:00+10:00,ER03,,,
2025-10-08 10:45:00+10:00,ER04,,,
2025-10-08 10:50:00+10:00,ER04,,,
2025-10-08 10:50:00+10:00,ER01,179.7513,13.3615,0.07433325934221338
2025-10-08 10:50:00+10:00,ER02,179.8733,13.3705,0.07433287764220704
2025-10-08 10:50:00+10:00,ER03,,,
2025-10-08 10:55:00+10:00,ER03,,,
2025-10-08 10:55:00+10:00,ER04,,,
2025-10-08 10:55:00+10:00,ER01,181.558,13.4958,0.07433327091067317
2025-10-08 10:55:00+10:00,ER02,182.7543,13.5847,0.07433313470599598
2025-10-08 11:00:00+10:00,ER01,182.4369,13.5612,0.07433364631826127
2025-10-08 11:00:00+10:00,ER02,185.2201,13.768,0.07433318522125838
2025-10-08 11:00:00+10:00,ER03,,,
2025-10-08 11:00:00+10:00,ER04,,,
2025-10-08 11:05:00+10:00,ER01,180.4105,13.4105,0.0743332566563476
2025-10-08 11:05:00+10:00,ER02,183.2181,13.6192,0.07433326729182324
2025-10-08 11:05:00+10:00,ER03,,,
2025-10-08 11:05:00+10:00,ER04,,,
2025-10-08 11:10:00+10:00,ER01,180.0198,13.3815,0.07433348998276856
2025-10-08 11:10:00+10:00,ER02,181.1673,13.4668,0.07433350278996263
2025-10-08 11:10:00+10:00,ER03,,,
2025-10-08 11:10:00+10:00,ER04,,,
2025-10-08 11:15:00+10:00,ER04,,,
2025-10-08 11:15:00+10:00,ER03,,,
2025-10-08 11:15:00+10:00,ER01,180.6546,13.4287,0.07433356249993081
2025-10-08 11:15:00+10:00,ER02,180.5814,13.4232,0.07433323697789473
2025-10-08 11:20:00+10:00,ER01,180.0198,22.1914,0.1232719956360356
2025-10-08 11:20:00+10:00,ER02,181.4847,23.254,0.12813201333225335
2025-10-08 11:20:00+10:00,ER03,,,
2025-10-08 11:20:00+10:00,ER04,,,
2025-10-08 11:25:00+10:00,ER01,179.7757,13.3633,0.07433318296076723
2025-10-08 11:25:00+10:00,ER02,181.4847,13.4903,0.07433298784966445
2025-10-08 11:25:00+10:00,ER03,,,
2025-10-08 11:25:00+10:00,ER04,,,
2025-10-08 11:30:00+10:00,ER01,180.6302,13.4268,0.07433308494371373
2025-10-08 11:30:00+10:00,ER02,182.5834,13.572,0.07433315405453068
2025-10-08 11:30:00+10:00,ER03,,,
2025-10-08 11:30:00+10:00,ER04,,,
2025-10-08 11:35:00+10:00,ER04,,,
2025-10-08 11:35:00+10:00,ER03,,,
2025-10-08 11:35:00+10:00,ER02,182.5834,13.572,0.07433315405453068
2025-10-08 11:35:00+10:00,ER01,181.1185,13.4631,0.07433310236116134
2025-10-08 11:40:00+10:00,ER01,180.2151,13.396,0.07433339381661137
2025-10-08 11:40:00+10:00,ER02,182.5101,13.5666,0.07433342045179965
2025-10-08 11:40:00+10:00,ER03,,,
2025-10-08 11:40:00+10:00,ER04,,,
2025-10-08 11:45:00+10:00,ER01,180.4105,13.4105,0.0743332566563476
2025-10-08 11:45:00+10:00,ER02,183.6576,13.6519,0.07433343351976722
2025-10-08 11:45:00+10:00,ER03,,,
2025-10-08 11:45:00+10:00,ER04,,,
2025-10-08 11:50:00+10:00,ER04,,,
2025-10-08 11:50:00+10:00,ER01,185.5131,13.7898,0.07433329506110349
2025-10-08 11:50:00+10:00,ER02,188.3696,14.0022,0.07433365044041076
2025-10-08 11:50:00+10:00,ER03,,,
2025-10-08 11:55:00+10:00,ER04,,,
2025-10-08 11:55:00+10:00,ER03,,,
2025-10-08 11:55:00+10:00,ER02,184.3656,13.7045,0.07433328126288201
2025-10-08 11:55:00+10:00,ER01,181.558,13.4958,0.07433327091067317
2025-10-08 12:00:00+10:00,ER01,183.9994,13.6773,0.07433339456541706
2025-10-08 12:00:00+10:00,ER02,186.3432,13.8515,0.07433327322918143
2025-10-08 12:00:00+10:00,ER03,,,
2025-10-08 12:00:00+10:00,ER04,,,
2025-10-08 12:05:00+10:00,ER04,,,
2025-10-08 12:05:00+10:00,ER01,186.5385,13.8661,0.07433371663222338
2025-10-08 12:05:00+10:00,ER02,188.101,13.9822,0.07433346978484963
2025-10-08 12:05:00+10:00,ER03,,,
2025-10-08 12:10:00+10:00,ER03,,,
2025-10-08 12:10:00+10:00,ER04,,,
2025-10-08 12:10:00+10:00,ER01,182.1927,13.543,0.07433338437818858
2025-10-08 12:10:00+10:00,ER02,183.9262,13.6719,0.07433361859267468
2025-10-08 12:15:00+10:00,ER04,,,
2025-10-08 12:15:00+10:00,ER03,,,
2025-10-08 12:15:00+10:00,ER02,183.8773,13.6682,0.07433326462809711
2025-10-08 12:15:00+10:00,ER01,181.558,13.4958,0.07433327091067317
2025-10-08 12:20:00+10:00,ER01,186.3676,13.8533,0.07433319954756085
2025-10-08 12:20:00+10:00,ER02,187.6616,13.9495,0.0743332679674478
2025-10-08 12:20:00+10:00,ER03,,,
2025-10-08 12:20:00+10:00,ER04,,,
2025-10-08 12:25:00+10:00,ER01,188.6137,14.0203,0.07433341268423238
2025-10-08 12:25:00+10:00,ER02,190.103,14.131,0.0743333876898313
2025-10-08 12:25:00+10:00,ER03,,,
2025-10-08 12:25:00+10:00,ER04,,,
2025-10-08 12:30:00+10:00,ER01,184.8295,13.739,0.07433337210780747
2025-10-08 12:30:00+10:00,ER02,186.7582,13.8824,0.0743335500127973
2025-10-08 12:30:00+10:00,ER03,,,
2025-10-08 12:30:00+10:00,ER04,,,
2025-10-08 12:35:00+10:00,ER04,,,
2025-10-08 12:35:00+10:00,ER03,,,
2025-10-08 12:35:00+10:00,ER02,194.7662,14.4776,0.07433322619633181
2025-10-08 12:35:00+10:00,ER01,192.813,14.3325,0.07433368082027664
2025-10-08 12:40:00+10:00,ER01,190.396,14.1527,0.0743329691800248
2025-10-08 12:40:00+10:00,ER02,207.3884,15.4159,0.07433347284611869
2025-10-08 12:40:00+10:00,ER03,,,
2025-10-08 12:40:00+10:00,ER04,,,
2025-10-08 12:45:00+10:00,ER01,179.7757,13.3633,0.07433318296076723
2025-10-08 12:45:00+10:00,ER02,209.1951,15.5501,0.0743330030196692
2025-10-08 12:45:00+10:00,ER03,,,
2025-10-08 12:45:00+10:00,ER04,,,
2025-10-08 12:50:00+10:00,ER01,179.5071,13.3433,0.07433299295682454
2025-10-08 12:50:00+10:00,ER02,210.5135,15.6482,0.07433347505029368
2025-10-08 12:50:00+10:00,ER03,,,
2025-10-08 12:50:00+10:00,ER04,,,
2025-10-08 12:55:00+10:00,ER04,,,
2025-10-08 12:55:00+10:00,ER03,,,
2025-10-08 12:55:00+10:00,ER02,222.6474,16.5502,0.07433367737507826
2025-10-08 12:55:00+10:00,ER01,182.6322,13.5756,0.07433300370909401
2025-10-08 13:00:00+10:00,ER01,192.1782,14.2853,0.07433361328183946
2025-10-08 13:00:00+10:00,ER02,222.8672,16.5665,0.07433350443672286
2025-10-08 13:00:00+10:00,ER03,,,
2025-10-08 13:00:00+10:00,ER04,,,
2025-10-08 13:05:00+10:00,ER01,180.2151,13.396,0.07433339381661137
2025-10-08 13:05:00+10:00,ER02,208.7312,15.5157,0.07433340104402217
2025-10-08 13:05:00+10:00,ER03,,,
2025-10-08 13:05:00+10:00,ER04,,,
2025-10-08 13:10:00+10:00,ER04,,,
2025-10-08 13:10:00+10:00,ER03,,,
2025-10-08 13:10:00+10:00,ER02,227.3106,16.8967,0.07433309313336026
2025-10-08 13:10:00+10:00,ER01,182.4369,13.5612,0.07433364631826127
2025-10-08 13:15:00+10:00,ER01,182.6322,13.5756,0.07433300370909401
2025-10-08 13:15:00+10:00,ER02,229.2637,17.0419,0.07433318052530775
2025-10-08 13:15:00+10:00,ER03,,,
2025-10-08 13:15:00+10:00,ER04,,,
2025-10-08 13:20:00+10:00,ER01,180.6546,13.4287,0.07433356249993081
2025-10-08 13:20:00+10:00,ER02,216.9101,16.1236,0.07433309928859928
2025-10-08 13:20:00+10:00,ER03,,,
2025-10-08 13:20:00+10:00,ER04,,,
2025-10-08 13:25:00+10:00,ER03,,,
2025-10-08 13:25:00+10:00,ER04,,,
2025-10-08 13:25:00+10:00,ER01,184.4144,13.7082,0.07433367459374104
2025-10-08 13:25:00+10:00,ER02,216.2753,16.0764,0.07433303756832149
2025-10-08 13:30:00+10:00,ER03,,,
2025-10-08 13:30:00+10:00,ER04,,,
2025-10-08 13:30:00+10:00,ER01,197.94,14.7135,0.07433313125189452
2025-10-08 13:30:00+10:00,ER02,230.9239,17.1654,0.0743335791574627
2025-10-08 13:35:00+10:00,ER04,,,
2025-10-08 13:35:00+10:00,ER03,,,
2025-10-08 13:35:00+10:00,ER01,209.1707,15.5484,0.0743335467156729
2025-10-08 13:35:00+10:00,ER02,233.7804,17.3777,0.07433343428277137
2025-10-08 13:40:00+10:00,ER01,181.5335,13.494,0.07433338750148044
2025-10-08 13:40:00+10:00,ER02,207.8035,15.4468,0.07433368542878248
2025-10-08 13:40:00+10:00,ER03,,,
2025-10-08 13:40:00+10:00,ER04,,,
2025-10-08 13:45:00+10:00,ER01,194.7906,14.4794,0.0743331557066922
2025-10-08 13:45:00+10:00,ER02,228.0186,16.9494,0.07433340964289756
2025-10-08 13:45:00+10:00,ER03,,,
2025-10-08 13:45:00+10:00,ER04,,,
2025-10-08 13:50:00+10:00,ER04,,,
2025-10-08 13:50:00+10:00,ER01,221.3046,16.4504,0.07433374633875663
2025-10-08 13:50:00+10:00,ER02,254.8257,18.9421,0.07433355426866285
2025-10-08 13:50:00+10:00,ER03,,,
2025-10-08 13:55:00+10:00,ER04,,,
2025-10-08 13:55:00+10:00,ER03,,,
2025-10-08 13:55:00+10:00,ER01,238.3459,17.7171,0.07433356311142754
2025-10-08 13:55:00+10:00,ER02,274.1619,20.3793,0.07433308566945297
2025-10-08 14:00:00+10:00,ER01,261.8082,19.4611,0.07433342423957691
2025-10-08 14:00:00+10:00,ER02,293.4493,21.8131,0.07433345385386846
2025-10-08 14:00:00+10:00,ER03,,,
2025-10-08 14:00:00+10:00,ER04,,,
2025-10-08 14:05:00+10:00,ER03,,,
2025-10-08 14:05:00+10:00,ER01,289.0059,21.4827,0.07433308454948498
2025-10-08 14:05:00+10:00,ER02,309.3675,22.9963,0.07433327676630545
2025-10-08 14:05:00+10:00,ER04,,,
2025-10-08 14:10:00+10:00,ER04,,,
2025-10-08 14:10:00+10:00,ER03,,,
2025-10-08 14:10:00+10:00,ER02,330.2663,24.5498,0.07433334857356019
2025-10-08 14:10:00+10:00,ER01,310.0267,23.0454,0.07433359771916419
2025-10-08 14:15:00+10:00,ER01,321.2818,23.882,0.07433349788254424
2025-10-08 14:15:00+10:00,ER02,344.9638,25.6423,0.0743333068571253
2025-10-08 14:15:00+10:00,ER03,,,
2025-10-08 14:15:00+10:00,ER04,,,
2025-10-08 14:20:00+10:00,ER01,350.457,19.7161,0.056258257075761084
2025-10-08 14:20:00+10:00,ER02,374.3587,20.6588,0.05518450619686413
2025-10-08 14:20:00+10:00,ER03,,,
2025-10-08 14:20:00+10:00,ER04,,,
2025-10-08 14:25:00+10:00,ER03,,,
2025-10-08 14:25:00+10:00,ER04,,,
2025-10-08 14:25:00+10:00,ER01,375.0424,27.8781,0.07433319539337419
2025-10-08 14:25:00+10:00,ER02,382.0981,28.4026,0.07433326677102033
2025-10-08 14:30:00+10:00,ER01,367.9377,27.3501,0.07433350809117957
2025-10-08 14:30:00+10:00,ER02,372.8206,27.713,0.07433333887666078
2025-10-08 14:30:00+10:00,ER03,,,
2025-10-08 14:30:00+10:00,ER04,,,
2025-10-08 14:35:00+10:00,ER01,379.2416,28.1903,0.07433335372490782
2025-10-08 14:35:00+10:00,ER02,388.1041,28.8491,0.07433340693901455
2025-10-08 14:35:00+10:00,ER03,,,
2025-10-08 14:35:00+10:00,ER04,,,
2025-10-08 14:40:00+10:00,ER04,,,
2025-10-08 14:40:00+10:00,ER01,372.9671,27.7239,0.07433336613336672
2025-10-08 14:40:00+10:00,ER02,382.3667,28.4226,0.07433335591200803
2025-10-08 14:40:00+10:00,ER03,,,
2025-10-08 14:45:00+10:00,ER03,,,
2025-10-08 14:45:00+10:00,ER04,,,
2025-10-08 14:45:00+10:00,ER01,377.4106,28.0542,0.07433336530558496
2025-10-08 14:45:00+10:00,ER02,388.3726,28.869,0.07433325625958165
2025-10-08 14:50:00+10:00,ER02,408.2948,30.3499,0.074333300350629
2025-10-08 14:50:00+10:00,ER03,,,
2025-10-08 14:50:00+10:00,ER01,392.9137,29.2066,0.07433337142481924
2025-10-08 14:50:00+10:00,ER04,,,
2025-10-08 14:55:00+10:00,ER04,,,
2025-10-08 14:55:00+10:00,ER02,402.3133,29.9053,0.07433336158660427
2025-10-08 14:55:00+10:00,ER01,387.5914,28.811,0.0743334346427707
2025-10-08 14:55:00+10:00,ER03,,,
2025-10-08 15:00:00+10:00,ER01,395.111,29.3699,0.0743332886201599
2025-10-08 15:00:00+10:00,ER02,410.7362,30.5314,0.07433335556982804
2025-10-08 15:00:00+10:00,ER03,,,
2025-10-08 15:00:00+10:00,ER04,,,
2025-10-08 15:05:00+10:00,ER01,418.5733,31.1139,0.07433321714500184
2025-10-08 15:05:00+10:00,ER02,434.9065,32.328,0.07433321874931739
2025-10-08 15:05:00+10:00,ER03,,,
2025-10-08 15:05:00+10:00,ER04,,,
2025-10-08 15:10:00+10:00,ER03,,,
2025-10-08 15:10:00+10:00,ER04,,,
2025-10-08 15:10:00+10:00,ER01,438.2269,32.5749,0.07433341038626337
2025-10-08 15:10:00+10:00,ER02,455.7321,33.8761,0.07433336383370845
2025-10-08 15:15:00+10:00,ER01,458.4176,34.0757,0.07433331530028515
2025-10-08 15:15:00+10:00,ER02,472.0897,35.092,0.07433333114448377
2025-10-08 15:15:00+10:00,ER03,,,
2025-10-08 15:15:00+10:00,ER04,,,
2025-10-08 15:20:00+10:00,ER01,480.0488,35.6837,0.07433348442908304
2025-10-08 15:20:00+10:00,ER02,498.8235,37.0792,0.07433330626965248
2025-10-08 15:20:00+10:00,ER03,,,
2025-10-08 15:20:00+10:00,ER04,,,
2025-10-08 15:25:00+10:00,ER04,,,
2025-10-08 15:25:00+10:00,ER01,500.3372,37.1918,0.07433346950816369
2025-10-08 15:25:00+10:00,ER02,518.2819,38.5257,0.0743334853098285
2025-10-08 15:25:00+10:00,ER03,,,
2025-10-08 15:30:00+10:00,ER03,,,
2025-10-08 15:30:00+10:00,ER04,,,
2025-10-08 15:30:00+10:00,ER01,523.1403,38.8867,0.07433321424482112
2025-10-08 15:30:00+10:00,ER02,544.2832,40.4584,0.07433336174991255
2025-10-08 15:35:00+10:00,ER01,538.4238,40.0228,0.07433326684295902
2025-10-08 15:35:00+10:00,ER02,549.1173,40.8177,0.074333298186016
2025-10-08 15:35:00+10:00,ER03,,,
2025-10-08 15:35:00+10:00,ER04,,,
2025-10-08 15:40:00+10:00,ER01,563.3997,41.8794,0.07433337291446906
2025-10-08 15:40:00+10:00,ER02,550.4112,40.9139,0.07433333478679212
2025-10-08 15:40:00+10:00,ER03,,,
2025-10-08 15:40:00+10:00,ER04,,,
2025-10-08 15:45:00+10:00,ER01,577.8042,42.9502,0.07433348528792279
2025-10-08 15:45:00+10:00,ER02,549.9229,40.8776,0.07433332927215797
2025-10-08 15:45:00+10:00,ER03,,,
2025-10-08 15:45:00+10:00,ER04,,,
2025-10-08 15:50:00+10:00,ER04,,,
2025-10-08 15:50:00+10:00,ER03,,,
2025-10-08 15:50:00+10:00,ER02,549.0684,40.8141,0.07433336174509406
2025-10-08 15:50:00+10:00,ER01,603.1952,44.8375,0.07433331697599715
2025-10-08 15:55:00+10:00,ER01,619.6018,46.0571,0.07433338637815448
2025-10-08 15:55:00+10:00,ER02,548.4336,40.7669,0.07433333770943283
2025-10-08 15:55:00+10:00,ER03,,,
2025-10-08 15:55:00+10:00,ER04,,,
2025-10-08 16:00:00+10:00,ER01,639.4507,47.5325,0.07433333015352082
2025-10-08 16:00:00+10:00,ER02,550.2892,40.9048,0.07433327784735735
2025-10-08 16:00:00+10:00,ER03,,,
2025-10-08 16:00:00+10:00,ER04,,,
2025-10-08 16:05:00+10:00,ER04,,,
2025-10-08 16:05:00+10:00,ER01,648.5572,48.2094,0.07433330475708234
2025-10-08 16:05:00+10:00,ER02,549.7764,40.8667,0.07433331077870932
2025-10-08 16:05:00+10:00,ER03,,,
2025-10-08 16:10:00+10:00,ER03,,,
2025-10-08 16:10:00+10:00,ER04,,,
2025-10-08 16:10:00+10:00,ER01,640.5493,47.6142,0.07433338854636169
2025-10-08 16:10:00+10:00,ER02,550.0206,40.8849,0.07433339769455909
2025-10-08 16:15:00+10:00,ER01,640.354,47.5996,0.07433325941588559
2025-10-08 16:15:00+10:00,ER02,532.0272,39.5474,0.07433341753955437
2025-10-08 16:15:00+10:00,ER03,,,
2025-10-08 16:15:00+10:00,ER04,,,
2025-10-08 16:20:00+10:00,ER01,635.227,47.2186,0.07433342726300993
2025-10-08 16:20:00+10:00,ER02,540.914,40.208,0.07433344302421457
2025-10-08 16:20:00+10:00,ER03,,,
2025-10-08 16:20:00+10:00,ER04,,,
2025-10-08 16:25:00+10:00,ER01,639.8901,47.5652,0.07433338943671734
2025-10-08 16:25:00+10:00,ER02,550.2404,40.9012,0.07433332776001181
2025-10-08 16:25:00+10:00,ER03,,,
2025-10-08 16:25:00+10:00,ER04,,,
2025-10-08 16:30:00+10:00,ER04,,,
2025-10-08 16:30:00+10:00,ER03,,,
2025-10-08 16:30:00+10:00,ER01,636.5942,47.3202,0.07433338223942348
2025-10-08 16:30:00+10:00,ER02,550.2404,40.9012,0.07433332776001181
2025-10-08 16:35:00+10:00,ER01,639.4019,47.5289,0.07433337311008929
2025-10-08 16:35:00+10:00,ER02,549.9717,40.8813,0.07433346115809232
2025-10-08 16:35:00+10:00,ER03,,,
2025-10-08 16:35:00+10:00,ER04,,,
2025-10-08 16:40:00+10:00,ER01,639.2554,47.518,0.07433335721528515
2025-10-08 16:40:00+10:00,ER02,550.6554,40.932,0.07433323999001917
2025-10-08 16:40:00+10:00,ER03,,,
2025-10-08 16:40:00+10:00,ER04,,,
2025-10-08 16:45:00+10:00,ER01,637.644,47.3982,0.07433332706024051
2025-10-08 16:45:00+10:00,ER02,549.5811,40.8522,0.07433334224921491
2025-10-08 16:45:00+10:00,ER03,,,
2025-10-08 16:45:00+10:00,ER04,,,
2025-10-08 16:50:00+10:00,ER04,,,
2025-10-08 16:50:00+10:00,ER03,,,
2025-10-08 16:50:00+10:00,ER02,550.6554,40.932,0.07433323999001917
2025-10-08 16:50:00+10:00,ER01,635.2026,47.2167,0.07433329145693045
2025-10-08 16:55:00+10:00,ER01,639.4019,47.5289,0.07433337311008929
2025-10-08 16:55:00+10:00,ER02,549.3858,40.8377,0.07433337374209525
2025-10-08 16:55:00+10:00,ER03,,,
2025-10-08 16:55:00+10:00,ER04,,,
2025-10-08 17:00:00+10:00,ER01,639.8901,47.5652,0.07433338943671734
2025-10-08 17:00:00+10:00,ER02,550.0206,40.8849,0.07433339769455909
2025-10-08 17:00:00+10:00,ER03,,,
2025-10-08 17:00:00+10:00,ER04,,,
2025-10-08 17:05:00+10:00,ER04,,,
2025-10-08 17:05:00+10:00,ER01,640.0855,47.5797,0.07433335077891938
2025-10-08 17:05:00+10:00,ER02,550.2159,40.8994,0.07433336622951099
2025-10-08 17:05:00+10:00,ER03,,,
2025-10-08 17:10:00+10:00,ER04,,,
2025-10-08 17:10:00+10:00,ER03,,,
2025-10-08 17:10:00+10:00,ER02,549.1417,40.8195,0.07433327317885347
2025-10-08 17:10:00+10:00,ER01,638.8159,47.4854,0.07433346602675356
2025-10-08 17:15:00+10:00,ER01,640.5249,47.6124,0.07433340998921353
2025-10-08 17:15:00+10:00,ER02,550.045,40.8867,0.07433337272404986
2025-10-08 17:15:00+10:00,ER03,,,
2025-10-08 17:15:00+10:00,ER04,,,
2025-10-08 17:20:00+10:00,ER04,,,
2025-10-08 17:20:00+10:00,ER01,638.7671,47.4817,0.07433335248481018
2025-10-08 17:20:00+10:00,ER02,549.752,40.8649,0.07433333575866936
2025-10-08 17:20:00+10:00,ER03,,,
2025-10-08 17:25:00+10:00,ER03,,,
2025-10-08 17:25:00+10:00,ER04,,,
2025-10-08 17:25:00+10:00,ER01,626.4134,46.5634,0.07433333961246678
2025-10-08 17:25:00+10:00,ER02,549.9473,40.8794,0.0743333043002484
2025-10-08 17:30:00+10:00,ER03,,,
2025-10-08 17:30:00+10:00,ER04,,,
2025-10-08 17:30:00+10:00,ER01,619.5529,46.0534,0.07433328130656801
2025-10-08 17:30:00+10:00,ER02,550.045,40.8867,0.07433337272404986
2025-10-08 17:35:00+10:00,ER01,615.1339,45.725,0.07433340936014093
2025-10-08 17:35:00+10:00,ER02,550.2892,40.9048,0.07433327784735735
2025-10-08 17:35:00+10:00,ER03,,,
2025-10-08 17:35:00+10:00,ER04,,,
2025-10-08 17:40:00+10:00,ER01,619.382,46.0408,0.07433344850189383
2025-10-08 17:40:00+10:00,ER02,550.4357,40.9157,0.07433329633234181
2025-10-08 17:40:00+10:00,ER03,,,
2025-10-08 17:40:00+10:00,ER04,,,
2025-10-08 17:45:00+10:00,ER01,619.1135,46.0208,0.07433338152051279
2025-10-08 17:45:00+10:00,ER02,549.9473,40.8794,0.0743333043002484
2025-10-08 17:45:00+10:00,ER03,,,
2025-10-08 17:45:00+10:00,ER04,,,
2025-10-08 17:50:00+10:00,ER04,,,
2025-10-08 17:50:00+10:00,ER03,,,
2025-10-08 17:50:00+10:00,ER01,619.382,46.0408,0.07433344850189383
2025-10-08 17:50:00+10:00,ER02,549.752,40.8649,0.07433333575866936
2025-10-08 17:55:00+10:00,ER01,618.6984,45.9899,0.07433331005866509
2025-10-08 17:55:00+10:00,ER02,551.2413,40.9756,0.0743333273468443
2025-10-08 17:55:00+10:00,ER03,,,
2025-10-08 17:55:00+10:00,ER04,,,
2025-10-08 18:00:00+10:00,ER01,614.4991,45.6778,0.07433338795776918
2025-10-08 18:00:00+10:00,ER02,549.8497,40.8722,0.07433340420118444
2025-10-08 18:00:00+10:00,ER03,,,
2025-10-08 18:00:00+10:00,ER04,,,
2025-10-08 18:05:00+10:00,ER04,,,
2025-10-08 18:05:00+10:00,ER01,619.8215,46.0734,0.07433333629117415
2025-10-08 18:05:00+10:00,ER02,550.7531,40.9393,0.07433330833725675
2025-10-08 18:05:00+10:00,ER03,,,
2025-10-08 18:10:00+10:00,ER04,,,
2025-10-08 18:10:00+10:00,ER03,,,
2025-10-08 18:10:00+10:00,ER02,531.8563,39.5347,0.07433342427268418
2025-10-08 18:10:00+10:00,ER01,619.8215,46.0734,0.07433333629117415
2025-10-08 18:15:00+10:00,ER01,615.8419,45.7776,0.07433336380652242
2025-10-08 18:15:00+10:00,ER02,540.6454,40.188,0.0743333800676007
2025-10-08 18:15:00+10:00,ER03,,,
2025-10-08 18:15:00+10:00,ER04,,,
2025-10-08 18:20:00+10:00,ER01,619.382,46.0408,0.07433344850189383
2025-10-08 18:20:00+10:00,ER02,527.5837,39.217,0.07433322902129083
2025-10-08 18:20:00+10:00,ER03,,,
2025-10-08 18:20:00+10:00,ER04,,,
2025-10-08 18:25:00+10:00,ER01,614.3038,45.6633,0.07433341613709699
2025-10-08 18:25:00+10:00,ER02,535.3719,39.796,0.07433337461304936
2025-10-08 18:25:00+10:00,ER03,,,
2025-10-08 18:25:00+10:00,ER04,,,
2025-10-08 18:30:00+10:00,ER04,,,
2025-10-08 18:30:00+10:00,ER03,,,
2025-10-08 18:30:00+10:00,ER02,549.752,40.8649,0.07433333575866936
2025-10-08 18:30:00+10:00,ER01,615.8175,45.7757,0.0743332237229374
2025-10-08 18:35:00+10:00,ER01,617.1359,45.8738,0.0743333842675495
2025-10-08 18:35:00+10:00,ER02,549.9717,40.8813,0.07433346115809232
2025-10-08 18:35:00+10:00,ER03,,,
2025-10-08 18:35:00+10:00,ER04,,,
2025-10-08 18:40:00+10:00,ER01,611.5938,45.4619,0.07433348735713148
2025-10-08 18:40:00+10:00,ER02,546.8956,40.6525,0.07433319997454726
2025-10-08 18:40:00+10:00,ER03,,,
2025-10-08 18:40:00+10:00,ER04,,,
2025-10-08 18:45:00+10:00,ER01,618.9181,46.0062,0.07433325992566707
2025-10-08 18:45:00+10:00,ER02,549.8008,40.8685,0.07433328580096646
2025-10-08 18:45:00+10:00,ER03,,,
2025-10-08 18:45:00+10:00,ER04,,,
2025-10-08 18:50:00+10:00,ER03,,,
2025-10-08 18:50:00+10:00,ER04,,,
2025-10-08 18:50:00+10:00,ER02,549.1173,40.8177,0.074333298186016
2025-10-08 18:50:00+10:00,ER01,618.259,45.9573,0.07433341043155052
2025-10-08 18:55:00+10:00,ER01,613.1563,45.578,0.07433341221479745
2025-10-08 18:55:00+10:00,ER02,548.8731,40.7995,0.07433321108285322
2025-10-08 18:55:00+10:00,ER03,,,
2025-10-08 18:55:00+10:00,ER04,,,
2025-10-08 19:00:00+10:00,ER01,617.8195,45.9246,0.07433336111922657
2025-10-08 19:00:00+10:00,ER02,549.7764,40.8667,0.07433331077870932
2025-10-08 19:00:00+10:00,ER03,,,
2025-10-08 19:00:00+10:00,ER04,,,
2025-10-08 19:05:00+10:00,ER01,612.7901,45.5507,0.07433328312582073
2025-10-08 19:05:00+10:00,ER02,549.337,40.8341,0.07433342374535122
2025-10-08 19:05:00+10:00,ER03,,,
2025-10-08 19:05:00+10:00,ER04,,,
2025-10-08 19:10:00+10:00,ER04,,,
2025-10-08 19:10:00+10:00,ER03,,,
2025-10-08 19:10:00+10:00,ER01,612.3018,45.5145,0.07433344144995165
2025-10-08 19:10:00+10:00,ER02,548.043,40.7379,0.07433340084628397
2025-10-08 19:15:00+10:00,ER01,614.4747,45.6759,0.07433324756902115
2025-10-08 19:15:00+10:00,ER02,547.7745,40.7179,0.07433332511827404
2025-10-08 19:15:00+10:00,ER03,,,
2025-10-08 19:15:00+10:00,ER04,,,
2025-10-08 19:20:00+10:00,ER01,619.6018,46.0571,0.07433338637815448
2025-10-08 19:20:00+10:00,ER02,547.7012,40.7125,0.0743334139125494
2025-10-08 19:20:00+10:00,ER03,,,
2025-10-08 19:20:00+10:00,ER04,,,
2025-10-08 19:25:00+10:00,ER01,623.1418,46.3202,0.0743333218859656
2025-10-08 19:25:00+10:00,ER02,562.7405,41.8303,0.07433319620677738
2025-10-08 19:25:00+10:00,ER03,,,
2025-10-08 19:25:00+10:00,ER04,,,
2025-10-08 19:30:00+10:00,ER03,,,
2025-10-08 19:30:00+10:00,ER04,,,
2025-10-08 19:30:00+10:00,ER02,563.4485,41.883,0.07433332416361035
2025-10-08 19:30:00+10:00,ER01,617.795,45.9227,0.07433323351597212
2025-10-08 19:35:00+10:00,ER01,618.0148,45.9391,0.07433333311758877
2025-10-08 19:35:00+10:00,ER02,562.6673,41.8249,0.07433326941160434
2025-10-08 19:35:00+10:00,ER03,,,
2025-10-08 19:35:00+10:00,ER04,,,
2025-10-08 19:40:00+10:00,ER01,618.5275,45.9772,0.0743333158186176
2025-10-08 19:40:00+10:00,ER02,564.6693,41.9738,0.07433341957850373
2025-10-08 19:40:00+10:00,ER03,,,
2025-10-08 19:40:00+10:00,ER04,,,
2025-10-08 19:45:00+10:00,ER04,,,
2025-10-08 19:45:00+10:00,ER03,,,
2025-10-08 19:45:00+10:00,ER02,564.4007,41.9538,0.07433335926053954
2025-10-08 19:45:00+10:00,ER01,618.6496,45.9863,0.07433335445460565
2025-10-08 19:50:00+10:00,ER01,620.9201,46.155,0.07433323546781623
2025-10-08 19:50:00+10:00,ER02,565.4017,42.0282,0.07433334565495646
2025-10-08 19:50:00+10:00,ER03,,,
2025-10-08 19:50:00+10:00,ER04,,,
2025-10-08 19:55:00+10:00,ER01,621.799,46.2204,0.07433334566314838
2025-10-08 19:55:00+10:00,ER02,564.1077,41.932,0.07433332322887988
2025-10-08 19:55:00+10:00,ER03,,,
2025-10-08 19:55:00+10:00,ER04,,,
2025-10-08 20:00:00+10:00,ER03,,,
2025-10-08 20:00:00+10:00,ER04,,,
2025-10-08 20:00:00+10:00,ER01,621.5549,46.2022,0.0743332568048293
2025-10-08 20:00:00+10:00,ER02,564.9866,41.9973,0.0743332673730669
2025-10-08 20:05:00+10:00,ER03,,,
2025-10-08 20:05:00+10:00,ER04,,,
2025-10-08 20:05:00+10:00,ER01,623.7522,46.3656,0.07433336507670835
2025-10-08 20:05:00+10:00,ER02,564.2054,41.9393,0.07433338993210628
2025-10-08 20:10:00+10:00,ER04,,,
2025-10-08 20:10:00+10:00,ER03,,,
2025-10-08 20:10:00+10:00,ER02,564.4739,41.9592,0.07433328626886027
2025-10-08 20:10:00+10:00,ER01,618.2101,45.9536,0.07433330513364309
2025-10-08 20:15:00+10:00,ER01,623.3127,46.3329,0.07433331616698971
2025-10-08 20:15:00+10:00,ER02,564.6448,41.9719,0.0743332799664497
2025-10-08 20:15:00+10:00,ER03,,,
2025-10-08 20:15:00+10:00,ER04,,,
2025-10-08 20:20:00+10:00,ER01,624.0208,46.3855,0.07433325940417371
2025-10-08 20:20:00+10:00,ER02,565.4749,42.0336,0.0743332727942478
2025-10-08 20:20:00+10:00,ER03,,,
2025-10-08 20:20:00+10:00,ER04,,,
2025-10-08 20:25:00+10:00,ER03,,,
2025-10-08 20:25:00+10:00,ER04,,,
2025-10-08 20:25:00+10:00,ER01,621.9943,46.2349,0.07433331784551725
2025-10-08 20:25:00+10:00,ER02,565.011,41.9992,0.07433342005730863
2025-10-08 20:30:00+10:00,ER01,620.2365,46.1043,0.07433341959075289
2025-10-08 20:30:00+10:00,ER02,563.7415,41.9048,0.0743333602369171
2025-10-08 20:30:00+10:00,ER03,,,
2025-10-08 20:30:00+10:00,ER04,,,
2025-10-08 20:35:00+10:00,ER01,623.1174,46.3184,0.07433334392523784
2025-10-08 20:35:00+10:00,ER02,563.7415,41.9048,0.0743333602369171
2025-10-08 20:35:00+10:00,ER03,,,
2025-10-08 20:35:00+10:00,ER04,,,
2025-10-08 20:40:00+10:00,ER04,,,
2025-10-08 20:40:00+10:00,ER01,619.8215,46.0734,0.07433333629117415
2025-10-08 20:40:00+10:00,ER02,565.2552,42.0173,0.07433332767217357
2025-10-08 20:40:00+10:00,ER03,,,
2025-10-08 20:45:00+10:00,ER03,,,
2025-10-08 20:45:00+10:00,ER04,,,
2025-10-08 20:45:00+10:00,ER01,618.7473,45.9936,0.07433341527308483
2025-10-08 20:45:00+10:00,ER02,563.9857,41.9229,0.07433326766972993
2025-10-08 20:50:00+10:00,ER01,617.5753,45.9064,0.07433328373074506
2025-10-08 20:50:00+10:00,ER02,564.1321,41.9338,0.074333298885137
2025-10-08 20:50:00+10:00,ER03,,,
2025-10-08 20:50:00+10:00,ER04,,,
2025-10-08 20:55:00+10:00,ER01,620.2853,46.1078,0.07433321408713055
2025-10-08 20:55:00+10:00,ER02,564.1321,41.9338,0.074333298885137
2025-10-08 20:55:00+10:00,ER03,,,
2025-10-08 20:55:00+10:00,ER04,,,
2025-10-08 21:00:00+10:00,ER01,621.6037,46.2059,0.07433337349825941
2025-10-08 21:00:00+10:00,ER02,562.5941,41.8195,0.07433334263548089
2025-10-08 21:00:00+10:00,ER03,,,
2025-10-08 21:00:00+10:00,ER04,,,
2025-10-08 21:05:00+10:00,ER04,,,
2025-10-08 21:05:00+10:00,ER03,,,
2025-10-08 21:05:00+10:00,ER02,561.6907,41.7524,0.07433343653366524
2025-10-08 21:05:00+10:00,ER01,617.8195,45.9246,0.07433336111922657
2025-10-08 21:10:00+10:00,ER01,621.3351,46.1859,0.07433331868745223
2025-10-08 21:10:00+10:00,ER02,564.5716,41.9665,0.07433335293521673
2025-10-08 21:10:00+10:00,ER03,,,
2025-10-08 21:10:00+10:00,ER04,,,
2025-10-08 21:15:00+10:00,ER01,620.0168,46.0879,0.07433330838777272
2025-10-08 21:15:00+10:00,ER02,564.5716,41.9665,0.07433335293521673
2025-10-08 21:15:00+10:00,ER03,,,
2025-10-08 21:15:00+10:00,ER04,,,
2025-10-08 21:20:00+10:00,ER04,,,
2025-10-08 21:20:00+10:00,ER01,630.6127,46.8756,0.07433342208299959
2025-10-08 21:20:00+10:00,ER02,564.3763,41.952,0.07433338359530689
2025-10-08 21:20:00+10:00,ER03,,,
2025-10-08 21:25:00+10:00,ER04,,,
2025-10-08 21:25:00+10:00,ER03,,,
2025-10-08 21:25:00+10:00,ER01,618.4787,45.9736,0.07433336022728025
2025-10-08 21:25:00+10:00,ER02,564.7669,41.981,0.07433332229633147
2025-10-08 21:30:00+10:00,ER01,619.6018,46.0571,0.07433338637815448
2025-10-08 21:30:00+10:00,ER02,563.0579,41.854,0.07433338560741266
2025-10-08 21:30:00+10:00,ER03,,,
2025-10-08 21:30:00+10:00,ER04,,,
2025-10-08 21:35:00+10:00,ER01,620.8713,46.1515,0.07433344076300515
2025-10-08 21:35:00+10:00,ER02,564.8401,41.9864,0.07433324935676487
2025-10-08 21:35:00+10:00,ER03,,,
2025-10-08 21:35:00+10:00,ER04,,,
2025-10-08 21:40:00+10:00,ER04,,,
2025-10-08 21:40:00+10:00,ER01,623.1174,46.3184,0.07433334392523784
2025-10-08 21:40:00+10:00,ER02,564.889,41.9901,0.07433336460791412
2025-10-08 21:40:00+10:00,ER03,,,
2025-10-08 21:45:00+10:00,ER04,,,
2025-10-08 21:45:00+10:00,ER03,,,
2025-10-08 21:45:00+10:00,ER02,565.011,41.9992,0.07433342005730863
2025-10-08 21:45:00+10:00,ER01,622.7024,46.2876,0.07433342155096881
2025-10-08 21:50:00+10:00,ER01,621.3351,46.1859,0.07433331868745223
2025-10-08 21:50:00+10:00,ER02,565.011,41.9992,0.07433342005730863
2025-10-08 21:50:00+10:00,ER03,,,
2025-10-08 21:50:00+10:00,ER04,,,
2025-10-08 21:55:00+10:00,ER04,,,
2025-10-08 21:55:00+10:00,ER01,619.3576,46.0389,0.07433330922232971
2025-10-08 21:55:00+10:00,ER02,562.3255,41.7996,0.07433345989111288
2025-10-08 21:55:00+10:00,ER03,,,
2025-10-08 22:00:00+10:00,ER03,,,
2025-10-08 22:00:00+10:00,ER04,,,
2025-10-08 22:00:00+10:00,ER01,619.7971,46.0716,0.07433335844907954
2025-10-08 22:00:00+10:00,ER02,563.0091,41.8503,0.07433325678039662
2025-10-08 22:05:00+10:00,ER04,,,
2025-10-08 22:05:00+10:00,ER03,,,
2025-10-08 22:05:00+10:00,ER01,619.9924,46.0861,0.07433333053760015
2025-10-08 22:05:00+10:00,ER02,561.2024,41.7161,0.07433343121839821
2025-10-08 22:10:00+10:00,ER01,619.8703,46.0771,0.07433345330466712
2025-10-08 22:10:00+10:00,ER02,564.1321,41.9338,0.074333298885137
2025-10-08 22:10:00+10:00,ER03,,,
2025-10-08 22:10:00+10:00,ER04,,,
2025-10-08 22:15:00+10:00,ER01,623.9719,46.3819,0.07433331533038587
2025-10-08 22:15:00+10:00,ER02,564.6204,41.9701,0.07433330428726982
2025-10-08 22:15:00+10:00,ER03,,,
2025-10-08 22:15:00+10:00,ER04,,,
2025-10-08 22:20:00+10:00,ER04,,,
2025-10-08 22:20:00+10:00,ER03,,,
2025-10-08 22:20:00+10:00,ER02,563.7415,41.9048,0.0743333602369171
2025-10-08 22:20:00+10:00,ER01,621.5305,46.2004,0.07433327889781757
2025-10-08 22:25:00+10:00,ER01,623.3372,46.3348,0.07433344263746813
2025-10-08 22:25:00+10:00,ER02,564.3763,41.952,0.07433338359530689
2025-10-08 22:25:00+10:00,ER03,,,
2025-10-08 22:25:00+10:00,ER04,,,
2025-10-08 22:30:00+10:00,ER01,625.7297,46.5125,0.07433321448542399
2025-10-08 22:30:00+10:00,ER02,564.4007,41.9538,0.07433335926053954
2025-10-08 22:30:00+10:00,ER03,,,
2025-10-08 22:30:00+10:00,ER04,,,
2025-10-08 22:35:00+10:00,ER03,,,
2025-10-08 22:35:00+10:00,ER04,,,
2025-10-08 22:35:00+10:00,ER01,622.4338,46.2676,0.07433336685764816
2025-10-08 22:35:00+10:00,ER02,565.4749,42.0336,0.0743332727942478
2025-10-08 22:40:00+10:00,ER02,565.2552,42.0173,0.07433332767217357
2025-10-08 22:40:00+10:00,ER03,,,
2025-10-08 22:40:00+10:00,ER01,624.6799,46.4346,0.07433343060982113
2025-10-08 22:40:00+10:00,ER04,,,
2025-10-08 22:45:00+10:00,ER04,,,
2025-10-08 22:45:00+10:00,ER03,,,
2025-10-08 22:45:00+10:00,ER02,565.9144,42.0663,0.07433332673634033
2025-10-08 22:45:00+10:00,ER01,620.9201,46.155,0.07433323546781623
2025-10-08 22:50:00+10:00,ER01,622.7024,46.2876,0.07433342155096881
2025-10-08 22:50:00+10:00,ER02,564.181,41.9375,0.07433341427662399
2025-10-08 22:50:00+10:00,ER03,,,
2025-10-08 22:50:00+10:00,ER04,,,
2025-10-08 22:55:00+10:00,ER01,622.2141,46.2513,0.07433341674513644
2025-10-08 22:55:00+10:00,ER02,564.6204,41.9701,0.07433330428726982
2025-10-08 22:55:00+10:00,ER03,,,
2025-10-08 22:55:00+10:00,ER04,,,
2025-10-08 23:00:00+10:00,ER03,,,
2025-10-08 23:00:00+10:00,ER04,,,
2025-10-08 23:00:00+10:00,ER01,622.8733,46.3002,0.07433325525431897
2025-10-08 23:00:00+10:00,ER02,563.9124,41.9175,0.0743333539039042
2025-10-08 23:05:00+10:00,ER01,622.0432,46.2385,0.07433326174130672
2025-10-08 23:05:00+10:00,ER02,565.2796,42.0191,0.07433330337765595
2025-10-08 23:05:00+10:00,ER03,,,
2025-10-08 23:05:00+10:00,ER04,,,
2025-10-08 23:10:00+10:00,ER01,619.382,46.0408,0.07433344850189383
2025-10-08 23:10:00+10:00,ER02,564.3519,41.9501,0.07433323073777194
2025-10-08 23:10:00+10:00,ER03,,,
2025-10-08 23:10:00+10:00,ER04,,,
2025-10-08 23:15:00+10:00,ER04,,,
2025-10-08 23:15:00+10:00,ER01,620.7004,46.1387,0.07433328543045889
2025-10-08 23:15:00+10:00,ER02,565.2552,42.0173,0.07433332767217357
2025-10-08 23:15:00+10:00,ER03,,,
2025-10-08 23:20:00+10:00,ER03,,,
2025-10-08 23:20:00+10:00,ER04,,,
2025-10-08 23:20:00+10:00,ER01,622.8733,46.3002,0.07433325525431897
2025-10-08 23:20:00+10:00,ER02,564.8401,41.9864,0.07433324935676487
2025-10-08 23:25:00+10:00,ER01,620.5295,46.126,0.07433329116504533
2025-10-08 23:25:00+10:00,ER02,563.0335,41.8522,0.07433341000135872
2025-10-08 23:25:00+10:00,ER03,,,
2025-10-08 23:25:00+10:00,ER04,,,
2025-10-08 23:30:00+10:00,ER01,619.3576,46.0389,0.07433330922232971
2025-10-08 23:30:00+10:00,ER02,565.182,42.0119,0.0743334005683125
2025-10-08 23:30:00+10:00,ER03,,,
2025-10-08 23:30:00+10:00,ER04,,,
2025-10-08 23:35:00+10:00,ER01,619.1623,46.0244,0.07433333715570216
2025-10-08 23:35:00+10:00,ER02,565.3773,42.0264,0.07433336994605196
2025-10-08 23:35:00+10:00,ER03,,,
2025-10-08 23:35:00+10:00,ER04,,,
2025-10-08 23:40:00+10:00,ER04,,,
2025-10-08 23:40:00+10:00,ER03,,,
2025-10-08 23:40:00+10:00,ER02,564.8157,41.9847,0.07433345071675591
2025-10-08 23:40:00+10:00,ER01,623.6057,46.3547,0.07433334878112885
2025-10-08 23:45:00+10:00,ER01,622.3362,46.2603,0.07433329444759923
2025-10-08 23:45:00+10:00,ER02,563.9857,41.9229,0.07433326766972993
2025-10-08 23:45:00+10:00,ER03,,,
2025-10-08 23:45:00+10:00,ER04,,,
2025-10-08 23:50:00+10:00,ER01,620.2365,46.1043,0.07433341959075289
2025-10-08 23:50:00+10:00,ER02,565.2796,42.0191,0.07433330337765595
2025-10-08 23:50:00+10:00,ER03,,,
2025-10-08 23:50:00+10:00,ER04,,,
2025-10-08 23:55:00+10:00,ER04,,,
2025-10-08 23:55:00+10:00,ER01,623.386,46.3383,0.07433323815420943
2025-10-08 23:55:00+10:00,ER02,564.6204,41.9701,0.07433330428726982
2025-10-08 23:55:00+10:00,ER03,,,
2025-10-09 00:00:00+10:00,ER03,,,
2025-10-09 00:00:00+10:00,ER04,,,
2025-10-09 00:00:00+10:00,ER01,622.4583,46.2694,0.07433333285137333
2025-10-09 00:00:00+10:00,ER02,564.1077,41.932,0.07433332322887988
2025-10-09 00:05:00+10:00,ER01,621.3351,46.1859,0.07433331868745223
2025-10-09 00:05:00+10:00,ER02,563.0091,41.8503,0.07433325678039662
2025-10-09 00:05:00+10:00,ER03,,,
2025-10-09 00:05:00+10:00,ER04,,,
2025-10-09 00:10:00+10:00,ER01,617.795,45.9227,0.07433323351597212
2025-10-09 00:10:00+10:00,ER02,561.4954,41.7378,0.07433328928429334
2025-10-09 00:10:00+10:00,ER03,,,
2025-10-09 00:10:00+10:00,ER04,,,
2025-10-09 00:15:00+10:00,ER01,624.8508,46.4472,0.07433326483698188
2025-10-09 00:15:00+10:00,ER02,564.6204,41.9701,0.07433330428726982
2025-10-09 00:15:00+10:00,ER03,,,
2025-10-09 00:15:00+10:00,ER04,,,
2025-10-09 00:20:00+10:00,ER04,,,
2025-10-09 00:20:00+10:00,ER03,,,
2025-10-09 00:20:00+10:00,ER01,615.1339,45.725,0.07433340936014093
2025-10-09 00:20:00+10:00,ER02,561.7883,41.7596,0.0743333387327575
2025-10-09 00:25:00+10:00,ER01,601.6083,44.7195,0.07433324972411451
2025-10-09 00:25:00+10:00,ER02,553.3165,41.1299,0.07433340592590316
2025-10-09 00:25:00+10:00,ER03,,,
2025-10-09 00:25:00+10:00,ER04,,,
2025-10-09 00:30:00+10:00,ER01,619.1623,46.0244,0.07433333715570216
2025-10-09 00:30:00+10:00,ER02,559.5178,41.5908,0.07433329198820843
2025-10-09 00:30:00+10:00,ER03,,,
2025-10-09 00:30:00+10:00,ER04,,,
2025-10-09 00:35:00+10:00,ER01,598.6054,44.4963,0.07433327530957788
2025-10-09 00:35:00+10:00,ER02,546.4317,40.6181,0.07433335218289862
2025-10-09 00:35:00+10:00,ER03,,,
2025-10-09 00:35:00+10:00,ER04,,,
2025-10-09 00:40:00+10:00,ER04,,,
2025-10-09 00:40:00+10:00,ER03,,,
2025-10-09 00:40:00+10:00,ER02,551.5587,40.9992,0.07433333931637738
2025-10-09 00:40:00+10:00,ER01,608.8106,45.2549,0.07433329840183465
2025-10-09 00:45:00+10:00,ER01,616.5499,45.8302,0.07433331835752467
2025-10-09 00:45:00+10:00,ER02,560.2014,41.6417,0.07433344507885914
2025-10-09 00:45:00+10:00,ER03,,,
2025-10-09 00:45:00+10:00,ER04,,,
2025-10-09 00:50:00+10:00,ER01,604.123,44.9065,0.07433337250857855
2025-10-09 00:50:00+10:00,ER02,554.2199,41.197,0.07433331065881972
2025-10-09 00:50:00+10:00,ER03,,,
2025-10-09 00:50:00+10:00,ER04,,,
2025-10-09 00:55:00+10:00,ER04,,,
2025-10-09 00:55:00+10:00,ER01,616.0372,45.7921,0.07433333571414194
2025-10-09 00:55:00+10:00,ER02,561.6907,41.7524,0.07433343653366524
2025-10-09 00:55:00+10:00,ER03,,,
2025-10-09 01:00:00+10:00,ER04,,,
2025-10-09 01:00:00+10:00,ER03,,,
2025-10-09 01:00:00+10:00,ER02,549.9717,40.8813,0.07433346115809232
2025-10-09 01:00:00+10:00,ER01,600.3388,44.6252,0.0743333597628539
2025-10-09 01:05:00+10:00,ER01,585.0797,43.4909,0.07433329168658562
2025-10-09 01:05:00+10:00,ER02,536.5194,39.8813,0.07433337918442465
2025-10-09 01:05:00+10:00,ER03,,,
2025-10-09 01:05:00+10:00,ER04,,,
2025-10-09 01:10:00+10:00,ER04,,,
2025-10-09 01:10:00+10:00,ER01,595.6512,44.2767,0.07433326752300674
2025-10-09 01:10:00+10:00,ER02,552.3888,41.0609,0.07433333188507804
2025-10-09 01:10:00+10:00,ER03,,,
2025-10-09 01:15:00+10:00,ER03,,,
2025-10-09 01:15:00+10:00,ER04,,,
2025-10-09 01:15:00+10:00,ER01,613.5958,45.6106,0.07433329889155042
2025-10-09 01:15:00+10:00,ER02,563.0335,41.8522,0.07433341000135872
2025-10-09 01:20:00+10:00,ER03,,,
2025-10-09 01:20:00+10:00,ER04,,,
2025-10-09 01:20:00+10:00,ER01,606.2715,45.0662,0.0743333638477151
2025-10-09 01:20:00+10:00,ER02,551.3146,40.9811,0.0743334205188834
2025-10-09 01:25:00+10:00,ER04,,,
2025-10-09 01:25:00+10:00,ER03,,,
2025-10-09 01:25:00+10:00,ER02,554.4396,41.2133,0.07433325469537168
2025-10-09 01:25:00+10:00,ER01,609.1523,45.2803,0.07433329891391693
2025-10-09 01:30:00+10:00,ER01,608.7129,45.2477,0.07433340085284869
2025-10-09 01:30:00+10:00,ER02,556.173,41.3422,0.07433334591934523
2025-10-09 01:30:00+10:00,ER03,,,
2025-10-09 01:30:00+10:00,ER04,,,
2025-10-09 01:35:00+10:00,ER01,601.413,44.705,0.07433327846255401
2025-10-09 01:35:00+10:00,ER02,546.1387,40.5963,0.07433331496193184
2025-10-09 01:35:00+10:00,ER03,,,
2025-10-09 01:35:00+10:00,ER04,,,
2025-10-09 01:40:00+10:00,ER01,605.3925,45.0009,0.07433342831303658
2025-10-09 01:40:00+10:00,ER02,549.044,40.8123,0.07433338675953112
2025-10-09 01:40:00+10:00,ER03,,,
2025-10-09 01:40:00+10:00,ER04,,,
2025-10-09 01:45:00+10:00,ER04,,,
2025-10-09 01:45:00+10:00,ER03,,,
2025-10-09 01:45:00+10:00,ER02,560.2502,41.6453,0.0743333960434106
2025-10-09 01:45:00+10:00,ER01,620.4562,46.1206,0.074333369543249
2025-10-09 01:50:00+10:00,ER01,625.9251,46.5271,0.07433333477120505
2025-10-09 01:50:00+10:00,ER02,565.011,41.9992,0.07433342005730863
2025-10-09 01:50:00+10:00,ER03,,,
2025-10-09 01:50:00+10:00,ER04,,,
2025-10-09 01:55:00+10:00,ER01,620.6271,46.1333,0.07433336378640248
2025-10-09 01:55:00+10:00,ER02,565.4505,42.0318,0.07433329707905466
2025-10-09 01:55:00+10:00,ER03,,,
2025-10-09 01:55:00+10:00,ER04,,,
2025-10-09 02:00:00+10:00,ER01,614.2062,45.6559,0.07433317996464381
2025-10-09 02:00:00+10:00,ER02,564.9866,41.9973,0.0743332673730669
2025-10-09 02:00:00+10:00,ER03,,,
2025-10-09 02:00:00+10:00,ER04,,,
2025-10-09 02:05:00+10:00,ER04,,,
2025-10-09 02:05:00+10:00,ER03,,,
2025-10-09 02:05:00+10:00,ER01,612.253,45.5108,0.07433332298902579
2025-10-09 02:05:00+10:00,ER02,563.6439,41.8975,0.07433328028565553
2025-10-09 02:10:00+10:00,ER01,604.0253,44.8992,0.07433331021068157
2025-10-09 02:10:00+10:00,ER02,555.6359,41.3023,0.07433338990515193
2025-10-09 02:10:00+10:00,ER03,,,
2025-10-09 02:10:00+10:00,ER04,,,
2025-10-09 02:15:00+10:00,ER01,615.3048,45.7377,0.07433340354243945
2025-10-09 02:15:00+10:00,ER02,560.3967,41.6561,0.07433323572390772
2025-10-09 02:15:00+10:00,ER03,,,
2025-10-09 02:15:00+10:00,ER04,,,
2025-10-09 02:20:00+10:00,ER01,603.3906,44.852,0.07433327599070984
2025-10-09 02:20:00+10:00,ER02,549.5323,40.8486,0.07433339223190338
2025-10-09 02:20:00+10:00,ER03,,,
2025-10-09 02:20:00+10:00,ER04,,,
2025-10-09 02:25:00+10:00,ER02,549.752,40.8649,0.07433333575866936
2025-10-09 02:25:00+10:00,ER04,,,
2025-10-09 02:25:00+10:00,ER01,609.1523,45.2803,0.07433329891391693
2025-10-09 02:25:00+10:00,ER03,,,
2025-10-09 02:30:00+10:00,ER01,625.2415,46.4763,0.074333357590627
2025-10-09 02:30:00+10:00,ER02,561.1047,41.7088,0.07433336416536877
2025-10-09 02:30:00+10:00,ER03,,,
2025-10-09 02:30:00+10:00,ER04,,,
2025-10-09 02:35:00+10:00,ER01,619.0891,46.019,0.07433340370554092
2025-10-09 02:35:00+10:00,ER02,560.6165,41.6725,0.07433334552229555
2025-10-09 02:35:00+10:00,ER03,,,
2025-10-09 02:35:00+10:00,ER04,,,
2025-10-09 02:40:00+10:00,ER03,,,
2025-10-09 02:40:00+10:00,ER01,612.4483,45.5254,0.07433345802413036
2025-10-09 02:40:00+10:00,ER02,564.0833,41.9302,0.07433334757472876
2025-10-09 02:40:00+10:00,ER04,,,
2025-10-09 02:45:00+10:00,ER04,,,
2025-10-09 02:45:00+10:00,ER03,,,
2025-10-09 02:45:00+10:00,ER01,617.1847,45.8774,0.07433333976036671
2025-10-09 02:45:00+10:00,ER02,563.8148,41.9103,0.07433345133898578
2025-10-09 02:50:00+10:00,ER01,624.6067,46.4291,0.07433333648198137
2025-10-09 02:50:00+10:00,ER02,564.1321,41.9338,0.074333298885137
2025-10-09 02:50:00+10:00,ER03,,,
2025-10-09 02:50:00+10:00,ER04,,,
2025-10-09 02:55:00+10:00,ER01,620.2853,46.1078,0.07433321408713055
2025-10-09 02:55:00+10:00,ER02,563.473,41.8848,0.07433328659935791
2025-10-09 02:55:00+10:00,ER03,,,
2025-10-09 02:55:00+10:00,ER04,,,
2025-10-09 03:00:00+10:00,ER04,,,
2025-10-09 03:00:00+10:00,ER01,613.4004,45.5961,0.07433333920225679
2025-10-09 03:00:00+10:00,ER02,557.5158,41.4421,0.07433349870981236
2025-10-09 03:00:00+10:00,ER03,,,
2025-10-09 03:05:00+10:00,ER04,,,
2025-10-09 03:05:00+10:00,ER03,,,
2025-10-09 03:05:00+10:00,ER01,617.9904,45.9373,0.07433335534014768
2025-10-09 03:05:00+10:00,ER02,560.4211,41.658,0.07433338966002528
2025-10-09 03:10:00+10:00,ER01,612.4483,45.5254,0.07433345802413036
2025-10-09 03:10:00+10:00,ER02,554.1955,41.1952,0.07433333543848696
2025-10-09 03:10:00+10:00,ER03,,,
2025-10-09 03:10:00+10:00,ER04,,,
2025-10-09 03:15:00+10:00,ER04,,,
2025-10-09 03:15:00+10:00,ER01,622.2141,46.2513,0.07433341674513644
2025-10-09 03:15:00+10:00,ER02,564.1321,41.9338,0.074333298885137
2025-10-09 03:15:00+10:00,ER03,,,
2025-10-09 03:20:00+10:00,ER03,,,
2025-10-09 03:20:00+10:00,ER04,,,
2025-10-09 03:20:00+10:00,ER01,612.961,45.5634,0.07433327732106937
2025-10-09 03:20:00+10:00,ER02,564.181,41.9375,0.07433341427662399
2025-10-09 03:25:00+10:00,ER04,,,
2025-10-09 03:25:00+10:00,ER03,,,
2025-10-09 03:25:00+10:00,ER01,604.2206,44.9137,0.07433328158622861
2025-10-09 03:25:00+10:00,ER02,556.173,41.3422,0.07433334591934523
2025-10-09 03:30:00+10:00,ER01,623.3372,46.3348,0.07433344263746813
2025-10-09 03:30:00+10:00,ER02,565.011,41.9992,0.07433342005730863
2025-10-09 03:30:00+10:00,ER03,,,
2025-10-09 03:30:00+10:00,ER04,,,
2025-10-09 03:35:00+10:00,ER01,625.4612,46.4926,0.07433330796538619
2025-10-09 03:35:00+10:00,ER02,564.7425,41.9792,0.07433334661372219
2025-10-09 03:35:00+10:00,ER03,,,
2025-10-09 03:35:00+10:00,ER04,,,
2025-10-09 03:40:00+10:00,ER04,,,
2025-10-09 03:40:00+10:00,ER03,,,
2025-10-09 03:40:00+10:00,ER02,564.9866,41.9973,0.0743332673730669
2025-10-09 03:40:00+10:00,ER01,625.9739,46.5307,0.07433329089279922
2025-10-09 03:45:00+10:00,ER01,620.4562,46.1206,0.074333369543249
2025-10-09 03:45:00+10:00,ER02,563.0091,41.8503,0.07433325678039662
2025-10-09 03:45:00+10:00,ER03,,,
2025-10-09 03:45:00+10:00,ER04,,,
2025-10-09 03:50:00+10:00,ER01,623.7034,46.362,0.07433340911721822
2025-10-09 03:50:00+10:00,ER02,565.4505,42.0318,0.07433329707905466
2025-10-09 03:50:00+10:00,ER03,,,
2025-10-09 03:50:00+10:00,ER04,,,
2025-10-09 03:55:00+10:00,ER02,564.7669,41.981,0.07433332229633147
2025-10-09 03:55:00+10:00,ER03,,,
2025-10-09 03:55:00+10:00,ER01,625.0706,46.4636,0.07433336330328126
2025-10-09 03:55:00+10:00,ER04,,,
2025-10-09 04:00:00+10:00,ER04,,,
2025-10-09 04:00:00+10:00,ER03,,,
2025-10-09 04:00:00+10:00,ER02,567.9652,42.2187,0.07433325140343106
2025-10-09 04:00:00+10:00,ER01,625.7786,46.5162,0.07433331852511416
2025-10-09 04:05:00+10:00,ER01,622.6047,46.2803,0.0743333611198245
2025-10-09 04:05:00+10:00,ER02,564.5472,41.9647,0.07433337726234406
2025-10-09 04:05:00+10:00,ER03,,,
2025-10-09 04:05:00+10:00,ER04,,,
2025-10-09 04:10:00+10:00,ER01,621.5549,46.2022,0.0743332568048293
2025-10-09 04:10:00+10:00,ER02,564.3763,41.952,0.07433338359530689
2025-10-09 04:10:00+10:00,ER03,,,
2025-10-09 04:10:00+10:00,ER04,,,
2025-10-09 04:15:00+10:00,ER03,,,
2025-10-09 04:15:00+10:00,ER04,,,
2025-10-09 04:15:00+10:00,ER01,614.6456,45.6887,0.07433340448544658
2025-10-09 04:15:00+10:00,ER02,570.3334,42.3948,0.07433336360802295
2025-10-09 04:20:00+10:00,ER01,622.4583,46.2694,0.07433333285137333
2025-10-09 04:20:00+10:00,ER02,575.4849,42.7777,0.07433331439278425
2025-10-09 04:20:00+10:00,ER03,,,
2025-10-09 04:20:00+10:00,ER04,,,
2025-10-09 04:25:00+10:00,ER01,628.3665,46.7086,0.07433337073188975
2025-10-09 04:25:00+10:00,ER02,574.5571,42.7088,0.07433343004550809
2025-10-09 04:25:00+10:00,ER03,,,
2025-10-09 04:25:00+10:00,ER04,,,
2025-10-09 04:30:00+10:00,ER04,,,
2025-10-09 04:30:00+10:00,ER01,617.795,45.9227,0.07433323351597212
2025-10-09 04:30:00+10:00,ER02,573.4828,42.6289,0.07433335402561332
2025-10-09 04:30:00+10:00,ER03,,,
2025-10-09 04:35:00+10:00,ER03,,,
2025-10-09 04:35:00+10:00,ER04,,,
2025-10-09 04:35:00+10:00,ER01,634.1528,47.1387,0.07433334678960654
2025-10-09 04:35:00+10:00,ER02,577.0718,42.8957,0.07433338451125145
2025-10-09 04:40:00+10:00,ER01,619.3576,46.0389,0.07433330922232971
2025-10-09 04:40:00+10:00,ER02,579.9527,43.1098,0.07433330338836253
2025-10-09 04:40:00+10:00,ER03,,,
2025-10-09 04:40:00+10:00,ER04,,,
2025-10-09 04:45:00+10:00,ER01,622.9465,46.3057,0.07433334965362194
2025-10-09 04:45:00+10:00,ER02,579.9039,43.1062,0.0743333507500122
2025-10-09 04:45:00+10:00,ER03,,,
2025-10-09 04:45:00+10:00,ER04,,,
2025-10-09 04:50:00+10:00,ER01,624.7776,46.4418,0.07433333077242206
2025-10-09 04:50:00+10:00,ER02,580.7828,43.1716,0.07433346855313208
2025-10-09 04:50:00+10:00,ER03,,,
2025-10-09 04:50:00+10:00,ER04,,,
2025-10-09 04:55:00+10:00,ER04,,,
2025-10-09 04:55:00+10:00,ER03,,,
2025-10-09 04:55:00+10:00,ER02,581.8814,43.2532,0.07433336071577473
2025-10-09 04:55:00+10:00,ER01,637.1801,47.3637,0.07433330074181538
2025-10-09 05:00:00+10:00,ER01,638.7671,47.4817,0.07433335248481018
2025-10-09 05:00:00+10:00,ER02,581.0269,43.1897,0.07433339144882965
2025-10-09 05:00:00+10:00,ER03,,,
2025-10-09 05:00:00+10:00,ER04,,,
2025-10-09 05:05:00+10:00,ER01,639.8413,47.5615,0.07433327607955285
2025-10-09 05:05:00+10:00,ER02,579.4644,43.0735,0.07433329812840962
2025-10-09 05:05:00+10:00,ER03,,,
2025-10-09 05:05:00+10:00,ER04,,,
2025-10-09 05:10:00+10:00,ER04,,,
2025-10-09 05:10:00+10:00,ER01,622.092,46.2422,0.07433337834275316
2025-10-09 05:10:00+10:00,ER02,583.8834,43.402,0.07433333436093575
2025-10-09 05:10:00+10:00,ER03,,,
2025-10-09 05:15:00+10:00,ER03,,,
2025-10-09 05:15:00+10:00,ER04,,,
2025-10-09 05:15:00+10:00,ER01,633.6644,47.1024,0.0743333537437167
2025-10-09 05:15:00+10:00,ER02,583.4928,43.373,0.07433339365969897
2025-10-09 05:20:00+10:00,ER01,629.9046,46.8229,0.07433331968047224
2025-10-09 05:20:00+10:00,ER02,583.8834,43.402,0.07433333436093575
2025-10-09 05:20:00+10:00,ER03,,,
2025-10-09 05:20:00+10:00,ER04,,,
2025-10-09 05:25:00+10:00,ER01,639.2554,47.518,0.07433335721528515
2025-10-09 05:25:00+10:00,ER02,582.5651,43.304,0.07433332343458268
2025-10-09 05:25:00+10:00,ER03,,,
2025-10-09 05:25:00+10:00,ER04,,,
2025-10-09 05:30:00+10:00,ER01,626.2181,46.5488,0.07433320755180982
2025-10-09 05:30:00+10:00,ER02,580.7828,43.1716,0.07433346855313208
2025-10-09 05:30:00+10:00,ER03,,,
2025-10-09 05:30:00+10:00,ER04,,,
2025-10-09 05:35:00+10:00,ER04,,,
2025-10-09 05:35:00+10:00,ER03,,,
2025-10-09 05:35:00+10:00,ER02,582.5895,43.3058,0.07433329986208127
2025-10-09 05:35:00+10:00,ER01,639.2065,47.5143,0.07433325537209023
2025-10-09 05:40:00+10:00,ER01,639.8413,47.5615,0.07433327607955285
2025-10-09 05:40:00+10:00,ER02,582.6871,43.3131,0.07433337721051315
2025-10-09 05:40:00+10:00,ER03,,,
2025-10-09 05:40:00+10:00,ER04,,,
2025-10-09 05:45:00+10:00,ER01,637.1801,47.3637,0.07433330074181538
2025-10-09 05:45:00+10:00,ER02,580.2457,43.1316,0.07433333844610998
2025-10-09 05:45:00+10:00,ER03,,,
2025-10-09 05:45:00+10:00,ER04,,,
2025-10-09 05:50:00+10:00,ER01,621.1398,46.1714,0.07433334653487024
2025-10-09 05:50:00+10:00,ER02,579.9039,43.1062,0.0743333507500122
2025-10-09 05:50:00+10:00,ER03,,,
2025-10-09 05:50:00+10:00,ER04,,,
2025-10-09 05:55:00+10:00,ER04,,,
2025-10-09 05:55:00+10:00,ER03,,,
2025-10-09 05:55:00+10:00,ER01,640.1831,47.587,0.07433342117278635
2025-10-09 05:55:00+10:00,ER02,581.0757,43.1933,0.0743333441752942
2025-10-09 06:00:00+10:00,ER01,639.6216,47.5452,0.07433332457815685
2025-10-09 06:00:00+10:00,ER02,580.3433,43.1388,0.07433324378863339
2025-10-09 06:00:00+10:00,ER03,,,
2025-10-09 06:00:00+10:00,ER04,,,
2025-10-09 06:05:00+10:00,ER01,639.646,47.547,0.07433330310828176
2025-10-09 06:05:00+10:00,ER02,582.1256,43.2714,0.0743334428171515
2025-10-09 06:05:00+10:00,ER03,,,
2025-10-09 06:05:00+10:00,ER04,,,
2025-10-09 06:10:00+10:00,ER04,,,
2025-10-09 06:10:00+10:00,ER01,639.4507,47.5325,0.07433333015352082
2025-10-09 06:10:00+10:00,ER02,581.6128,43.2332,0.07433330215566095
2025-10-09 06:10:00+10:00,ER03,,,
2025-10-09 06:15:00+10:00,ER04,,,
2025-10-09 06:15:00+10:00,ER03,,,
2025-10-09 06:15:00+10:00,ER02,583.151,43.3475,0.0743332344452809
2025-10-09 06:15:00+10:00,ER01,638.6694,47.4745,0.07433345013867895
2025-10-09 06:20:00+10:00,ER01,639.1821,47.5126,0.0743334333048438
2025-10-09 06:20:00+10:00,ER02,580.1236,43.1225,0.074333297249069
2025-10-09 06:20:00+10:00,ER03,,,
2025-10-09 06:20:00+10:00,ER04,,,
2025-10-09 06:25:00+10:00,ER04,,,
2025-10-09 06:25:00+10:00,ER01,639.7192,47.5524,0.07433323870848335
2025-10-09 06:25:00+10:00,ER02,583.6637,43.3856,0.07433321619967115
2025-10-09 06:25:00+10:00,ER03,,,
2025-10-09 06:30:00+10:00,ER02,580.8072,43.1733,0.07433327272802404
2025-10-09 06:30:00+10:00,ER03,,,
2025-10-09 06:30:00+10:00,ER01,637.7416,47.4054,0.07433324092391025
2025-10-09 06:30:00+10:00,ER04,,,
2025-10-09 06:35:00+10:00,ER04,,,
2025-10-09 06:35:00+10:00,ER03,,,
2025-10-09 06:35:00+10:00,ER02,580.1236,43.1225,0.074333297249069
2025-10-09 06:35:00+10:00,ER01,637.8149,47.4109,0.07433332146991235
2025-10-09 06:40:00+10:00,ER01,640.0366,47.5761,0.07433340530838392
2025-10-09 06:40:00+10:00,ER02,580.3433,43.1388,0.07433324378863339
2025-10-09 06:40:00+10:00,ER03,,,
2025-10-09 06:40:00+10:00,ER04,,,
2025-10-09 06:45:00+10:00,ER01,639.4507,47.5325,0.07433333015352082
2025-10-09 06:45:00+10:00,ER02,580.7828,43.1716,0.07433346855313208
2025-10-09 06:45:00+10:00,ER03,,,
2025-10-09 06:45:00+10:00,ER04,,,
2025-10-09 06:50:00+10:00,ER01,640.3052,47.596,0.0743333023064626
2025-10-09 06:50:00+10:00,ER02,580.3433,43.1388,0.07433324378863339
2025-10-09 06:50:00+10:00,ER03,,,
2025-10-09 06:50:00+10:00,ER04,,,
2025-10-09 06:55:00+10:00,ER04,,,
2025-10-09 06:55:00+10:00,ER03,,,
2025-10-09 06:55:00+10:00,ER02,580.8072,43.1733,0.07433327272802404
2025-10-09 06:55:00+10:00,ER01,639.4751,47.5343,0.07433330867769519
2025-10-09 07:00:00+10:00,ER01,625.2415,46.4763,0.074333357590627
2025-10-09 07:00:00+10:00,ER02,579.2447,43.0572,0.07433335169057223
2025-10-09 07:00:00+10:00,ER03,,,
2025-10-09 07:00:00+10:00,ER04,,,
2025-10-09 07:05:00+10:00,ER01,637.2778,47.371,0.07433335980007463
2025-10-09 07:05:00+10:00,ER02,581.0269,43.1897,0.07433339144882965
2025-10-09 07:05:00+10:00,ER03,,,
2025-10-09 07:05:00+10:00,ER04,,,
2025-10-09 07:10:00+10:00,ER01,638.938,47.4944,0.07433334689750805
2025-10-09 07:10:00+10:00,ER02,579.0494,43.0427,0.07433338157331655
2025-10-09 07:10:00+10:00,ER03,,,
2025-10-09 07:10:00+10:00,ER04,,,
2025-10-09 07:15:00+10:00,ER04,,,
2025-10-09 07:15:00+10:00,ER03,,,
2025-10-09 07:15:00+10:00,ER01,637.9125,47.4182,0.07433339211882507
2025-10-09 07:15:00+10:00,ER02,580.148,43.1244,0.07433344594827526
2025-10-09 07:20:00+10:00,ER01,639.353,47.5252,0.07433327129144619
2025-10-09 07:20:00+10:00,ER02,579.2691,43.059,0.07433332798176184
2025-10-09 07:20:00+10:00,ER03,,,
2025-10-09 07:20:00+10:00,ER04,,,
2025-10-09 07:25:00+10:00,ER01,625.1194,46.4672,0.07433331936266895
2025-10-09 07:25:00+10:00,ER02,580.1236,43.1225,0.074333297249069
2025-10-09 07:25:00+10:00,ER03,,,
2025-10-09 07:25:00+10:00,ER04,,,
2025-10-09 07:30:00+10:00,ER01,634.3237,47.1514,0.07433334116319476
2025-10-09 07:30:00+10:00,ER02,579.2691,43.059,0.07433332798176184
2025-10-09 07:30:00+10:00,ER03,,,
2025-10-09 07:30:00+10:00,ER04,,,
2025-10-09 07:35:00+10:00,ER02,584.5914,43.4547,0.0743334575226389
2025-10-09 07:35:00+10:00,ER04,,,
2025-10-09 07:35:00+10:00,ER01,620.7004,46.1387,0.07433328543045889
2025-10-09 07:35:00+10:00,ER03,,,
2025-10-09 07:40:00+10:00,ER01,619.9924,46.0861,0.07433333053760015
2025-10-09 07:40:00+10:00,ER02,583.1998,43.3512,0.074333358824883
2025-10-09 07:40:00+10:00,ER03,,,
2025-10-09 07:40:00+10:00,ER04,,,
2025-10-09 07:45:00+10:00,ER01,609.1523,45.2803,0.07433329891391693
2025-10-09 07:45:00+10:00,ER02,580.9781,43.186,0.07433326660677915
2025-10-09 07:45:00+10:00,ER03,,,
2025-10-09 07:45:00+10:00,ER04,,,
2025-10-09 07:50:00+10:00,ER03,,,
2025-10-09 07:50:00+10:00,ER01,592.1599,44.0173,0.07433346972667348
2025-10-09 07:50:00+10:00,ER02,583.2242,43.353,0.07433333527655403
2025-10-09 07:50:00+10:00,ER04,,,
2025-10-09 07:55:00+10:00,ER04,,,
2025-10-09 07:55:00+10:00,ER03,,,
2025-10-09 07:55:00+10:00,ER01,587.9118,43.7014,0.07433325883236228
2025-10-09 07:55:00+10:00,ER02,584.6403,43.4582,0.07433322677208533
2025-10-09 08:00:00+10:00,ER01,603.1464,44.8339,0.07433336251364511
2025-10-09 08:00:00+10:00,ER02,584.8356,43.4728,0.07433336821493083
2025-10-09 08:00:00+10:00,ER03,,,
2025-10-09 08:00:00+10:00,ER04,,,
2025-10-09 08:05:00+10:00,ER01,626.3646,46.5597,0.07433322381245683
2025-10-09 08:05:00+10:00,ER02,585.0309,43.4873,0.07433333863219874
2025-10-09 08:05:00+10:00,ER03,,,
2025-10-09 08:05:00+10:00,ER04,,,
2025-10-09 08:10:00+10:00,ER04,,,
2025-10-09 08:10:00+10:00,ER01,638.1079,47.4327,0.07433335334039902
2025-10-09 08:10:00+10:00,ER02,585.0065,43.4854,0.07433319116967077
2025-10-09 08:10:00+10:00,ER03,,,
2025-10-09 08:15:00+10:00,ER04,,,
2025-10-09 08:15:00+10:00,ER03,,,
2025-10-09 08:15:00+10:00,ER01,637.644,47.3982,0.07433332706024051
2025-10-09 08:15:00+10:00,ER02,584.9576,43.4819,0.07433342177279174
2025-10-09 08:20:00+10:00,ER01,640.4272,47.6051,0.0743333512380486
2025-10-09 08:20:00+10:00,ER02,584.8112,43.471,0.07433339169974856
2025-10-09 08:20:00+10:00,ER03,,,
2025-10-09 08:20:00+10:00,ER04,,,
2025-10-09 08:25:00+10:00,ER04,,,
2025-10-09 08:25:00+10:00,ER01,639.0356,47.5017,0.07433341741837231
2025-10-09 08:25:00+10:00,ER02,584.8356,43.4728,0.07433336821493083
2025-10-09 08:25:00+10:00,ER03,,,
2025-10-09 08:30:00+10:00,ER03,,,
2025-10-09 08:30:00+10:00,ER04,,,
2025-10-09 08:30:00+10:00,ER01,635.4223,47.2331,0.07433340000815207
2025-10-09 08:30:00+10:00,ER02,583.4684,43.3712,0.07433341719962898
2025-10-09 08:35:00+10:00,ER04,,,
2025-10-09 08:35:00+10:00,ER03,,,
2025-10-09 08:35:00+10:00,ER01,641.0132,47.6487,0.07433341466291178
2025-10-09 08:35:00+10:00,ER02,585.0309,43.4873,0.07433333863219874
2025-10-09 08:40:00+10:00,ER01,638.4009,47.4545,0.07433338518163117
2025-10-09 08:40:00+10:00,ER02,585.7145,43.5381,0.07433331426829966
2025-10-09 08:40:00+10:00,ER03,,,
2025-10-09 08:40:00+10:00,ER04,,,
2025-10-09 08:45:00+10:00,ER01,636.1303,47.2857,0.07433335591780488
2025-10-09 08:45:00+10:00,ER02,585.983,43.5581,0.07433338509820252
2025-10-09 08:45:00+10:00,ER03,,,
2025-10-09 08:45:00+10:00,ER04,,,
2025-10-09 08:50:00+10:00,ER04,,,
2025-10-09 08:50:00+10:00,ER03,,,
2025-10-09 08:50:00+10:00,ER02,583.2242,43.353,0.07433333527655403
2025-10-09 08:50:00+10:00,ER01,635.7397,47.2566,0.07433325305938893
2025-10-09 08:55:00+10:00,ER01,627.0482,46.6106,0.07433336065712333
2025-10-09 08:55:00+10:00,ER02,583.9322,43.4056,0.07433328732342556
2025-10-09 08:55:00+10:00,ER03,,,
2025-10-09 08:55:00+10:00,ER04,,,
2025-10-09 09:00:00+10:00,ER01,626.5843,46.5761,0.07433333391851663
2025-10-09 09:00:00+10:00,ER02,581.9302,43.2568,0.07433331351423246
2025-10-09 09:00:00+10:00,ER03,,,
2025-10-09 09:00:00+10:00,ER04,,,
2025-10-09 09:05:00+10:00,ER02,582.5651,43.304,0.07433332343458268
2025-10-09 09:05:00+10:00,ER03,,,
2025-10-09 09:05:00+10:00,ER01,637.644,47.3982,0.07433332706024051
2025-10-09 09:05:00+10:00,ER04,,,
2025-10-09 09:10:00+10:00,ER04,,,
2025-10-09 09:10:00+10:00,ER03,,,
2025-10-09 09:10:00+10:00,ER02,585.2262,43.5018,0.07433330906921119
2025-10-09 09:10:00+10:00,ER01,638.9868,47.498,0.07433330391175529
2025-10-09 09:15:00+10:00,ER01,635.8862,47.2675,0.07433326906606873
2025-10-09 09:15:00+10:00,ER02,582.3942,43.2913,0.0743333295558232
2025-10-09 09:15:00+10:00,ER03,,,
2025-10-09 09:15:00+10:00,ER04,,,
2025-10-09 09:20:00+10:00,ER01,639.4507,47.5325,0.07433333015352082
2025-10-09 09:20:00+10:00,ER02,584.7623,43.4673,0.07433328037734308
2025-10-09 09:20:00+10:00,ER03,,,
2025-10-09 09:20:00+10:00,ER04,,,
2025-10-09 09:25:00+10:00,ER03,,,
2025-10-09 09:25:00+10:00,ER04,,,
2025-10-09 09:25:00+10:00,ER01,639.8901,47.5652,0.07433338943671734
2025-10-09 09:25:00+10:00,ER02,585.0309,43.4873,0.07433333863219874
2025-10-09 09:30:00+10:00,ER01,634.9828,47.2004,0.07433335202150358
2025-10-09 09:30:00+10:00,ER02,583.6881,43.3875,0.07433336400039679
2025-10-09 09:30:00+10:00,ER03,,,
2025-10-09 09:30:00+10:00,ER04,,,
2025-10-09 09:35:00+10:00,ER01,639.2065,47.5143,0.07433325537209023
2025-10-09 09:35:00+10:00,ER02,585.0309,43.4873,0.07433333863219874
2025-10-09 09:35:00+10:00,ER03,,,
2025-10-09 09:35:00+10:00,ER04,,,
2025-10-09 09:40:00+10:00,ER04,,,
2025-10-09 09:40:00+10:00,ER01,637.4487,47.3837,0.0743333541977574
2025-10-09 09:40:00+10:00,ER02,584.8356,43.4728,0.07433336821493083
2025-10-09 09:40:00+10:00,ER03,,,
2025-10-09 09:45:00+10:00,ER03,,,
2025-10-09 09:45:00+10:00,ER04,,,
2025-10-09 09:45:00+10:00,ER01,639.646,47.547,0.07433330310828176
2025-10-09 09:45:00+10:00,ER02,584.567,43.4528,0.07433330995420542
2025-10-09 09:50:00+10:00,ER01,636.4965,47.3129,0.07433332312117977
2025-10-09 09:50:00+10:00,ER02,585.0309,43.4873,0.07433333863219874
2025-10-09 09:50:00+10:00,ER03,,,
2025-10-09 09:50:00+10:00,ER04,,,
2025-10-09 09:55:00+10:00,ER01,634.1284,47.1368,0.07433321075037799
2025-10-09 09:55:00+10:00,ER02,583.8834,43.402,0.07433333436093575
2025-10-09 09:55:00+10:00,ER03,,,
2025-10-09 09:55:00+10:00,ER04,,,
2025-10-09 10:00:00+10:00,ER01,636.5942,47.3202,0.07433338223942348
2025-10-09 10:00:00+10:00,ER02,584.2985,43.4328,0.07433323891812148
2025-10-09 10:00:00+10:00,ER03,,,
2025-10-09 10:00:00+10:00,ER04,,,
2025-10-09 10:05:00+10:00,ER04,,,
2025-10-09 10:05:00+10:00,ER03,,,
2025-10-09 10:05:00+10:00,ER02,585.4703,43.52,0.07433340341943905
2025-10-09 10:05:00+10:00,ER01,640.2808,47.5942,0.07433332375420285
2025-10-09 10:10:00+10:00,ER01,639.4019,47.5289,0.07433337311008929
2025-10-09 10:10:00+10:00,ER02,584.86,43.4746,0.07433334473207263
2025-10-09 10:10:00+10:00,ER03,,,
2025-10-09 10:10:00+10:00,ER04,,,
2025-10-09 10:15:00+10:00,ER01,639.6216,47.5452,0.07433332457815685
2025-10-09 10:15:00+10:00,ER02,584.2985,43.4328,0.07433323891812148
2025-10-09 10:15:00+10:00,ER03,,,
2025-10-09 10:15:00+10:00,ER04,,,
2025-10-09 10:20:00+10:00,ER04,,,
2025-10-09 10:20:00+10:00,ER01,630.5638,46.8719,0.0743333188489412
2025-10-09 10:20:00+10:00,ER02,582.0768,43.2677,0.0743333182150534
2025-10-09 10:20:00+10:00,ER03,,,
2025-10-09 10:25:00+10:00,ER03,,,
2025-10-09 10:25:00+10:00,ER04,,,
2025-10-09 10:25:00+10:00,ER01,637.2045,47.3656,0.07433343612607883
2025-10-09 10:25:00+10:00,ER02,583.6637,43.3856,0.07433321619967115
2025-10-09 10:30:00+10:00,ER01,635.227,47.2186,0.07433342726300993
2025-10-09 10:30:00+10:00,ER02,584.3229,43.4347,0.07433338655732986
2025-10-09 10:30:00+10:00,ER03,,,
2025-10-09 10:30:00+10:00,ER04,,,
2025-10-09 10:35:00+10:00,ER01,637.2289,47.3673,0.07433325764101409
2025-10-09 10:35:00+10:00,ER02,583.0289,43.3384,0.07433319343174927
2025-10-09 10:35:00+10:00,ER03,,,
2025-10-09 10:35:00+10:00,ER04,,,
2025-10-09 10:40:00+10:00,ER01,636.5209,47.3147,0.07433330154595082
2025-10-09 10:40:00+10:00,ER02,583.6881,43.3875,0.07433336400039679
2025-10-09 10:40:00+10:00,ER03,,,
2025-10-09 10:40:00+10:00,ER04,,,
2025-10-09 10:45:00+10:00,ER04,,,
2025-10-09 10:45:00+10:00,ER03,,,
2025-10-09 10:45:00+10:00,ER01,636.5698,47.3184,0.0743334038152611
2025-10-09 10:45:00+10:00,ER02,585.275,43.5054,0.07433326214172825
2025-10-09 10:50:00+10:00,ER01,637.8637,47.4145,0.07433327841041902
2025-10-09 10:50:00+10:00,ER02,584.5914,43.4547,0.0743334575226389
2025-10-09 10:50:00+10:00,ER03,,,
2025-10-09 10:50:00+10:00,ER04,,,
2025-10-09 10:55:00+10:00,ER01,639.4751,47.5343,0.07433330867769519
2025-10-09 10:55:00+10:00,ER02,585.0309,43.4873,0.07433333863219874
2025-10-09 10:55:00+10:00,ER03,,,
2025-10-09 10:55:00+10:00,ER04,,,
2025-10-09 11:00:00+10:00,ER01,637.2289,47.3673,0.07433325764101409
2025-10-09 11:00:00+10:00,ER02,584.0543,43.4147,0.07433332825389695
2025-10-09 11:00:00+10:00,ER03,,,
2025-10-09 11:00:00+10:00,ER04,,,
2025-10-09 11:05:00+10:00,ER04,,,
2025-10-09 11:05:00+10:00,ER03,,,
2025-10-09 11:05:00+10:00,ER02,578.8297,43.0263,0.07433326244316765
2025-10-09 11:05:00+10:00,ER01,630.6127,46.8756,0.07433342208299959
2025-10-09 11:10:00+10:00,ER01,635.0317,47.204,0.07433329706217816
2025-10-09 11:10:00+10:00,ER02,581.8814,43.2532,0.07433336071577473
2025-10-09 11:10:00+10:00,ER03,,,
2025-10-09 11:10:00+10:00,ER04,,,
2025-10-09 11:15:00+10:00,ER01,637.2045,47.3656,0.07433343612607883
2025-10-09 11:15:00+10:00,ER02,585.2262,43.5018,0.07433330906921119
2025-10-09 11:15:00+10:00,ER03,,,
2025-10-09 11:15:00+10:00,ER04,,,
2025-10-09 11:20:00+10:00,ER04,,,
2025-10-09 11:20:00+10:00,ER01,638.1079,47.4327,0.07433335334039902
2025-10-09 11:20:00+10:00,ER02,584.8112,43.471,0.07433339169974856
2025-10-09 11:20:00+10:00,ER03,,,
2025-10-09 11:25:00+10:00,ER04,,,
2025-10-09 11:25:00+10:00,ER03,,,
2025-10-09 11:25:00+10:00,ER02,585.4703,43.52,0.07433340341943905
2025-10-09 11:25:00+10:00,ER01,639.2065,47.5143,0.07433325537209023
2025-10-09 11:30:00+10:00,ER01,637.1801,47.3637,0.07433330074181538
2025-10-09 11:30:00+10:00,ER02,584.8356,43.4728,0.07433336821493083
2025-10-09 11:30:00+10:00,ER03,,,
2025-10-09 11:30:00+10:00,ER04,,,
2025-10-09 11:35:00+10:00,ER04,,,
2025-10-09 11:35:00+10:00,ER01,639.3774,47.5271,0.07433340621673522
2025-10-09 11:35:00+10:00,ER02,584.8112,43.471,0.07433339169974856
2025-10-09 11:35:00+10:00,ER03,,,
2025-10-09 11:40:00+10:00,ER03,,,
2025-10-09 11:40:00+10:00,ER04,,,
2025-10-09 11:40:00+10:00,ER01,638.7183,47.478,0.07433323892551694
2025-10-09 11:40:00+10:00,ER02,584.5426,43.451,0.07433333344738262
2025-10-09 11:45:00+10:00,ER03,,,
2025-10-09 11:45:00+10:00,ER04,,,
2025-10-09 11:45:00+10:00,ER01,635.8862,47.2675,0.07433326906606873
2025-10-09 11:45:00+10:00,ER02,582.9557,43.333,0.07433326408850621
2025-10-09 11:50:00+10:00,ER02,581.4908,43.2242,0.07433342023639927
2025-10-09 11:50:00+10:00,ER03,,,
2025-10-09 11:50:00+10:00,ER01,633.4447,47.0861,0.07433340274218096
2025-10-09 11:50:00+10:00,ER04,,,
2025-10-09 11:55:00+10:00,ER04,,,
2025-10-09 11:55:00+10:00,ER03,,,
2025-10-09 11:55:00+10:00,ER02,579.8795,43.1044,0.07433337443382633
2025-10-09 11:55:00+10:00,ER01,634.3481,47.1532,0.07433331951337128
2025-10-09 12:00:00+10:00,ER01,634.1528,47.1387,0.07433334678960654
2025-10-09 12:00:00+10:00,ER02,584.3229,43.4347,0.07433338655732986
2025-10-09 12:00:00+10:00,ER03,,,
2025-10-09 12:00:00+10:00,ER04,,,
2025-10-09 12:05:00+10:00,ER01,634.5678,36.6101,0.05769296834790546
2025-10-09 12:05:00+10:00,ER02,582.5895,35.5665,0.0610489890394523
2025-10-09 12:05:00+10:00,ER03,,,
2025-10-09 12:05:00+10:00,ER04,,,
2025-10-09 12:10:00+10:00,ER03,,,
2025-10-09 12:10:00+10:00,ER04,,,
2025-10-09 12:10:00+10:00,ER01,633.1762,47.0661,0.07433333722903672
2025-10-09 12:10:00+10:00,ER02,582.15,43.2732,0.07433341922185005
2025-10-09 12:15:00+10:00,ER01,639.8901,47.5652,0.07433338943671734
2025-10-09 12:15:00+10:00,ER02,585.4459,43.5182,0.0743334268802634
2025-10-09 12:15:00+10:00,ER03,,,
2025-10-09 12:15:00+10:00,ER04,,,
2025-10-09 12:20:00+10:00,ER01,635.2026,47.2167,0.07433329145693045
2025-10-09 12:20:00+10:00,ER02,581.6861,43.2386,0.07433321855206786
2025-10-09 12:20:00+10:00,ER03,,,
2025-10-09 12:20:00+10:00,ER04,,,
2025-10-09 12:25:00+10:00,ER04,,,
2025-10-09 12:25:00+10:00,ER01,628.1712,46.6941,0.07433339828377997
2025-10-09 12:25:00+10:00,ER02,575.9243,42.8104,0.0743333802723726
2025-10-09 12:25:00+10:00,ER03,,,
2025-10-09 12:30:00+10:00,ER03,,,
2025-10-09 12:30:00+10:00,ER04,,,
2025-10-09 12:30:00+10:00,ER01,617.795,45.9227,0.07433323351597212
2025-10-09 12:30:00+10:00,ER02,567.2816,42.168,0.0743334527331752
2025-10-09 12:35:00+10:00,ER01,632.3217,47.0026,0.074333365437245
2025-10-09 12:35:00+10:00,ER02,580.148,43.1244,0.07433344594827526
2025-10-09 12:35:00+10:00,ER03,,,
2025-10-09 12:35:00+10:00,ER04,,,
2025-10-09 12:40:00+10:00,ER01,638.9868,47.498,0.07433330391175529
2025-10-09 12:40:00+10:00,ER02,584.2985,43.4328,0.07433323891812148
2025-10-09 12:40:00+10:00,ER03,,,
2025-10-09 12:40:00+10:00,ER04,,,
2025-10-09 12:45:00+10:00,ER01,634.1284,47.1368,0.07433321075037799
2025-10-09 12:45:00+10:00,ER02,584.567,43.4528,0.07433330995420542
2025-10-09 12:45:00+10:00,ER03,,,
2025-10-09 12:45:00+10:00,ER04,,,
2025-10-09 12:50:00+10:00,ER04,,,
2025-10-09 12:50:00+10:00,ER03,,,
2025-10-09 12:50:00+10:00,ER02,584.567,43.4528,0.07433330995420542
2025-10-09 12:50:00+10:00,ER01,636.5209,47.3147,0.07433330154595082
2025-10-09 12:55:00+10:00,ER01,616.9161,45.8575,0.07433344663885413
2025-10-09 12:55:00+10:00,ER02,573.8735,42.6579,0.07433328076658008
2025-10-09 12:55:00+10:00,ER03,,,
2025-10-09 12:55:00+10:00,ER04,,,
2025-10-09 13:00:00+10:00,ER01,627.4876,46.6432,0.07433326172501258
2025-10-09 13:00:00+10:00,ER02,585.0553,43.4891,0.07433331515841324
2025-10-09 13:00:00+10:00,ER03,,,
2025-10-09 13:00:00+10:00,ER04,,,
2025-10-09 13:05:00+10:00,ER04,,,
2025-10-09 13:05:00+10:00,ER01,639.646,47.547,0.07433330310828176
2025-10-09 13:05:00+10:00,ER02,584.7623,43.4673,0.07433328037734308
2025-10-09 13:05:00+10:00,ER03,,,
2025-10-09 13:10:00+10:00,ER03,,,
2025-10-09 13:10:00+10:00,ER04,,,
2025-10-09 13:10:00+10:00,ER01,635.2026,47.2167,0.07433329145693045
2025-10-09 13:10:00+10:00,ER02,584.1276,43.4202,0.07433341619194163
2025-10-09 13:15:00+10:00,ER01,634.3481,47.1532,0.07433331951337128
2025-10-09 13:15:00+10:00,ER02,581.7105,43.2405,0.07433336685516248
2025-10-09 13:15:00+10:00,ER03,,,
2025-10-09 13:15:00+10:00,ER04,,,
2025-10-09 13:20:00+10:00,ER01,628.1224,46.6904,0.07433328281239453
2025-10-09 13:20:00+10:00,ER02,585.275,43.5054,0.07433326214172825
2025-10-09 13:20:00+10:00,ER03,,,
2025-10-09 13:20:00+10:00,ER04,,,
2025-10-09 13:25:00+10:00,ER01,638.3032,47.4472,0.0743333262311704
2025-10-09 13:25:00+10:00,ER02,585.0309,43.4873,0.07433333863219874
2025-10-09 13:25:00+10:00,ER03,,,
2025-10-09 13:25:00+10:00,ER04,,,
2025-10-09 13:30:00+10:00,ER04,,,
2025-10-09 13:30:00+10:00,ER03,,,
2025-10-09 13:30:00+10:00,ER01,638.5474,47.4654,0.07433340109128939
2025-10-09 13:30:00+10:00,ER02,585.0309,43.4873,0.07433333863219874
2025-10-09 13:35:00+10:00,ER01,638.7427,47.4799,0.07433337398611366
2025-10-09 13:35:00+10:00,ER02,585.2262,43.5018,0.07433330906921119
2025-10-09 13:35:00+10:00,ER03,,,
2025-10-09 13:35:00+10:00,ER04,,,
2025-10-09 13:40:00+10:00,ER01,637.8637,47.4145,0.07433327841041902
2025-10-09 13:40:00+10:00,ER02,584.8112,43.471,0.07433339169974856
2025-10-09 13:40:00+10:00,ER03,,,
2025-10-09 13:40:00+10:00,ER04,,,
2025-10-09 13:45:00+10:00,ER01,639.0112,47.4998,0.07433328242134096
2025-10-09 13:45:00+10:00,ER02,585.4459,43.5182,0.0743334268802634
2025-10-09 13:45:00+10:00,ER03,,,
2025-10-09 13:45:00+10:00,ER04,,,
2025-10-09 13:50:00+10:00,ER04,,,
2025-10-09 13:50:00+10:00,ER03,,,
2025-10-09 13:50:00+10:00,ER02,585.0065,43.4854,0.07433319116967077
2025-10-09 13:50:00+10:00,ER01,637.644,47.3982,0.07433332706024051
2025-10-09 13:55:00+10:00,ER01,636.5209,47.3147,0.07433330154595082
2025-10-09 13:55:00+10:00,ER02,585.4703,43.52,0.07433340341943905
2025-10-09 13:55:00+10:00,ER03,,,
2025-10-09 13:55:00+10:00,ER04,,,
2025-10-09 14:00:00+10:00,ER01,638.5474,47.4654,0.07433340109128939
2025-10-09 14:00:00+10:00,ER02,584.152,43.4219,0.07433322149029704
2025-10-09 14:00:00+10:00,ER03,,,
2025-10-09 14:00:00+10:00,ER04,,,
2025-10-09 14:05:00+10:00,ER04,,,
2025-10-09 14:05:00+10:00,ER01,635.8862,47.2675,0.07433326906606873
2025-10-09 14:05:00+10:00,ER02,583.6637,43.3856,0.07433321619967115
2025-10-09 14:05:00+10:00,ER03,,,
2025-10-09 14:10:00+10:00,ER04,,,
2025-10-09 14:10:00+10:00,ER03,,,
2025-10-09 14:10:00+10:00,ER02,583.6637,43.3856,0.07433321619967115
2025-10-09 14:10:00+10:00,ER01,635.6664,47.2512,0.07433332955776804
2025-10-09 14:15:00+10:00,ER01,640.1099,47.5815,0.0743333293236052
2025-10-09 14:15:00+10:00,ER02,584.7623,43.4673,0.07433328037734308
2025-10-09 14:15:00+10:00,ER03,,,
2025-10-09 14:15:00+10:00,ER04,,,
2025-10-09 14:20:00+10:00,ER04,,,
2025-10-09 14:20:00+10:00,ER01,635.6909,47.253,0.0743332962608085
2025-10-09 14:20:00+10:00,ER02,583.6393,43.3838,0.07433323972528923
2025-10-09 14:20:00+10:00,ER03,,,
2025-10-09 14:25:00+10:00,ER03,,,
2025-10-09 14:25:00+10:00,ER04,,,
2025-10-09 14:25:00+10:00,ER01,636.3256,47.3002,0.07433332872353399
2025-10-09 14:25:00+10:00,ER02,582.7848,43.3203,0.07433327018824101
2025-10-09 14:30:00+10:00,ER03,,,
2025-10-09 14:30:00+10:00,ER04,,,
2025-10-09 14:30:00+10:00,ER01,640.3052,47.596,0.0743333023064626
2025-10-09 14:30:00+10:00,ER02,585.6657,43.5345,0.0743333611649103
2025-10-09 14:35:00+10:00,ER01,636.7407,47.331,0.07433324114510036
2025-10-09 14:35:00+10:00,ER02,584.5914,43.4547,0.0743334575226389
2025-10-09 14:35:00+10:00,ER03,,,
2025-10-09 14:35:00+10:00,ER04,,,
2025-10-09 14:40:00+10:00,ER01,636.5209,47.3147,0.07433330154595082
2025-10-09 14:40:00+10:00,ER02,584.1032,43.4184,0.07433343970722982
2025-10-09 14:40:00+10:00,ER03,,,
2025-10-09 14:40:00+10:00,ER04,,,
2025-10-09 14:45:00+10:00,ER01,620.7004,46.1387,0.07433328543045889
2025-10-09 14:45:00+10:00,ER02,572.8481,42.5817,0.0743333180296836
2025-10-09 14:45:00+10:00,ER03,,,
2025-10-09 14:45:00+10:00,ER04,,,
2025-10-09 14:50:00+10:00,ER04,,,
2025-10-09 14:50:00+10:00,ER03,,,
2025-10-09 14:50:00+10:00,ER01,609.6162,45.3148,0.07433332644375264
2025-10-09 14:50:00+10:00,ER02,581.6617,43.2368,0.07433324215776972
2025-10-09 14:55:00+10:00,ER01,614.9142,45.7086,0.07433329723073559
2025-10-09 14:55:00+10:00,ER02,581.7105,43.2405,0.07433336685516248
2025-10-09 14:55:00+10:00,ER03,,,
2025-10-09 14:55:00+10:00,ER04,,,
2025-10-09 15:00:00+10:00,ER01,630.3685,47.0135,0.07458097922088429
2025-10-09 15:00:00+10:00,ER02,582.7604,43.3121,0.07432231153661092
2025-10-09 15:00:00+10:00,ER03,,,
2025-10-09 15:00:00+10:00,ER04,,,
2025-10-09 15:05:00+10:00,ER04,,,
2025-10-09 15:05:00+10:00,ER01,632.0775,46.9844,0.07433328982601026
2025-10-09 15:05:00+10:00,ER02,582.15,43.2732,0.07433341922185005
2025-10-09 15:05:00+10:00,ER03,,,
2025-10-09 15:10:00+10:00,ER04,,,
2025-10-09 15:10:00+10:00,ER03,,,
2025-10-09 15:10:00+10:00,ER02,583.6881,43.3875,0.07433336400039679
2025-10-09 15:10:00+10:00,ER01,636.7407,47.331,0.07433324114510036
2025-10-09 15:15:00+10:00,ER01,637.4731,47.3855,0.07433333265356608
2025-10-09 15:15:00+10:00,ER02,585.4703,43.52,0.07433340341943905
2025-10-09 15:15:00+10:00,ER03,,,
2025-10-09 15:15:00+10:00,ER04,,,
2025-10-09 15:20:00+10:00,ER01,639.4751,47.5343,0.07433330867769519
2025-10-09 15:20:00+10:00,ER02,584.8112,43.471,0.07433339169974856
2025-10-09 15:20:00+10:00,ER03,,,
2025-10-09 15:20:00+10:00,ER04,,,
2025-10-09 15:25:00+10:00,ER01,640.1099,47.5815,0.0743333293236052
2025-10-09 15:25:00+10:00,ER02,584.9576,43.4819,0.07433342177279174
2025-10-09 15:25:00+10:00,ER03,,,
2025-10-09 15:25:00+10:00,ER04,,,
2025-10-09 15:30:00+10:00,ER04,,,
2025-10-09 15:30:00+10:00,ER03,,,
2025-10-09 15:30:00+10:00,ER02,585.2994,43.5073,0.07433340953365064
2025-10-09 15:30:00+10:00,ER01,639.4507,47.5325,0.07433333015352082
2025-10-09 15:35:00+10:00,ER01,639.1821,47.5126,0.0743334333048438
2025-10-09 15:35:00+10:00,ER02,585.0065,43.4854,0.07433319116967077
2025-10-09 15:35:00+10:00,ER03,,,
2025-10-09 15:35:00+10:00,ER04,,,
2025-10-09 15:40:00+10:00,ER01,639.8413,47.5615,0.07433327607955285
2025-10-09 15:40:00+10:00,ER02,585.2994,43.5073,0.07433340953365064
2025-10-09 15:40:00+10:00,ER03,,,
2025-10-09 15:40:00+10:00,ER04,,,
2025-10-09 15:45:00+10:00,ER01,640.7935,47.6324,0.0743334631203344
2025-10-09 15:45:00+10:00,ER02,585.4703,43.52,0.07433340341943905
2025-10-09 15:45:00+10:00,ER03,,,
2025-10-09 15:45:00+10:00,ER04,,,
2025-10-09 15:50:00+10:00,ER03,,,
2025-10-09 15:50:00+10:00,ER04,,,
2025-10-09 15:50:00+10:00,ER02,585.7145,43.5381,0.07433331426829966
2025-10-09 15:50:00+10:00,ER01,639.4019,47.5289,0.07433337311008929
2025-10-09 15:55:00+10:00,ER01,639.8901,47.5652,0.07433338943671734
2025-10-09 15:55:00+10:00,ER02,584.2985,43.4328,0.07433323891812148
2025-10-09 15:55:00+10:00,ER03,,,
2025-10-09 15:55:00+10:00,ER04,,,
2025-10-09 16:00:00+10:00,ER01,639.8901,47.5652,0.07433338943671734
2025-10-09 16:00:00+10:00,ER02,584.5426,43.451,0.07433333344738262
2025-10-09 16:00:00+10:00,ER03,,,
2025-10-09 16:00:00+10:00,ER04,,,
2025-10-09 16:05:00+10:00,ER01,636.5209,47.3147,0.07433330154595082
2025-10-09 16:05:00+10:00,ER02,583.4684,43.3712,0.07433341719962898
2025-10-09 16:05:00+10:00,ER03,,,
2025-10-09 16:05:00+10:00,ER04,,,
2025-10-09 16:10:00+10:00,ER04,,,
2025-10-09 16:10:00+10:00,ER03,,,
2025-10-09 16:10:00+10:00,ER01,633.225,47.0697,0.07433329385289589
2025-10-09 16:10:00+10:00,ER02,583.4196,43.3675,0.07433329288217264
2025-10-09 16:15:00+10:00,ER01,639.646,47.547,0.07433330310828176
2025-10-09 16:15:00+10:00,ER02,585.0065,43.4854,0.07433319116967077
2025-10-09 16:15:00+10:00,ER03,,,
2025-10-09 16:15:00+10:00,ER04,,,
2025-10-09 16:20:00+10:00,ER01,639.8413,47.5615,0.07433327607955285
2025-10-09 16:20:00+10:00,ER02,585.0065,43.4854,0.07433319116967077
2025-10-09 16:20:00+10:00,ER03,,,
2025-10-09 16:20:00+10:00,ER04,,,
2025-10-09 16:25:00+10:00,ER01,639.646,47.547,0.07433330310828176
2025-10-09 16:25:00+10:00,ER02,584.8356,43.4728,0.07433336821493083
2025-10-09 16:25:00+10:00,ER03,,,
2025-10-09 16:25:00+10:00,ER04,,,
2025-10-09 16:30:00+10:00,ER03,,,
2025-10-09 16:30:00+10:00,ER04,,,
2025-10-09 16:30:00+10:00,ER02,584.1032,43.4184,0.07433343970722982
2025-10-09 16:30:00+10:00,ER01,639.9145,47.567,0.0743333679733777
2025-10-09 16:35:00+10:00,ER01,635.227,47.2186,0.07433342726300993
2025-10-09 16:35:00+10:00,ER02,585.0553,43.4891,0.07433331515841324
2025-10-09 16:35:00+10:00,ER03,,,
2025-10-09 16:35:00+10:00,ER04,,,
2025-10-09 16:40:00+10:00,ER01,633.6644,47.1024,0.0743333537437167
2025-10-09 16:40:00+10:00,ER02,581.2466,43.206,0.07433333803586982
2025-10-09 16:40:00+10:00,ER03,,,
2025-10-09 16:40:00+10:00,ER04,,,
2025-10-09 16:45:00+10:00,ER04,,,
2025-10-09 16:45:00+10:00,ER03,,,
2025-10-09 16:45:00+10:00,ER02,584.3717,43.4383,0.07433333955083725
2025-10-09 16:45:00+10:00,ER01,638.9868,47.498,0.07433330391175529
2025-10-09 16:50:00+10:00,ER01,639.353,47.5252,0.07433327129144619
2025-10-09 16:50:00+10:00,ER02,584.8112,43.471,0.07433339169974856
2025-10-09 16:50:00+10:00,ER03,,,
2025-10-09 16:50:00+10:00,ER04,,,
2025-10-09 16:55:00+10:00,ER01,640.0855,47.5797,0.07433335077891938
2025-10-09 16:55:00+10:00,ER02,585.0065,43.4854,0.07433319116967077
2025-10-09 16:55:00+10:00,ER03,,,
2025-10-09 16:55:00+10:00,ER04,,,
2025-10-09 17:00:00+10:00,ER03,,,
2025-10-09 17:00:00+10:00,ER04,,,
2025-10-09 17:00:00+10:00,ER01,637.644,47.3982,0.07433332706024051
2025-10-09 17:00:00+10:00,ER02,585.2262,43.5018,0.07433330906921119
2025-10-09 17:05:00+10:00,ER03,,,
2025-10-09 17:05:00+10:00,ER04,,,
2025-10-09 17:05:00+10:00,ER01,639.8901,47.5652,0.07433338943671734
2025-10-09 17:05:00+10:00,ER02,584.567,43.4528,0.07433330995420542
2025-10-09 17:10:00+10:00,ER04,,,
2025-10-09 17:10:00+10:00,ER03,,,
2025-10-09 17:10:00+10:00,ER02,585.0065,43.4854,0.07433319116967077
2025-10-09 17:10:00+10:00,ER01,638.938,47.4944,0.07433334689750805
2025-10-09 17:15:00+10:00,ER01,638.4985,47.4617,0.07433329913852577
2025-10-09 17:15:00+10:00,ER02,585.6657,43.5345,0.0743333611649103
2025-10-09 17:15:00+10:00,ER03,,,
2025-10-09 17:15:00+10:00,ER04,,,
2025-10-09 17:20:00+10:00,ER01,637.644,47.3982,0.07433332706024051
2025-10-09 17:20:00+10:00,ER02,583.3951,43.3657,0.0743333291623464
2025-10-09 17:20:00+10:00,ER03,,,
2025-10-09 17:20:00+10:00,ER04,,,
2025-10-09 17:25:00+10:00,ER03,,,
2025-10-09 17:25:00+10:00,ER04,,,
2025-10-09 17:25:00+10:00,ER01,635.6176,47.2475,0.0743332154427442
2025-10-09 17:25:00+10:00,ER02,584.8112,43.471,0.07433339169974856
2025-10-09 17:30:00+10:00,ER01,637.8637,47.4145,0.07433327841041902
2025-10-09 17:30:00+10:00,ER02,583.8834,43.402,0.07433333436093575
2025-10-09 17:30:00+10:00,ER03,,,
2025-10-09 17:30:00+10:00,ER04,,,
2025-10-09 17:35:00+10:00,ER01,638.1079,47.4327,0.07433335334039902
2025-10-09 17:35:00+10:00,ER02,584.8112,43.471,0.07433339169974856
2025-10-09 17:35:00+10:00,ER03,,,
2025-10-09 17:35:00+10:00,ER04,,,
2025-10-09 17:40:00+10:00,ER04,,,
2025-10-09 17:40:00+10:00,ER01,639.4019,47.5289,0.07433337311008929
2025-10-09 17:40:00+10:00,ER02,584.7623,43.4673,0.07433328037734308
2025-10-09 17:40:00+10:00,ER03,,,
2025-10-09 17:45:00+10:00,ER03,,,
2025-10-09 17:45:00+10:00,ER04,,,
2025-10-09 17:45:00+10:00,ER01,637.4487,47.3837,0.0743333541977574
2025-10-09 17:45:00+10:00,ER02,584.1032,43.4184,0.07433343970722982
2025-10-09 17:50:00+10:00,ER01,638.3032,47.4472,0.0743333262311704
2025-10-09 17:50:00+10:00,ER02,585.4459,43.5182,0.0743334268802634
2025-10-09 17:50:00+10:00,ER03,,,
2025-10-09 17:50:00+10:00,ER04,,,
2025-10-09 17:55:00+10:00,ER01,639.0112,47.1786,0.07383063082462404
2025-10-09 17:55:00+10:00,ER02,585.0065,43.402,0.07419062865113465
2025-10-09 17:55:00+10:00,ER03,,,
2025-10-09 17:55:00+10:00,ER04,,,
2025-10-09 18:00:00+10:00,ER01,636.9604,47.3474,0.07433334945155146
2025-10-09 18:00:00+10:00,ER02,586.1296,43.5689,0.0743332191378835
2025-10-09 18:00:00+10:00,ER03,,,
2025-10-09 18:00:00+10:00,ER04,,,
2025-10-09 18:05:00+10:00,ER04,,,
2025-10-09 18:05:00+10:00,ER03,,,
2025-10-09 18:05:00+10:00,ER02,584.5914,43.4547,0.0743334575226389
2025-10-09 18:05:00+10:00,ER01,638.5474,47.4654,0.07433340109128939
2025-10-09 18:10:00+10:00,ER01,638.0835,47.4309,0.07433337486394806
2025-10-09 18:10:00+10:00,ER02,585.0065,43.4854,0.07433319116967077
2025-10-09 18:10:00+10:00,ER03,,,
2025-10-09 18:10:00+10:00,ER04,,,
2025-10-09 18:15:00+10:00,ER01,640.0855,47.5797,0.07433335077891938
2025-10-09 18:15:00+10:00,ER02,585.4947,43.5218,0.0743333799605701
2025-10-09 18:15:00+10:00,ER03,,,
2025-10-09 18:15:00+10:00,ER04,,,
2025-10-09 18:20:00+10:00,ER04,,,
2025-10-09 18:20:00+10:00,ER01,634.7875,47.1859,0.07433337928046786
2025-10-09 18:20:00+10:00,ER02,584.152,43.4219,0.07433322149029704
2025-10-09 18:20:00+10:00,ER03,,,
2025-10-09 18:25:00+10:00,ER03,,,
2025-10-09 18:25:00+10:00,ER04,,,
2025-10-09 18:25:00+10:00,ER01,639.4019,47.5289,0.07433337311008929
2025-10-09 18:25:00+10:00,ER02,585.0309,43.4873,0.07433333863219874
2025-10-09 18:30:00+10:00,ER01,637.2045,47.3656,0.07433343612607883
2025-10-09 18:30:00+10:00,ER02,585.4703,43.52,0.07433340341943905
2025-10-09 18:30:00+10:00,ER03,,,
2025-10-09 18:30:00+10:00,ER04,,,
2025-10-09 18:35:00+10:00,ER01,636.5209,47.3147,0.07433330154595082
2025-10-09 18:35:00+10:00,ER02,585.0309,43.4873,0.07433333863219874
2025-10-09 18:35:00+10:00,ER03,,,
2025-10-09 18:35:00+10:00,ER04,,,
2025-10-09 18:40:00+10:00,ER01,639.646,47.547,0.07433330310828176
2025-10-09 18:40:00+10:00,ER02,585.4703,43.52,0.07433340341943905
2025-10-09 18:40:00+10:00,ER03,,,
2025-10-09 18:40:00+10:00,ER04,,,
2025-10-09 18:45:00+10:00,ER04,,,
2025-10-09 18:45:00+10:00,ER03,,,
2025-10-09 18:45:00+10:00,ER01,636.0326,47.2784,0.07433329675239916
2025-10-09 18:45:00+10:00,ER02,584.2985,43.4328,0.07433323891812148
2025-10-09 18:50:00+10:00,ER01,638.352,47.4508,0.07433328320425095
2025-10-09 18:50:00+10:00,ER02,584.3961,43.4401,0.07433331605053489
2025-10-09 18:50:00+10:00,ER03,,,
2025-10-09 18:50:00+10:00,ER04,,,
2025-10-09 18:55:00+10:00,ER01,638.9868,47.498,0.07433330391175529
2025-10-09 18:55:00+10:00,ER02,585.861,43.549,0.07433333162644382
2025-10-09 18:55:00+10:00,ER03,,,
2025-10-09 18:55:00+10:00,ER04,,,
2025-10-09 19:00:00+10:00,ER01,633.225,47.0697,0.07433329385289589
2025-10-09 19:00:00+10:00,ER02,583.4684,43.3712,0.07433341719962898
2025-10-09 19:00:00+10:00,ER03,,,
2025-10-09 19:00:00+10:00,ER04,,,
2025-10-09 19:05:00+10:00,ER04,,,
2025-10-09 19:05:00+10:00,ER03,,,
2025-10-09 19:05:00+10:00,ER02,584.7623,43.4673,0.07433328037734308
2025-10-09 19:05:00+10:00,ER01,635.6176,47.2475,0.0743332154427442
2025-10-09 19:10:00+10:00,ER01,634.7631,47.184,0.07433324337851396
2025-10-09 19:10:00+10:00,ER02,585.4459,43.5182,0.0743334268802634
2025-10-09 19:10:00+10:00,ER03,,,
2025-10-09 19:10:00+10:00,ER04,,,
2025-10-09 19:15:00+10:00,ER01,636.4965,47.3129,0.07433332312117977
2025-10-09 19:15:00+10:00,ER02,585.0065,43.4854,0.07433319116967077
2025-10-09 19:15:00+10:00,ER03,,,
2025-10-09 19:15:00+10:00,ER04,,,
2025-10-09 19:20:00+10:00,ER04,,,
2025-10-09 19:20:00+10:00,ER01,632.3461,47.0044,0.0743333437179418
2025-10-09 19:20:00+10:00,ER02,584.1276,43.4202,0.07433341619194163
2025-10-09 19:20:00+10:00,ER03,,,
2025-10-09 19:25:00+10:00,ER04,,,
2025-10-09 19:25:00+10:00,ER03,,,
2025-10-09 19:25:00+10:00,ER02,584.1276,43.4202,0.07433341619194163
2025-10-09 19:25:00+10:00,ER01,635.3979,47.2312,0.07433326424276819
2025-10-09 19:30:00+10:00,ER01,637.4731,47.3855,0.07433333265356608
2025-10-09 19:30:00+10:00,ER02,584.8112,43.471,0.07433339169974856
2025-10-09 19:30:00+10:00,ER03,,,
2025-10-09 19:30:00+10:00,ER04,,,
2025-10-09 19:35:00+10:00,ER04,,,
2025-10-09 19:35:00+10:00,ER01,640.1099,47.5815,0.0743333293236052
2025-10-09 19:35:00+10:00,ER02,585.0309,43.4873,0.07433333863219874
2025-10-09 19:35:00+10:00,ER03,,,
2025-10-09 19:40:00+10:00,ER03,,,
2025-10-09 19:40:00+10:00,ER04,,,
2025-10-09 19:40:00+10:00,ER01,634.3481,47.1532,0.07433331951337128
2025-10-09 19:40:00+10:00,ER02,585.7145,43.5381,0.07433331426829966
2025-10-09 19:45:00+10:00,ER04,,,
2025-10-09 19:45:00+10:00,ER03,,,
2025-10-09 19:45:00+10:00,ER02,583.859,43.4002,0.07433335788263946
2025-10-09 19:45:00+10:00,ER01,634.9828,47.2004,0.07433335202150358
2025-10-09 19:50:00+10:00,ER01,636.5698,47.3184,0.0743334038152611
2025-10-09 19:50:00+10:00,ER02,585.0309,43.4873,0.07433333863219874
2025-10-09 19:50:00+10:00,ER03,,,
2025-10-09 19:50:00+10:00,ER04,,,
2025-10-09 19:55:00+10:00,ER01,636.2768,47.2966,0.07433337189097575
2025-10-09 19:55:00+10:00,ER02,583.2487,43.3549,0.07433347043893969
2025-10-09 19:55:00+10:00,ER03,,,
2025-10-09 19:55:00+10:00,ER04,,,
2025-10-09 20:00:00+10:00,ER01,637.4487,47.3837,0.0743333541977574
2025-10-09 20:00:00+10:00,ER02,585.0065,43.4854,0.07433319116967077
2025-10-09 20:00:00+10:00,ER03,,,
2025-10-09 20:00:00+10:00,ER04,,,
2025-10-09 20:05:00+10:00,ER04,,,
2025-10-09 20:05:00+10:00,ER03,,,
2025-10-09 20:05:00+10:00,ER02,585.2018,43.5,0.07433333253588761
2025-10-09 20:05:00+10:00,ER01,640.0855,47.5797,0.07433335077891938
2025-10-09 20:10:00+10:00,ER01,639.2554,47.518,0.07433335721528515
2025-10-09 20:10:00+10:00,ER02,585.7389,43.5399,0.0743332908229247
2025-10-09 20:10:00+10:00,ER03,,,
2025-10-09 20:10:00+10:00,ER04,,,
2025-10-09 20:15:00+10:00,ER01,636.7407,47.331,0.07433324114510036
2025-10-09 20:15:00+10:00,ER02,585.4703,43.52,0.07433340341943905
2025-10-09 20:15:00+10:00,ER03,,,
2025-10-09 20:15:00+10:00,ER04,,,
2025-10-09 20:20:00+10:00,ER01,635.8618,47.2657,0.07433329066158716
2025-10-09 20:20:00+10:00,ER02,585.3238,43.5091,0.0743333860676774
2025-10-09 20:20:00+10:00,ER03,,,
2025-10-09 20:20:00+10:00,ER04,,,
2025-10-09 20:25:00+10:00,ER04,,,
2025-10-09 20:25:00+10:00,ER03,,,
2025-10-09 20:25:00+10:00,ER02,583.8834,43.402,0.07433333436093575
2025-10-09 20:25:00+10:00,ER01,636.7651,47.3329,0.07433337662506945
2025-10-09 20:30:00+10:00,ER01,636.5698,47.3184,0.0743334038152611
2025-10-09 20:30:00+10:00,ER02,583.1998,43.3512,0.074333358824883
2025-10-09 20:30:00+10:00,ER03,,,
2025-10-09 20:30:00+10:00,ER04,,,
2025-10-09 20:35:00+10:00,ER01,634.1284,47.1368,0.07433321075037799
2025-10-09 20:35:00+10:00,ER02,583.2242,43.353,0.07433333527655403
2025-10-09 20:35:00+10:00,ER03,,,
2025-10-09 20:35:00+10:00,ER04,,,
2025-10-09 20:40:00+10:00,ER04,,,
2025-10-09 20:40:00+10:00,ER03,,,
2025-10-09 20:40:00+10:00,ER02,584.1032,43.4184,0.07433343970722982
2025-10-09 20:40:00+10:00,ER01,638.0835,47.4309,0.07433337486394806
2025-10-09 20:45:00+10:00,ER01,634.7143,47.1805,0.0743334441968615
2025-10-09 20:45:00+10:00,ER02,583.4684,43.3712,0.07433341719962898
2025-10-09 20:45:00+10:00,ER03,,,
2025-10-09 20:45:00+10:00,ER04,,,
2025-10-09 20:50:00+10:00,ER01,633.4203,47.2921,0.07466148464139845
2025-10-09 20:50:00+10:00,ER02,582.1256,43.3784,0.07451725194700251
2025-10-09 20:50:00+10:00,ER03,,,
2025-10-09 20:50:00+10:00,ER04,,,
2025-10-09 20:55:00+10:00,ER03,,,
2025-10-09 20:55:00+10:00,ER04,,,
2025-10-09 20:55:00+10:00,ER01,638.9868,47.498,0.07433330391175529
2025-10-09 20:55:00+10:00,ER02,584.5914,43.4547,0.0743334575226389
2025-10-09 21:00:00+10:00,ER03,,,
2025-10-09 21:00:00+10:00,ER04,,,
2025-10-09 21:00:00+10:00,ER01,639.4019,47.5289,0.07433337311008929
2025-10-09 21:00:00+10:00,ER02,585.0309,43.4873,0.07433333863219874
2025-10-09 21:05:00+10:00,ER04,,,
2025-10-09 21:05:00+10:00,ER03,,,
2025-10-09 21:05:00+10:00,ER01,634.4946,47.1641,0.07433333553981389
2025-10-09 21:05:00+10:00,ER02,584.1032,43.4184,0.07433343970722982
2025-10-09 21:10:00+10:00,ER01,639.2065,47.5143,0.07433325537209023
2025-10-09 21:10:00+10:00,ER02,586.1296,43.5689,0.0743332191378835
2025-10-09 21:10:00+10:00,ER03,,,
2025-10-09 21:10:00+10:00,ER04,,,
2025-10-09 21:15:00+10:00,ER01,638.9868,47.498,0.07433330391175529
2025-10-09 21:15:00+10:00,ER02,585.6657,43.5345,0.0743333611649103
2025-10-09 21:15:00+10:00,ER03,,,
2025-10-09 21:15:00+10:00,ER04,,,
2025-10-09 21:20:00+10:00,ER04,,,
2025-10-09 21:20:00+10:00,ER01,638.9868,47.498,0.07433330391175529
2025-10-09 21:20:00+10:00,ER02,585.3971,43.5145,0.07433330298356448
2025-10-09 21:20:00+10:00,ER03,,,
2025-10-09 21:25:00+10:00,ER04,,,
2025-10-09 21:25:00+10:00,ER03,,,
2025-10-09 21:25:00+10:00,ER01,639.6216,47.5452,0.07433332457815685
2025-10-09 21:25:00+10:00,ER02,604.7577,44.9537,0.07433340658581114
2025-10-09 21:30:00+10:00,ER01,637.6684,47.4,0.07433330552368597
2025-10-09 21:30:00+10:00,ER02,620.1144,46.0952,0.07433338106646127
2025-10-09 21:30:00+10:00,ER03,,,
2025-10-09 21:30:00+10:00,ER04,,,
2025-10-09 21:35:00+10:00,ER03,,,
2025-10-09 21:35:00+10:00,ER01,632.5902,47.0226,0.07433343102691126
2025-10-09 21:35:00+10:00,ER02,618.5275,45.9772,0.0743333158186176
2025-10-09 21:35:00+10:00,ER04,,,
2025-10-09 21:40:00+10:00,ER04,,,
2025-10-09 21:40:00+10:00,ER03,,,
2025-10-09 21:40:00+10:00,ER02,619.8459,46.0752,0.07433331413501323
2025-10-09 21:40:00+10:00,ER01,639.6216,47.5452,0.07433332457815685
2025-10-09 21:45:00+10:00,ER01,635.4223,47.2331,0.07433340000815207
2025-10-09 21:45:00+10:00,ER02,619.2111,46.028,0.07433329279788428
2025-10-09 21:45:00+10:00,ER03,,,
2025-10-09 21:45:00+10:00,ER04,,,
2025-10-09 21:50:00+10:00,ER01,638.352,47.4508,0.07433328320425095
2025-10-09 21:50:00+10:00,ER02,620.5295,46.126,0.07433329116504533
2025-10-09 21:50:00+10:00,ER03,,,
2025-10-09 21:50:00+10:00,ER04,,,
2025-10-09 21:55:00+10:00,ER03,,,
2025-10-09 21:55:00+10:00,ER04,,,
2025-10-09 21:55:00+10:00,ER01,636.5698,47.3184,0.0743334038152611
2025-10-09 21:55:00+10:00,ER02,619.8947,46.0788,0.07433326982792401
2025-10-09 22:00:00+10:00,ER01,638.1079,47.4327,0.07433335334039902
2025-10-09 22:00:00+10:00,ER02,619.6262,46.0589,0.07433336421216533
2025-10-09 22:00:00+10:00,ER03,,,
2025-10-09 22:00:00+10:00,ER04,,,
2025-10-09 22:05:00+10:00,ER01,630.6127,46.8756,0.07433342208299959
2025-10-09 22:05:00+10:00,ER02,611.8624,45.4817,0.07433321609564503
2025-10-09 22:05:00+10:00,ER03,,,
2025-10-09 22:05:00+10:00,ER04,,,
2025-10-09 22:10:00+10:00,ER04,,,
2025-10-09 22:10:00+10:00,ER01,638.352,47.4508,0.07433328320425095
2025-10-09 22:10:00+10:00,ER02,619.5773,46.0552,0.0743332591429673
2025-10-09 22:10:00+10:00,ER03,,,
2025-10-09 22:15:00+10:00,ER03,,,
2025-10-09 22:15:00+10:00,ER04,,,
2025-10-09 22:15:00+10:00,ER01,638.7427,47.4799,0.07433337398611366
2025-10-09 22:15:00+10:00,ER02,619.1623,46.0244,0.07433333715570216
2025-10-09 22:20:00+10:00,ER02,619.6506,46.0607,0.07433334204792183
2025-10-09 22:20:00+10:00,ER03,,,
2025-10-09 22:20:00+10:00,ER01,638.4985,47.4617,0.07433329913852577
2025-10-09 22:20:00+10:00,ER04,,,
2025-10-09 22:25:00+10:00,ER04,,,
2025-10-09 22:25:00+10:00,ER03,,,
2025-10-09 22:25:00+10:00,ER02,616.7696,45.8466,0.07433343018203233
2025-10-09 22:25:00+10:00,ER01,632.3461,47.0044,0.0743333437179418
2025-10-09 22:30:00+10:00,ER01,637.3998,47.3801,0.0743334089530621
2025-10-09 22:30:00+10:00,ER02,617.5997,45.9082,0.07433326149607909
2025-10-09 22:30:00+10:00,ER03,,,
2025-10-09 22:30:00+10:00,ER04,,,
2025-10-09 22:35:00+10:00,ER01,637.0092,47.351,0.07433330633215345
2025-10-09 22:35:00+10:00,ER02,617.5509,45.9046,0.07433330596716806
2025-10-09 22:35:00+10:00,ER03,,,
2025-10-09 22:35:00+10:00,ER04,,,
2025-10-09 22:40:00+10:00,ER01,639.4507,47.5325,0.07433333015352082
2025-10-09 22:40:00+10:00,ER02,620.1144,46.0952,0.07433338106646127
2025-10-09 22:40:00+10:00,ER03,,,
2025-10-09 22:40:00+10:00,ER04,,,
2025-10-09 22:45:00+10:00,ER04,,,
2025-10-09 22:45:00+10:00,ER03,,,
2025-10-09 22:45:00+10:00,ER01,636.5209,47.3147,0.07433330154595082
2025-10-09 22:45:00+10:00,ER02,619.8459,46.0752,0.07433331413501323
2025-10-09 22:50:00+10:00,ER01,633.225,47.0697,0.07433329385289589
2025-10-09 22:50:00+10:00,ER02,615.0118,45.7159,0.07433337051419175
2025-10-09 22:50:00+10:00,ER03,,,
2025-10-09 22:50:00+10:00,ER04,,,
2025-10-09 22:55:00+10:00,ER01,635.6664,47.2512,0.07433332955776804
2025-10-09 22:55:00+10:00,ER02,620.3342,46.1115,0.07433331903996265
2025-10-09 22:55:00+10:00,ER03,,,
2025-10-09 22:55:00+10:00,ER04,,,
2025-10-09 23:00:00+10:00,ER01,634.7875,47.1859,0.07433337928046786
2025-10-09 23:00:00+10:00,ER02,619.1867,46.0262,0.07433331497591923
2025-10-09 23:00:00+10:00,ER03,,,
2025-10-09 23:00:00+10:00,ER04,,,
2025-10-09 23:05:00+10:00,ER04,,,
2025-10-09 23:05:00+10:00,ER03,,,
2025-10-09 23:05:00+10:00,ER02,619.8215,46.0734,0.07433333629117415
2025-10-09 23:05:00+10:00,ER01,637.0092,47.351,0.07433330633215345
2025-10-09 23:10:00+10:00,ER01,635.935,47.2712,0.0743333831287789
2025-10-09 23:10:00+10:00,ER02,618.2834,45.9591,0.0743333882164716
2025-10-09 23:10:00+10:00,ER03,,,
2025-10-09 23:10:00+10:00,ER04,,,
2025-10-09 23:15:00+10:00,ER01,626.6331,46.5797,0.074333290086336
2025-10-09 23:15:00+10:00,ER02,611.6426,45.4654,0.07433327894427236
2025-10-09 23:15:00+10:00,ER03,,,
2025-10-09 23:15:00+10:00,ER04,,,
2025-10-09 23:20:00+10:00,ER01,637.2289,47.3673,0.07433325764101409
2025-10-09 23:20:00+10:00,ER02,619.1623,46.0244,0.07433333715570216
2025-10-09 23:20:00+10:00,ER03,,,
2025-10-09 23:20:00+10:00,ER04,,,
2025-10-09 23:25:00+10:00,ER04,,,
2025-10-09 23:25:00+10:00,ER03,,,
2025-10-09 23:25:00+10:00,ER02,619.4308,46.0443,0.07433324271250316
2025-10-09 23:25:00+10:00,ER01,638.9868,47.498,0.07433330391175529
2025-10-09 23:30:00+10:00,ER01,638.9868,47.498,0.07433330391175529
2025-10-09 23:30:00+10:00,ER02,620.09,46.0934,0.07433340321566224
2025-10-09 23:30:00+10:00,ER03,,,
2025-10-09 23:30:00+10:00,ER04,,,
2025-10-09 23:35:00+10:00,ER01,639.646,47.547,0.07433330310828176
2025-10-09 23:35:00+10:00,ER02,620.0656,46.0915,0.07433326409334755
2025-10-09 23:35:00+10:00,ER03,,,
2025-10-09 23:35:00+10:00,ER04,,,
2025-10-09 23:40:00+10:00,ER01,639.0356,47.5017,0.07433341741837231
2025-10-09 23:40:00+10:00,ER02,619.6506,46.0607,0.07433334204792183
2025-10-09 23:40:00+10:00,ER03,,,
2025-10-09 23:40:00+10:00,ER04,,,
2025-10-09 23:45:00+10:00,ER04,,,
2025-10-09 23:45:00+10:00,ER03,,,
2025-10-09 23:45:00+10:00,ER02,618.9914,44.6415,0.0721197418897904
2025-10-09 23:45:00+10:00,ER01,639.1089,47.2956,0.07400241179554846
2025-10-09 23:50:00+10:00,ER01,638.352,47.4508,0.07433328320425095
2025-10-09 23:50:00+10:00,ER02,619.1623,46.0244,0.07433333715570216
2025-10-09 23:50:00+10:00,ER03,,,
2025-10-09 23:50:00+10:00,ER04,,,
2025-10-09 23:55:00+10:00,ER01,639.0112,47.4998,0.07433328242134096
2025-10-09 23:55:00+10:00,ER02,619.382,46.0408,0.07433344850189383
2025-10-09 23:55:00+10:00,ER03,,,
2025-10-09 23:55:00+10:00,ER04,,,
2025-10-10 00:00:00+10:00,ER01,636.3745,47.3038,0.07433327388196731
2025-10-10 00:00:00+10:00,ER02,619.6506,46.0607,0.07433334204792183
2025-10-10 00:00:00+10:00,ER03,,,
2025-10-10 00:00:00+10:00,ER04,,,
2025-10-10 00:05:00+10:00,ER04,,,
2025-10-10 00:05:00+10:00,ER03,,,
2025-10-10 00:05:00+10:00,ER02,620.2609,46.1061,0.07433339744613919
2025-10-10 00:05:00+10:00,ER01,639.8901,47.5652,0.07433338943671734
2025-10-10 00:10:00+10:00,ER01,634.3237,47.1514,0.07433334116319476
2025-10-10 00:10:00+10:00,ER02,619.1867,46.0262,0.07433331497591923
2025-10-10 00:10:00+10:00,ER03,,,
2025-10-10 00:10:00+10:00,ER04,,,
2025-10-10 00:15:00+10:00,ER01,639.4507,47.5325,0.07433333015352082
2025-10-10 00:15:00+10:00,ER02,620.0168,46.0879,0.07433330838777272
2025-10-10 00:15:00+10:00,ER03,,,
2025-10-10 00:15:00+10:00,ER04,,,
2025-10-10 00:20:00+10:00,ER01,640.0855,47.5797,0.07433335077891938
2025-10-10 00:20:00+10:00,ER02,619.8215,46.0734,0.07433333629117415
2025-10-10 00:20:00+10:00,ER03,,,
2025-10-10 00:20:00+10:00,ER04,,,
2025-10-10 00:25:00+10:00,ER04,,,
2025-10-10 00:25:00+10:00,ER02,619.4553,46.0462,0.07433336997843105
2025-10-10 00:25:00+10:00,ER01,637.2289,47.3673,0.07433325764101409
2025-10-10 00:25:00+10:00,ER03,,,
2025-10-10 00:30:00+10:00,ER01,638.7671,47.4817,0.07433335248481018
2025-10-10 00:30:00+10:00,ER02,619.8459,46.0752,0.07433331413501323
2025-10-10 00:30:00+10:00,ER03,,,
2025-10-10 00:30:00+10:00,ER04,,,
2025-10-10 00:35:00+10:00,ER01,640.0855,47.5797,0.07433335077891938
2025-10-10 00:35:00+10:00,ER02,620.0168,46.0879,0.07433330838777272
2025-10-10 00:35:00+10:00,ER03,,,
2025-10-10 00:35:00+10:00,ER04,,,
2025-10-10 00:40:00+10:00,ER04,,,
2025-10-10 00:40:00+10:00,ER01,639.0112,47.4998,0.07433328242134096
2025-10-10 00:40:00+10:00,ER02,620.0168,46.0879,0.07433330838777272
2025-10-10 00:40:00+10:00,ER03,,,
2025-10-10 00:45:00+10:00,ER04,,,
2025-10-10 00:45:00+10:00,ER03,,,
2025-10-10 00:45:00+10:00,ER02,619.382,46.0408,0.07433344850189383
2025-10-10 00:45:00+10:00,ER01,633.0785,47.0588,0.07433327778466652
2025-10-10 00:50:00+10:00,ER01,636.1303,47.2857,0.07433335591780488
2025-10-10 00:50:00+10:00,ER02,618.1125,45.9464,0.07433339400190095
2025-10-10 00:50:00+10:00,ER03,,,
2025-10-10 00:50:00+10:00,ER04,,,
2025-10-10 00:55:00+10:00,ER04,,,
2025-10-10 00:55:00+10:00,ER01,633.2738,47.0733,0.07433325048344018
2025-10-10 00:55:00+10:00,ER02,617.9171,45.9318,0.07433327221402354
2025-10-10 00:55:00+10:00,ER03,,,
2025-10-10 01:00:00+10:00,ER02,619.6262,46.0589,0.07433336421216533
2025-10-10 01:00:00+10:00,ER03,,,
2025-10-10 01:00:00+10:00,ER01,636.3256,47.3002,0.07433332872353399
2025-10-10 01:00:00+10:00,ER04,,,
2025-10-10 01:05:00+10:00,ER04,,,
2025-10-10 01:05:00+10:00,ER03,,,
2025-10-10 01:05:00+10:00,ER01,635.6664,47.2512,0.07433332955776804
2025-10-10 01:05:00+10:00,ER02,618.5275,45.9772,0.0743333158186176
2025-10-10 01:10:00+10:00,ER01,639.8901,47.5652,0.07433338943671734
2025-10-10 01:10:00+10:00,ER02,620.4806,46.1224,0.07433334740844436
2025-10-10 01:10:00+10:00,ER03,,,
2025-10-10 01:10:00+10:00,ER04,,,
2025-10-10 01:15:00+10:00,ER01,636.7895,47.3347,0.07433335505689086
2025-10-10 01:15:00+10:00,ER02,620.09,46.0934,0.07433340321566224
2025-10-10 01:15:00+10:00,ER03,,,
2025-10-10 01:15:00+10:00,ER04,,,
2025-10-10 01:20:00+10:00,ER01,640.1099,47.5815,0.0743333293236052
2025-10-10 01:20:00+10:00,ER02,619.5773,46.0552,0.0743332591429673
2025-10-10 01:20:00+10:00,ER03,,,
2025-10-10 01:20:00+10:00,ER04,,,
2025-10-10 01:25:00+10:00,ER04,,,
2025-10-10 01:25:00+10:00,ER03,,,
2025-10-10 01:25:00+10:00,ER02,619.8215,46.0734,0.07433333629117415
2025-10-10 01:25:00+10:00,ER01,635.6664,47.2512,0.07433332955776804
2025-10-10 01:30:00+10:00,ER01,637.2045,47.3656,0.07433343612607883
2025-10-10 01:30:00+10:00,ER02,620.0656,46.0915,0.07433326409334755
2025-10-10 01:30:00+10:00,ER03,,,
2025-10-10 01:30:00+10:00,ER04,,,
2025-10-10 01:35:00+10:00,ER01,634.9828,47.2004,0.07433335202150358
2025-10-10 01:35:00+10:00,ER02,619.1623,46.0244,0.07433333715570216
2025-10-10 01:35:00+10:00,ER03,,,
2025-10-10 01:35:00+10:00,ER04,,,
2025-10-10 01:40:00+10:00,ER01,637.2045,47.3656,0.07433343612607883
2025-10-10 01:40:00+10:00,ER02,619.5529,46.0534,0.07433328130656801
2025-10-10 01:40:00+10:00,ER03,,,
2025-10-10 01:40:00+10:00,ER04,,,
2025-10-10 01:45:00+10:00,ER04,,,
2025-10-10 01:45:00+10:00,ER03,,,
2025-10-10 01:45:00+10:00,ER01,634.9584,47.1986,0.07433337365093524
2025-10-10 01:45:00+10:00,ER02,617.6486,45.9119,0.07433336690150355
2025-10-10 01:50:00+10:00,ER01,635.2026,47.2167,0.07433329145693045
2025-10-10 01:50:00+10:00,ER02,618.9426,46.008,0.07433322573046354
2025-10-10 01:50:00+10:00,ER03,,,
2025-10-10 01:50:00+10:00,ER04,,,
2025-10-10 01:55:00+10:00,ER01,628.5862,46.7249,0.07433332134876648
2025-10-10 01:55:00+10:00,ER02,614.3038,45.6633,0.07433341613709699
2025-10-10 01:55:00+10:00,ER03,,,
2025-10-10 01:55:00+10:00,ER04,,,
2025-10-10 02:00:00+10:00,ER03,,,
2025-10-10 02:00:00+10:00,ER04,,,
2025-10-10 02:00:00+10:00,ER01,614.9386,45.7105,0.07433343751717653
2025-10-10 02:00:00+10:00,ER02,605.4169,45.0026,0.0743332404496802
2025-10-10 02:05:00+10:00,ER01,622.4583,46.2694,0.07433333285137333
2025-10-10 02:05:00+10:00,ER02,611.9112,45.4854,0.07433333464071257
2025-10-10 02:05:00+10:00,ER03,,,
2025-10-10 02:05:00+10:00,ER04,,,
2025-10-10 02:10:00+10:00,ER01,624.8752,46.449,0.07433324286193467
2025-10-10 02:10:00+10:00,ER02,606.9551,45.117,0.07433334030803926
2025-10-10 02:10:00+10:00,ER03,,,
2025-10-10 02:10:00+10:00,ER04,,,
2025-10-10 02:15:00+10:00,ER04,,,
2025-10-10 02:15:00+10:00,ER01,637.2778,47.371,0.07433335980007463
2025-10-10 02:15:00+10:00,ER02,616.6964,45.8411,0.07433333484677386
2025-10-10 02:15:00+10:00,ER03,,,
2025-10-10 02:20:00+10:00,ER03,,,
2025-10-10 02:20:00+10:00,ER04,,,
2025-10-10 02:20:00+10:00,ER01,639.0356,47.5017,0.07433341741837231
2025-10-10 02:20:00+10:00,ER02,620.2853,46.1078,0.07433321408713055
2025-10-10 02:25:00+10:00,ER04,,,
2025-10-10 02:25:00+10:00,ER03,,,
2025-10-10 02:25:00+10:00,ER01,637.4487,47.3837,0.0743333541977574
2025-10-10 02:25:00+10:00,ER02,619.8947,46.0788,0.07433326982792401
2025-10-10 02:30:00+10:00,ER01,639.0112,47.4998,0.07433328242134096
2025-10-10 02:30:00+10:00,ER02,619.6994,46.0643,0.07433329772467104
2025-10-10 02:30:00+10:00,ER03,,,
2025-10-10 02:30:00+10:00,ER04,,,
2025-10-10 02:35:00+10:00,ER01,636.5209,47.3147,0.07433330154595082
2025-10-10 02:35:00+10:00,ER02,619.8215,46.0734,0.07433333629117415
2025-10-10 02:35:00+10:00,ER03,,,
2025-10-10 02:35:00+10:00,ER04,,,
2025-10-10 02:40:00+10:00,ER04,,,
2025-10-10 02:40:00+10:00,ER01,634.3481,47.1532,0.07433331951337128
2025-10-10 02:40:00+10:00,ER02,620.2853,46.1078,0.07433321408713055
2025-10-10 02:40:00+10:00,ER03,,,
2025-10-10 02:45:00+10:00,ER04,,,
2025-10-10 02:45:00+10:00,ER03,,,
2025-10-10 02:45:00+10:00,ER01,636.1303,47.2857,0.07433335591780488
2025-10-10 02:45:00+10:00,ER02,620.0168,46.0879,0.07433330838777272
2025-10-10 02:50:00+10:00,ER01,636.7651,47.3329,0.07433337662506945
2025-10-10 02:50:00+10:00,ER02,619.26,46.0317,0.0743333979265575
2025-10-10 02:50:00+10:00,ER03,,,
2025-10-10 02:50:00+10:00,ER04,,,
2025-10-10 02:55:00+10:00,ER03,,,
2025-10-10 02:55:00+10:00,ER01,631.6869,46.9554,0.07433334457307884
2025-10-10 02:55:00+10:00,ER02,619.0402,46.0153,0.07433329854830106
2025-10-10 02:55:00+10:00,ER04,,,
2025-10-10 03:00:00+10:00,ER04,,,
2025-10-10 03:00:00+10:00,ER03,,,
2025-10-10 03:00:00+10:00,ER02,619.0891,46.019,0.07433340370554092
2025-10-10 03:00:00+10:00,ER01,624.2161,46.4001,0.07433339191347356
2025-10-10 03:05:00+10:00,ER01,607.1748,45.1333,0.07433328919447908
2025-10-10 03:05:00+10:00,ER02,598.1171,44.46,0.07433327019073689
2025-10-10 03:05:00+10:00,ER03,,,
2025-10-10 03:05:00+10:00,ER04,,,
2025-10-10 03:10:00+10:00,ER01,618.6496,45.9863,0.07433335445460565
2025-10-10 03:10:00+10:00,ER02,612.7169,45.5453,0.07433335036131694
2025-10-10 03:10:00+10:00,ER03,,,
2025-10-10 03:10:00+10:00,ER04,,,
2025-10-10 03:15:00+10:00,ER03,,,
2025-10-10 03:15:00+10:00,ER04,,,
2025-10-10 03:15:00+10:00,ER01,639.646,47.547,0.07433330310828176
2025-10-10 03:15:00+10:00,ER02,620.2609,46.1061,0.07433339744613919
2025-10-10 03:20:00+10:00,ER01,629.0257,46.7576,0.0743333698448251
2025-10-10 03:20:00+10:00,ER02,620.3342,46.1115,0.07433331903996265
2025-10-10 03:20:00+10:00,ER03,,,
2025-10-10 03:20:00+10:00,ER04,,,
2025-10-10 03:25:00+10:00,ER01,635.6909,47.253,0.0743332962608085
2025-10-10 03:25:00+10:00,ER02,619.2111,46.028,0.07433329279788428
2025-10-10 03:25:00+10:00,ER03,,,
2025-10-10 03:25:00+10:00,ER04,,,
2025-10-10 03:30:00+10:00,ER04,,,
2025-10-10 03:30:00+10:00,ER01,613.5958,45.6106,0.07433329889155042
2025-10-10 03:30:00+10:00,ER02,599.4354,44.5581,0.07433344777435567
2025-10-10 03:30:00+10:00,ER03,,,
2025-10-10 03:35:00+10:00,ER02,614.9386,45.7105,0.07433343751717653
2025-10-10 03:35:00+10:00,ER03,,,
2025-10-10 03:35:00+10:00,ER01,628.6351,46.7286,0.07433342490739063
2025-10-10 03:35:00+10:00,ER04,,,
2025-10-10 03:40:00+10:00,ER04,,,
2025-10-10 03:40:00+10:00,ER03,,,
2025-10-10 03:40:00+10:00,ER02,619.6994,46.0643,0.07433329772467104
2025-10-10 03:40:00+10:00,ER01,640.0855,47.5797,0.07433335077891938
2025-10-10 03:45:00+10:00,ER01,634.3237,47.1514,0.07433334116319476
2025-10-10 03:45:00+10:00,ER02,619.382,46.0408,0.07433344850189383
2025-10-10 03:45:00+10:00,ER03,,,
2025-10-10 03:45:00+10:00,ER04,,,
2025-10-10 03:50:00+10:00,ER01,632.7855,47.037,0.07433324562588745
2025-10-10 03:50:00+10:00,ER02,614.5236,45.6796,0.07433335351156571
2025-10-10 03:50:00+10:00,ER03,,,
2025-10-10 03:50:00+10:00,ER04,,,
2025-10-10 03:55:00+10:00,ER03,,,
2025-10-10 03:55:00+10:00,ER04,,,
2025-10-10 03:55:00+10:00,ER01,614.4747,45.6759,0.07433324756902115
2025-10-10 03:55:00+10:00,ER02,599.2401,44.5435,0.07433330980353285
2025-10-10 04:00:00+10:00,ER01,627.0237,46.6088,0.07433339441555399
2025-10-10 04:00:00+10:00,ER02,607.9316,45.1896,0.07433336250328161
2025-10-10 04:00:00+10:00,ER03,,,
2025-10-10 04:00:00+10:00,ER04,,,
2025-10-10 04:05:00+10:00,ER01,640.1099,47.5815,0.0743333293236052
2025-10-10 04:05:00+10:00,ER02,619.2111,46.028,0.07433329279788428
2025-10-10 04:05:00+10:00,ER03,,,
2025-10-10 04:05:00+10:00,ER04,,,
2025-10-10 04:10:00+10:00,ER04,,,
2025-10-10 04:10:00+10:00,ER01,639.6704,47.5489,0.07433343797055485
2025-10-10 04:10:00+10:00,ER02,615.1583,45.7268,0.07433338703224844
2025-10-10 04:10:00+10:00,ER03,,,
2025-10-10 04:15:00+10:00,ER03,,,
2025-10-10 04:15:00+10:00,ER04,,,
2025-10-10 04:15:00+10:00,ER01,639.9145,47.567,0.0743333679733777
2025-10-10 04:15:00+10:00,ER02,619.382,46.0408,0.07433344850189383
2025-10-10 04:20:00+10:00,ER01,631.4428,46.9372,0.0743332571057901
2025-10-10 04:20:00+10:00,ER02,617.4044,45.8938,0.07433345146228307
2025-10-10 04:20:00+10:00,ER03,,,
2025-10-10 04:20:00+10:00,ER04,,,
2025-10-10 04:25:00+10:00,ER01,639.8901,47.5652,0.07433338943671734
2025-10-10 04:25:00+10:00,ER02,619.8215,46.0734,0.07433333629117415
2025-10-10 04:25:00+10:00,ER03,,,
2025-10-10 04:25:00+10:00,ER04,,,
2025-10-10 04:30:00+10:00,ER01,634.2993,47.1496,0.07433336281468385
2025-10-10 04:30:00+10:00,ER02,618.9914,46.0117,0.07433334291881923
2025-10-10 04:30:00+10:00,ER03,,,
2025-10-10 04:30:00+10:00,ER04,,,
2025-10-10 04:35:00+10:00,ER04,,,
2025-10-10 04:35:00+10:00,ER03,,,
2025-10-10 04:35:00+10:00,ER02,620.0656,46.0915,0.07433326409334755
2025-10-10 04:35:00+10:00,ER01,638.3032,47.4472,0.0743333262311704
2025-10-10 04:40:00+10:00,ER01,636.3256,47.3002,0.07433332872353399
2025-10-10 04:40:00+10:00,ER02,620.798,46.146,0.07433335803272562
2025-10-10 04:40:00+10:00,ER03,,,
2025-10-10 04:40:00+10:00,ER04,,,
2025-10-10 04:45:00+10:00,ER01,639.1089,47.5071,0.07433334131319405
2025-10-10 04:45:00+10:00,ER02,619.6262,46.0353,0.07429527673297223
2025-10-10 04:45:00+10:00,ER03,,,
2025-10-10 04:45:00+10:00,ER04,,,
2025-10-10 04:50:00+10:00,ER04,,,
2025-10-10 04:50:00+10:00,ER01,639.8901,47.5652,0.07433338943671734
2025-10-10 04:50:00+10:00,ER02,619.6506,46.0607,0.07433334204792183
2025-10-10 04:50:00+10:00,ER03,,,
2025-10-10 04:55:00+10:00,ER03,,,
2025-10-10 04:55:00+10:00,ER04,,,
2025-10-10 04:55:00+10:00,ER01,637.8637,47.4145,0.07433327841041902
2025-10-10 04:55:00+10:00,ER02,619.4553,46.0462,0.07433336997843105
2025-10-10 05:00:00+10:00,ER01,635.6909,47.253,0.0743332962608085
2025-10-10 05:00:00+10:00,ER02,619.7238,46.0662,0.07433343692787013
2025-10-10 05:00:00+10:00,ER03,,,
2025-10-10 05:00:00+10:00,ER04,,,
2025-10-10 05:05:00+10:00,ER01,638.9868,47.498,0.07433330391175529
2025-10-10 05:05:00+10:00,ER02,619.6994,46.0643,0.07433329772467104
2025-10-10 05:05:00+10:00,ER03,,,
2025-10-10 05:05:00+10:00,ER04,,,
2025-10-10 05:10:00+10:00,ER01,639.2065,47.5143,0.07433325537209023
2025-10-10 05:10:00+10:00,ER02,619.6506,46.0607,0.07433334204792183
2025-10-10 05:10:00+10:00,ER03,,,
2025-10-10 05:10:00+10:00,ER04,,,
2025-10-10 05:15:00+10:00,ER04,,,
2025-10-10 05:15:00+10:00,ER03,,,
2025-10-10 05:15:00+10:00,ER01,638.9868,47.498,0.07433330391175529
2025-10-10 05:15:00+10:00,ER02,619.8947,46.0788,0.07433326982792401
2025-10-10 05:20:00+10:00,ER01,639.4507,47.5325,0.07433333015352082
2025-10-10 05:20:00+10:00,ER02,620.09,46.0934,0.07433340321566224
2025-10-10 05:20:00+10:00,ER03,,,
2025-10-10 05:20:00+10:00,ER04,,,
2025-10-10 05:25:00+10:00,ER01,635.2026,47.2167,0.07433329145693045
2025-10-10 05:25:00+10:00,ER02,618.9914,46.0117,0.07433334291881923
2025-10-10 05:25:00+10:00,ER03,,,
2025-10-10 05:25:00+10:00,ER04,,,
2025-10-10 05:30:00+10:00,ER01,638.7671,47.4817,0.07433335248481018
2025-10-10 05:30:00+10:00,ER02,619.5773,46.0552,0.0743332591429673
2025-10-10 05:30:00+10:00,ER03,,,
2025-10-10 05:30:00+10:00,ER04,,,
2025-10-10 05:35:00+10:00,ER04,,,
2025-10-10 05:35:00+10:00,ER03,,,
2025-10-10 05:35:00+10:00,ER02,620.09,46.0934,0.07433340321566224
2025-10-10 05:35:00+10:00,ER01,639.8901,47.5652,0.07433338943671734
2025-10-10 05:40:00+10:00,ER01,638.8159,47.4854,0.07433346602675356
2025-10-10 05:40:00+10:00,ER02,620.09,46.0934,0.07433340321566224
2025-10-10 05:40:00+10:00,ER03,,,
2025-10-10 05:40:00+10:00,ER04,,,
2025-10-10 05:45:00+10:00,ER01,639.0112,47.4998,0.07433328242134096
2025-10-10 05:45:00+10:00,ER02,619.382,46.0408,0.07433344850189383
2025-10-10 05:45:00+10:00,ER03,,,
2025-10-10 05:45:00+10:00,ER04,,,
2025-10-10 05:50:00+10:00,ER04,,,
2025-10-10 05:50:00+10:00,ER01,635.8373,47.2639,0.07433332394938139
2025-10-10 05:50:00+10:00,ER02,620.0656,46.0915,0.07433326409334755
2025-10-10 05:50:00+10:00,ER03,,,
2025-10-10 05:55:00+10:00,ER04,,,
2025-10-10 05:55:00+10:00,ER03,,,
2025-10-10 05:55:00+10:00,ER02,619.6262,46.0589,0.07433336421216533
2025-10-10 05:55:00+10:00,ER01,639.4507,47.5325,0.07433333015352082
2025-10-10 06:00:00+10:00,ER01,634.9828,47.2004,0.07433335202150358
2025-10-10 06:00:00+10:00,ER02,616.7452,45.8447,0.07433329031178516
2025-10-10 06:00:00+10:00,ER03,,,
2025-10-10 06:00:00+10:00,ER04,,,
2025-10-10 06:05:00+10:00,ER04,,,
2025-10-10 06:05:00+10:00,ER01,638.7427,47.4799,0.07433337398611366
2025-10-10 06:05:00+10:00,ER02,620.0656,46.0915,0.07433326409334755
2025-10-10 06:05:00+10:00,ER03,,,
2025-10-10 06:10:00+10:00,ER03,,,
2025-10-10 06:10:00+10:00,ER04,,,
2025-10-10 06:10:00+10:00,ER01,637.1801,47.3637,0.07433330074181538
2025-10-10 06:10:00+10:00,ER02,620.9201,46.155,0.07433323546781623
2025-10-10 06:15:00+10:00,ER03,,,
2025-10-10 06:15:00+10:00,ER04,,,
2025-10-10 06:15:00+10:00,ER01,637.9125,47.4182,0.07433339211882507
2025-10-10 06:15:00+10:00,ER02,619.8947,46.0788,0.07433326982792401
2025-10-10 06:20:00+10:00,ER01,617.795,45.9227,0.07433323351597212
2025-10-10 06:20:00+10:00,ER02,605.2216,44.9881,0.07433326900427877
2025-10-10 06:20:00+10:00,ER03,,,
2025-10-10 06:20:00+10:00,ER04,,,
2025-10-10 06:25:00+10:00,ER01,601.2177,44.6905,0.07433330721966436
2025-10-10 06:25:00+10:00,ER02,596.8231,44.3639,0.07433341638418486
2025-10-10 06:25:00+10:00,ER03,,,
2025-10-10 06:25:00+10:00,ER04,,,
2025-10-10 06:30:00+10:00,ER01,592.3796,44.0336,0.07433341728850892
2025-10-10 06:30:00+10:00,ER02,595.9197,44.2967,0.07433333719291374
2025-10-10 06:30:00+10:00,ER03,,,
2025-10-10 06:30:00+10:00,ER04,,,
2025-10-10 06:35:00+10:00,ER04,,,
2025-10-10 06:35:00+10:00,ER03,,,
2025-10-10 06:35:00+10:00,ER01,623.7522,46.3656,0.07433336507670835
2025-10-10 06:35:00+10:00,ER02,601.6815,44.725,0.07433334746040887
2025-10-10 06:40:00+10:00,ER01,618.6984,45.9899,0.07433331005866509
2025-10-10 06:40:00+10:00,ER02,608.1025,45.2023,0.07433335662984449
2025-10-10 06:40:00+10:00,ER03,,,
2025-10-10 06:40:00+10:00,ER04,,,
2025-10-10 06:45:00+10:00,ER01,622.4338,46.2676,0.07433336685764816
2025-10-10 06:45:00+10:00,ER02,605.9052,45.039,0.07433341057313916
2025-10-10 06:45:00+10:00,ER03,,,
2025-10-10 06:45:00+10:00,ER04,,,
2025-10-10 06:50:00+10:00,ER04,,,
2025-10-10 06:50:00+10:00,ER01,625.1438,46.469,0.07433329739493537
2025-10-10 06:50:00+10:00,ER02,606.7598,45.1025,0.07433336882239067
2025-10-10 06:50:00+10:00,ER03,,,
2025-10-10 06:55:00+10:00,ER04,,,
2025-10-10 06:55:00+10:00,ER03,,,
2025-10-10 06:55:00+10:00,ER02,600.1679,44.6125,0.07433336571316126
2025-10-10 06:55:00+10:00,ER01,607.4922,45.1569,0.07433330008187759
2025-10-10 07:00:00+10:00,ER01,589.0593,43.7868,0.07433343298374204
2025-10-10 07:00:00+10:00,ER02,588.8151,43.7686,0.07433335184508685
2025-10-10 07:00:00+10:00,ER03,,,
2025-10-10 07:00:00+10:00,ER04,,,
2025-10-10 07:05:00+10:00,ER01,564.4739,41.9592,0.07433328626886027
2025-10-10 07:05:00+10:00,ER02,567.2816,42.168,0.0743334527331752
2025-10-10 07:05:00+10:00,ER03,,,
2025-10-10 07:05:00+10:00,ER04,,,
2025-10-10 07:10:00+10:00,ER01,581.7349,43.2423,0.0743333432462106
2025-10-10 07:10:00+10:00,ER02,579.2203,43.0554,0.0743333754013801
2025-10-10 07:10:00+10:00,ER03,,,
2025-10-10 07:10:00+10:00,ER04,,,
2025-10-10 07:15:00+10:00,ER04,,,
2025-10-10 07:15:00+10:00,ER03,,,
2025-10-10 07:15:00+10:00,ER02,601.3641,44.7014,0.07433333649281691
2025-10-10 07:15:00+10:00,ER01,601.2421,44.6923,0.07433328437912115
2025-10-10 07:20:00+10:00,ER01,609.2012,45.284,0.0743334057779269
2025-10-10 07:20:00+10:00,ER02,614.0597,45.6451,0.0743333262221898
2025-10-10 07:20:00+10:00,ER03,,,
2025-10-10 07:20:00+10:00,ER04,,,
2025-10-10 07:25:00+10:00,ER01,599.1913,44.5399,0.07433335564117838
2025-10-10 07:25:00+10:00,ER02,600.3388,44.6252,0.0743333597628539
2025-10-10 07:25:00+10:00,ER03,,,
2025-10-10 07:25:00+10:00,ER04,,,
2025-10-10 07:30:00+10:00,ER01,578.2437,42.9828,0.07433336498088955
2025-10-10 07:30:00+10:00,ER02,582.3453,43.2877,0.07433338948558528
2025-10-10 07:30:00+10:00,ER03,,,
2025-10-10 07:30:00+10:00,ER04,,,
2025-10-10 07:35:00+10:00,ER03,,,
2025-10-10 07:35:00+10:00,ER04,,,
2025-10-10 07:35:00+10:00,ER02,562.8138,41.8358,0.07433328749223989
2025-10-10 07:35:00+10:00,ER01,554.0978,41.1879,0.07433326752064347
2025-10-10 07:40:00+10:00,ER01,536.6171,39.8885,0.07433326295416229
2025-10-10 07:40:00+10:00,ER02,544.625,40.4838,0.07433334863438146
2025-10-10 07:40:00+10:00,ER03,,,
2025-10-10 07:40:00+10:00,ER04,,,
2025-10-10 07:45:00+10:00,ER01,515.108,38.2897,0.07433334368714911
2025-10-10 07:45:00+10:00,ER02,529.3171,39.3459,0.07433332495776161
2025-10-10 07:45:00+10:00,ER03,,,
2025-10-10 07:45:00+10:00,ER04,,,
2025-10-10 07:50:00+10:00,ER01,523.3601,43.2051,0.08255329361179807
2025-10-10 07:50:00+10:00,ER02,514.0093,42.1334,0.08197011221392297
2025-10-10 07:50:00+10:00,ER03,,,
2025-10-10 07:50:00+10:00,ER04,,,
2025-10-10 07:55:00+10:00,ER04,,,
2025-10-10 07:55:00+10:00,ER03,,,
2025-10-10 07:55:00+10:00,ER01,499.3851,37.1209,0.07433321498779198
2025-10-10 07:55:00+10:00,ER02,494.0383,36.7236,0.07433350815108869
2025-10-10 08:00:00+10:00,ER01,496.8215,36.9304,0.07433333702345812
2025-10-10 08:00:00+10:00,ER02,477.6562,35.5058,0.07433338036855797
2025-10-10 08:00:00+10:00,ER03,,,
2025-10-10 08:00:00+10:00,ER04,,,
2025-10-10 08:05:00+10:00,ER01,484.7364,36.0321,0.074333390271496
2025-10-10 08:05:00+10:00,ER02,462.5925,34.3861,0.07433345763279776
2025-10-10 08:05:00+10:00,ER03,,,
2025-10-10 08:05:00+10:00,ER04,,,
2025-10-10 08:10:00+10:00,ER01,475.8251,35.3697,0.07433340527853617
2025-10-10 08:10:00+10:00,ER02,451.5328,33.5639,0.07433324888025852
2025-10-10 08:10:00+10:00,ER03,,,
2025-10-10 08:10:00+10:00,ER04,,,
2025-10-10 08:15:00+10:00,ER03,,,
2025-10-10 08:15:00+10:00,ER04,,,
2025-10-10 08:15:00+10:00,ER02,456.8307,33.9577,0.07433322672928944
2025-10-10 08:15:00+10:00,ER01,450.7759,33.5077,0.07433338827563764
2025-10-10 08:20:00+10:00,ER01,428.4855,31.8507,0.07433320380736337
2025-10-10 08:20:00+10:00,ER02,440.3998,32.7364,0.0743333670905391
2025-10-10 08:20:00+10:00,ER03,,,
2025-10-10 08:20:00+10:00,ER04,,,
2025-10-10 08:25:00+10:00,ER01,407.2938,30.2756,0.07433356461600939
2025-10-10 08:25:00+10:00,ER02,456.1715,33.9088,0.07433344696018931
2025-10-10 08:25:00+10:00,ER03,,,
2025-10-10 08:25:00+10:00,ER04,,,
2025-10-10 08:30:00+10:00,ER04,,,
2025-10-10 08:30:00+10:00,ER03,,,
2025-10-10 08:30:00+10:00,ER02,478.4375,35.5639,0.07433342913128674
2025-10-10 08:30:00+10:00,ER01,385.7847,28.6766,0.07433317080744778
2025-10-10 08:35:00+10:00,ER01,360.1495,26.7712,0.07433357536245365
2025-10-10 08:35:00+10:00,ER02,498.3108,37.0411,0.07433332771435017
2025-10-10 08:35:00+10:00,ER03,,,
2025-10-10 08:35:00+10:00,ER04,,,
2025-10-10 08:40:00+10:00,ER01,344.4999,25.6078,0.07433325815188915
2025-10-10 08:40:00+10:00,ER02,513.3257,38.1572,0.07433331313822784
2025-10-10 08:40:00+10:00,ER03,,,
2025-10-10 08:40:00+10:00,ER04,,,
2025-10-10 08:45:00+10:00,ER03,,,
2025-10-10 08:45:00+10:00,ER04,,,
2025-10-10 08:45:00+10:00,ER01,352.3857,26.194,0.0743333228334748
2025-10-10 08:45:00+10:00,ER02,540.2792,40.1608,0.07433341872128338
2025-10-10 08:50:00+10:00,ER03,,,
2025-10-10 08:50:00+10:00,ER04,,,
2025-10-10 08:50:00+10:00,ER01,352.6543,26.214,0.07433341944221296
2025-10-10 08:50:00+10:00,ER02,561.2268,41.7179,0.07433340674394023
2025-10-10 08:55:00+10:00,ER04,,,
2025-10-10 08:55:00+10:00,ER03,,,
2025-10-10 08:55:00+10:00,ER02,585.9342,43.5545,0.07433343197922224
2025-10-10 08:55:00+10:00,ER01,352.4346,26.1976,0.07433322380946707
2025-10-10 09:00:00+10:00,ER01,347.2099,25.8093,0.07433342194447796
2025-10-10 09:00:00+10:00,ER02,599.2645,44.5453,0.0743332868875096
2025-10-10 09:00:00+10:00,ER03,,,
2025-10-10 09:00:00+10:00,ER04,,,
2025-10-10 09:05:00+10:00,ER01,352.2881,26.1867,0.07433319490496557
2025-10-10 09:05:00+10:00,ER02,601.9501,44.745,0.0743334040479435
2025-10-10 09:05:00+10:00,ER03,,,
2025-10-10 09:05:00+10:00,ER04,,,
2025-10-10 09:10:00+10:00,ER03,,,
2025-10-10 09:10:00+10:00,ER04,,,
2025-10-10 09:10:00+10:00,ER01,332.4147,24.7095,0.07433335529385433
2025-10-10 09:10:00+10:00,ER02,586.8132,43.6198,0.07433336537078579
2025-10-10 09:15:00+10:00,ER01,306.0471,22.7495,0.07433332973911533
2025-10-10 09:15:00+10:00,ER02,563.7171,41.9029,0.07433320720623875
2025-10-10 09:15:00+10:00,ER03,,,
2025-10-10 09:15:00+10:00,ER04,,,
2025-10-10 09:20:00+10:00,ER01,292.9366,21.775,0.07433349059147952
2025-10-10 09:20:00+10:00,ER02,549.0684,40.8141,0.07433336174509406
2025-10-10 09:20:00+10:00,ER03,,,
2025-10-10 09:20:00+10:00,ER04,,,
2025-10-10 09:25:00+10:00,ER04,,,
2025-10-10 09:25:00+10:00,ER01,265.3971,19.7278,0.07433314079166652
2025-10-10 09:25:00+10:00,ER02,528.8777,39.3132,0.07433325322659662
2025-10-10 09:25:00+10:00,ER03,,,
2025-10-10 09:30:00+10:00,ER03,,,
2025-10-10 09:30:00+10:00,ER04,,,
2025-10-10 09:30:00+10:00,ER01,249.5522,18.55,0.07433314553027383
2025-10-10 09:30:00+10:00,ER02,513.106,38.1408,0.07433317871940691
2025-10-10 09:35:00+10:00,ER01,223.5752,16.6191,0.07433337865738239
2025-10-10 09:35:00+10:00,ER02,493.5989,36.6908,0.07433322886254407
2025-10-10 09:35:00+10:00,ER03,,,
2025-10-10 09:35:00+10:00,ER04,,,
2025-10-10 09:40:00+10:00,ER01,209.2439,15.5538,0.07433334974161733
2025-10-10 09:40:00+10:00,ER02,476.582,35.426,0.07433348301026896
2025-10-10 09:40:00+10:00,ER03,,,
2025-10-10 09:40:00+10:00,ER04,,,
2025-10-10 09:45:00+10:00,ER01,186.0502,13.8297,0.07433316384502678
2025-10-10 09:45:00+10:00,ER02,457.9782,34.043,0.07433323245516926
2025-10-10 09:45:00+10:00,ER03,,,
2025-10-10 09:45:00+10:00,ER04,,,
2025-10-10 09:50:00+10:00,ER04,,,
2025-10-10 09:50:00+10:00,ER03,,,
2025-10-10 09:50:00+10:00,ER02,439.765,32.6892,0.07433333712323628
2025-10-10 09:50:00+10:00,ER01,180.5814,13.4232,0.07433323697789473
2025-10-10 09:55:00+10:00,ER01,184.2435,13.6954,0.07433315150873707
2025-10-10 09:55:00+10:00,ER02,421.8204,31.3553,0.07433329445422744
2025-10-10 09:55:00+10:00,ER03,,,
2025-10-10 09:55:00+10:00,ER04,,,
2025-10-10 10:00:00+10:00,ER01,180.0198,13.3815,0.07433348998276856
2025-10-10 10:00:00+10:00,ER02,400.0915,29.7402,0.07433349621274134
2025-10-10 10:00:00+10:00,ER03,,,
2025-10-10 10:00:00+10:00,ER04,,,
2025-10-10 10:05:00+10:00,ER04,,,
2025-10-10 10:05:00+10:00,ER01,182.1195,13.5375,0.07433306153377316
2025-10-10 10:05:00+10:00,ER02,384.7837,28.6022,0.07433319030925686
2025-10-10 10:05:00+10:00,ER03,,,
2025-10-10 10:10:00+10:00,ER03,,,
2025-10-10 10:10:00+10:00,ER04,,,
2025-10-10 10:10:00+10:00,ER01,181.3626,13.4813,0.07433340721846732
2025-10-10 10:10:00+10:00,ER02,366.1311,27.2157,0.07433321015341225
2025-10-10 10:15:00+10:00,ER01,180.1419,13.3905,0.07433306743184123
2025-10-10 10:15:00+10:00,ER02,344.8905,25.6369,0.07433344786243751
2025-10-10 10:15:00+10:00,ER03,,,
2025-10-10 10:15:00+10:00,ER04,,,
2025-10-10 10:20:00+10:00,ER01,179.6536,13.3542,0.0743330498247739
2025-10-10 10:20:00+10:00,ER02,321.1353,23.8711,0.07433346629909574
2025-10-10 10:20:00+10:00,ER03,,,
2025-10-10 10:20:00+10:00,ER04,,,
2025-10-10 10:25:00+10:00,ER01,182.7054,13.5811,0.07433332567072456
2025-10-10 10:25:00+10:00,ER02,306.0716,22.7514,0.07433358730440852
2025-10-10 10:25:00+10:00,ER03,,,
2025-10-10 10:25:00+10:00,ER04,,,
2025-10-10 10:30:00+10:00,ER04,,,
2025-10-10 10:30:00+10:00,ER03,,,
2025-10-10 10:30:00+10:00,ER01,180.9964,13.454,0.0743329701585225
2025-10-10 10:30:00+10:00,ER02,286.1494,21.2705,0.07433354744060269
2025-10-10 10:35:00+10:00,ER01,180.0198,13.3815,0.07433348998276856
2025-10-10 10:35:00+10:00,ER02,259.733,19.3068,0.07433325761455033
2025-10-10 10:35:00+10:00,ER03,,,
2025-10-10 10:35:00+10:00,ER04,,,
2025-10-10 10:40:00+10:00,ER01,190.4692,14.1582,0.07433327803130375
2025-10-10 10:40:00+10:00,ER02,232.8771,17.3105,0.07433319978649683
2025-10-10 10:40:00+10:00,ER03,,,
2025-10-10 10:40:00+10:00,ER04,,,
2025-10-10 10:45:00+10:00,ER01,209.6834,15.5865,0.07433349516461484
2025-10-10 10:45:00+10:00,ER02,248.1361,18.4448,0.07433340009776893
2025-10-10 10:45:00+10:00,ER03,,,
2025-10-10 10:45:00+10:00,ER04,,,
2025-10-10 10:50:00+10:00,ER04,,,
2025-10-10 10:50:00+10:00,ER03,,,
2025-10-10 10:50:00+10:00,ER02,234.5373,17.434,0.07433359214078103
2025-10-10 10:50:00+10:00,ER01,199.4049,14.8225,0.07433367986443663
2025-10-10 10:55:00+10:00,ER01,213.6385,27.3918,0.12821565401367263
2025-10-10 10:55:00+10:00,ER02,226.6026,27.526,0.12147256915851805
2025-10-10 10:55:00+10:00,ER03,,,
2025-10-10 10:55:00+10:00,ER04,,,
2025-10-10 11:00:00+10:00,ER01,215.4696,16.0166,0.07433345585641779
2025-10-10 11:00:00+10:00,ER02,241.9348,17.9838,0.07433325011532033
2025-10-10 11:00:00+10:00,ER03,,,
2025-10-10 11:00:00+10:00,ER04,,,
2025-10-10 11:05:00+10:00,ER04,,,
2025-10-10 11:05:00+10:00,ER01,217.5937,16.1745,0.07433349403038782
2025-10-10 11:05:00+10:00,ER02,233.9757,17.3922,0.07433336025920641
2025-10-10 11:05:00+10:00,ER03,,,
2025-10-10 11:10:00+10:00,ER04,,,
2025-10-10 11:10:00+10:00,ER03,,,
2025-10-10 11:10:00+10:00,ER02,212.491,15.7952,0.07433350118357954
2025-10-10 11:10:00+10:00,ER01,202.8229,15.0765,0.07433332232208492
2025-10-10 11:15:00+10:00,ER01,213.8582,15.8968,0.07433336668876854
2025-10-10 11:15:00+10:00,ER02,221.0849,16.4339,0.07433298248772305
2025-10-10 11:15:00+10:00,ER03,,,
2025-10-10 11:15:00+10:00,ER04,,,
2025-10-10 11:20:00+10:00,ER04,,,
2025-10-10 11:20:00+10:00,ER01,204.0436,15.1672,0.07433313272261419
2025-10-10 11:20:00+10:00,ER02,206.7292,15.3668,0.07433299214624736
2025-10-10 11:20:00+10:00,ER03,,,
2025-10-10 11:25:00+10:00,ER03,,,
2025-10-10 11:25:00+10:00,ER04,,,
2025-10-10 11:25:00+10:00,ER01,202.5055,15.0529,0.0743332897131189
2025-10-10 11:25:00+10:00,ER02,205.5818,15.2816,0.07433342834822927
2025-10-10 11:30:00+10:00,ER03,,,
2025-10-10 11:30:00+10:00,ER04,,,
2025-10-10 11:30:00+10:00,ER01,186.7338,13.8806,0.07433362358608886
2025-10-10 11:30:00+10:00,ER02,190.0542,14.1273,0.0743330060582718
2025-10-10 11:35:00+10:00,ER01,188.394,14.004,0.07433357750246823
2025-10-10 11:35:00+10:00,ER02,192.0562,14.2762,0.0743334503129813
2025-10-10 11:35:00+10:00,ER03,,,
2025-10-10 11:35:00+10:00,ER04,,,
2025-10-10 11:40:00+10:00,ER01,208.9754,15.5338,0.07433315117473156
2025-10-10 11:40:00+10:00,ER02,212.7108,15.8115,0.07433332016992085
2025-10-10 11:40:00+10:00,ER03,,,
2025-10-10 11:40:00+10:00,ER04,,,
2025-10-10 11:45:00+10:00,ER01,202.1149,15.0239,0.07433346081857399
2025-10-10 11:45:00+10:00,ER02,203.4089,15.12,0.0743330306589338
2025-10-10 11:45:00+10:00,ER03,,,
2025-10-10 11:45:00+10:00,ER04,,,
2025-10-10 11:50:00+10:00,ER04,,,
2025-10-10 11:50:00+10:00,ER03,,,
2025-10-10 11:50:00+10:00,ER01,188.3207,13.9985,0.07433330483584652
2025-10-10 11:50:00+10:00,ER02,192.9595,14.3434,0.07433373324454096
2025-10-10 11:55:00+10:00,ER01,197.2808,14.6646,0.07433364017177546
2025-10-10 11:55:00+10:00,ER02,203.1647,15.1019,0.07433328722952363
2025-10-10 11:55:00+10:00,ER03,,,
2025-10-10 11:55:00+10:00,ER04,,,
2025-10-10 12:00:00+10:00,ER01,196.9635,14.6409,0.07433306170940301
2025-10-10 12:00:00+10:00,ER02,207.1687,15.3996,0.0743336227914738
2025-10-10 12:00:00+10:00,ER03,,,
2025-10-10 12:00:00+10:00,ER04,,,
2025-10-10 12:05:00+10:00,ER04,,,
2025-10-10 12:05:00+10:00,ER01,218.912,16.2725,0.07433352214588511
2025-10-10 12:05:00+10:00,ER02,228.8487,17.0111,0.07433339145033377
2025-10-10 12:05:00+10:00,ER03,,,
2025-10-10 12:10:00+10:00,ER04,,,
2025-10-10 12:10:00+10:00,ER03,,,
2025-10-10 12:10:00+10:00,ER02,251.2856,18.6789,0.07433334819026638
2025-10-10 12:10:00+10:00,ER01,235.9045,17.5356,0.07433346968794576
2025-10-10 12:15:00+10:00,ER01,260.6119,19.3722,0.07433352045704743
2025-10-10 12:15:00+10:00,ER02,276.5301,20.5554,0.07433331850673759
2025-10-10 12:15:00+10:00,ER03,,,
2025-10-10 12:15:00+10:00,ER04,,,
2025-10-10 12:20:00+10:00,ER01,276.3348,20.5409,0.07433338110147547
2025-10-10 12:20:00+10:00,ER02,298.9669,22.2232,0.07433331248375656
2025-10-10 12:20:00+10:00,ER03,,,
2025-10-10 12:20:00+10:00,ER04,,,
2025-10-10 12:25:00+10:00,ER01,294.4259,21.8857,0.07433347405917753
2025-10-10 12:25:00+10:00,ER02,313.3715,23.294,0.07433349873871746
2025-10-10 12:25:00+10:00,ER03,,,
2025-10-10 12:25:00+10:00,ER04,,,
2025-10-10 12:30:00+10:00,ER04,,,
2025-10-10 12:30:00+10:00,ER03,,,
2025-10-10 12:30:00+10:00,ER02,337.5662,25.0924,0.07433327151829776
2025-10-10 12:30:00+10:00,ER01,314.0795,23.3466,0.07433340921645634
2025-10-10 12:35:00+10:00,ER01,334.3679,24.8547,0.07433339145294748
2025-10-10 12:35:00+10:00,ER02,358.172,26.6241,0.07433328121684553
2025-10-10 12:35:00+10:00,ER03,,,
2025-10-10 12:35:00+10:00,ER04,,,
2025-10-10 12:40:00+10:00,ER01,357.6593,26.586,0.07433331105887643
2025-10-10 12:40:00+10:00,ER02,383.9536,28.5405,0.07433320067841531
2025-10-10 12:40:00+10:00,ER03,,,
2025-10-10 12:40:00+10:00,ER04,,,
2025-10-10 12:45:00+10:00,ER01,375.8724,27.9398,0.07433320456623045
2025-10-10 12:45:00+10:00,ER02,402.533,29.9216,0.07433328447605538
2025-10-10 12:45:00+10:00,ER03,,,
2025-10-10 12:45:00+10:00,ER04,,,
2025-10-10 12:50:00+10:00,ER03,,,
2025-10-10 12:50:00+10:00,ER04,,,
2025-10-10 12:50:00+10:00,ER02,423.7736,31.5005,0.07433332326506417
2025-10-10 12:50:00+10:00,ER01,399.3835,29.6875,0.07433331622362967
2025-10-10 12:55:00+10:00,ER01,419.9161,31.2138,0.07433342041422085
2025-10-10 12:55:00+10:00,ER02,435.1019,32.3426,0.07433339178707332
2025-10-10 12:55:00+10:00,ER03,,,
2025-10-10 12:55:00+10:00,ER04,,,
2025-10-10 13:00:00+10:00,ER01,425.3117,31.6148,0.07433324782741693
2025-10-10 13:00:00+10:00,ER02,427.0695,31.7455,0.07433333450410295
2025-10-10 13:00:00+10:00,ER03,,,
2025-10-10 13:00:00+10:00,ER04,,,
2025-10-10 13:05:00+10:00,ER01,439.5697,32.6747,0.07433337648159098
2025-10-10 13:05:00+10:00,ER02,442.9389,32.9251,0.07433327711790498
2025-10-10 13:05:00+10:00,ER03,,,
2025-10-10 13:05:00+10:00,ER04,,,
2025-10-10 13:10:00+10:00,ER04,,,
2025-10-10 13:10:00+10:00,ER03,,,
2025-10-10 13:10:00+10:00,ER01,458.3444,34.0703,0.07433340518614387
2025-10-10 13:10:00+10:00,ER02,467.036,34.7164,0.07433345609332043
2025-10-10 13:15:00+10:00,ER01,441.4008,32.8108,0.07433334964503915
2025-10-10 13:15:00+10:00,ER02,452.1431,33.6093,0.07433332500263744
2025-10-10 13:15:00+10:00,ER03,,,
2025-10-10 13:15:00+10:00,ER04,,,
2025-10-10 13:20:00+10:00,ER01,447.4556,33.2609,0.07433340872256376
2025-10-10 13:20:00+10:00,ER02,458.442,34.0775,0.074333285344711
2025-10-10 13:20:00+10:00,ER03,,,
2025-10-10 13:20:00+10:00,ER04,,,
2025-10-10 13:25:00+10:00,ER01,433.0999,32.1938,0.07433342746096225
2025-10-10 13:25:00+10:00,ER02,446.186,33.1665,0.07433334976893045
2025-10-10 13:25:00+10:00,ER03,,,
2025-10-10 13:25:00+10:00,ER04,,,
2025-10-10 13:30:00+10:00,ER04,,,
2025-10-10 13:30:00+10:00,ER03,,,
2025-10-10 13:30:00+10:00,ER02,461.5183,34.3062,0.07433334712838038
2025-10-10 13:30:00+10:00,ER01,447.6265,33.2736,0.07433340072582834
2025-10-10 13:35:00+10:00,ER01,424.6525,31.5658,0.07433324895061257
2025-10-10 13:35:00+10:00,ER02,440.6683,32.7564,0.07433346124511339
2025-10-10 13:35:00+10:00,ER03,,,
2025-10-10 13:35:00+10:00,ER04,,,
2025-10-10 13:40:00+10:00,ER01,416.8887,30.9887,0.0743332692874621
2025-10-10 13:40:00+10:00,ER02,419.5987,31.1902,0.07433340475077735
2025-10-10 13:40:00+10:00,ER03,,,
2025-10-10 13:40:00+10:00,ER04,,,
2025-10-10 13:45:00+10:00,ER01,422.2599,31.388,0.0743333667250904
2025-10-10 13:45:00+10:00,ER02,424.6769,31.5676,0.07433321661715059
2025-10-10 13:45:00+10:00,ER03,,,
2025-10-10 13:45:00+10:00,ER04,,,
2025-10-10 13:50:00+10:00,ER04,,,
2025-10-10 13:50:00+10:00,ER03,,,
2025-10-10 13:50:00+10:00,ER02,427.509,31.7781,0.07433317193322245
2025-10-10 13:50:00+10:00,ER01,427.1184,31.7491,0.07433325279360477
2025-10-10 13:55:00+10:00,ER01,418.8662,31.1357,0.07433328351631141
2025-10-10 13:55:00+10:00,ER02,423.7736,31.5005,0.07433332326506417
2025-10-10 13:55:00+10:00,ER03,,,
2025-10-10 13:55:00+10:00,ER04,,,
2025-10-10 14:00:00+10:00,ER01,423.3829,23.676,0.05592101145322591
2025-10-10 14:00:00+10:00,ER02,427.0695,24.2948,0.05688722795704212
2025-10-10 14:00:00+10:00,ER03,,,
2025-10-10 14:00:00+10:00,ER04,,,
2025-10-10 14:05:00+10:00,ER01,418.5977,31.1157,0.07433318434382225
2025-10-10 14:05:00+10:00,ER02,420.4288,31.2518,0.07433315700541922
2025-10-10 14:05:00+10:00,ER03,,,
2025-10-10 14:05:00+10:00,ER04,,,
2025-10-10 14:10:00+10:00,ER04,,,
2025-10-10 14:10:00+10:00,ER03,,,
2025-10-10 14:10:00+10:00,ER02,424.4572,31.5513,0.07433328966972406
2025-10-10 14:10:00+10:00,ER01,420.0381,31.2229,0.07433349498533585
2025-10-10 14:15:00+10:00,ER01,427.1184,31.7491,0.07433325279360477
2025-10-10 14:15:00+10:00,ER02,430.4143,31.9942,0.07433349681922742
2025-10-10 14:15:00+10:00,ER03,,,
2025-10-10 14:15:00+10:00,ER04,,,
2025-10-10 14:20:00+10:00,ER01,420.1358,31.2301,0.0743333465036781
2025-10-10 14:20:00+10:00,ER02,423.7491,31.4987,0.07433337321542394
2025-10-10 14:20:00+10:00,ER03,,,
2025-10-10 14:20:00+10:00,ER04,,,
2025-10-10 14:25:00+10:00,ER01,421.1124,31.3027,0.07433336087942317
2025-10-10 14:25:00+10:00,ER02,422.6505,31.417,0.07433328482990083
2025-10-10 14:25:00+10:00,ER03,,,
2025-10-10 14:25:00+10:00,ER04,,,
2025-10-10 14:30:00+10:00,ER04,,,
2025-10-10 14:30:00+10:00,ER03,,,
2025-10-10 14:30:00+10:00,ER01,428.5588,31.8562,0.0743333236886047
2025-10-10 14:30:00+10:00,ER02,433.0999,32.1938,0.07433342746096225
2025-10-10 14:35:00+10:00,ER01,431.9036,32.1049,0.07433348552778908
2025-10-10 14:35:00+10:00,ER02,439.7894,32.691,0.0743333058959584
2025-10-10 14:35:00+10:00,ER03,,,
2025-10-10 14:35:00+10:00,ER04,,,
2025-10-10 14:40:00+10:00,ER01,431.1467,32.0486,0.07433339974537669
2025-10-10 14:40:00+10:00,ER02,443.1342,32.9397,0.07433346376786085
2025-10-10 14:40:00+10:00,ER03,,,
2025-10-10 14:40:00+10:00,ER04,,,
2025-10-10 14:45:00+10:00,ER01,427.1428,31.7509,0.07433322064658471
2025-10-10 14:45:00+10:00,ER02,440.2533,32.7255,0.07433334400900571
2025-10-10 14:45:00+10:00,ER03,,,
2025-10-10 14:45:00+10:00,ER04,,,
2025-10-10 14:50:00+10:00,ER04,,,
2025-10-10 14:50:00+10:00,ER03,,,
2025-10-10 14:50:00+10:00,ER02,446.186,33.1665,0.07433334976893045
2025-10-10 14:50:00+10:00,ER01,434.7356,32.3154,0.07433345693336363
2025-10-10 14:55:00+10:00,ER01,442.7192,32.9088,0.07433334718711093
2025-10-10 14:55:00+10:00,ER02,454.9996,33.8216,0.0743332521611008
2025-10-10 14:55:00+10:00,ER03,,,
2025-10-10 14:55:00+10:00,ER04,,,
2025-10-10 15:00:00+10:00,ER01,463.4226,34.4478,0.07433344856293155
2025-10-10 15:00:00+10:00,ER02,475.2148,35.3243,0.07433333305275845
2025-10-10 15:00:00+10:00,ER03,,,
2025-10-10 15:00:00+10:00,ER04,,,
2025-10-10 15:05:00+10:00,ER01,463.8621,34.4804,0.07433329862474214
2025-10-10 15:05:00+10:00,ER02,478.3886,35.5602,0.07433329305924097
2025-10-10 15:05:00+10:00,ER03,,,
2025-10-10 15:05:00+10:00,ER04,,,
2025-10-10 15:10:00+10:00,ER04,,,
2025-10-10 15:10:00+10:00,ER03,,,
2025-10-10 15:10:00+10:00,ER02,459.9802,34.1919,0.07433341696012132
2025-10-10 15:10:00+10:00,ER01,440.9125,32.7745,0.0743333427834321
2025-10-10 15:15:00+10:00,ER01,422.5284,31.4079,0.07433322825163942
2025-10-10 15:15:00+10:00,ER02,440.8881,32.7727,0.07433337393320437
2025-10-10 15:15:00+10:00,ER03,,,
2025-10-10 15:15:00+10:00,ER04,,,
2025-10-10 15:20:00+10:00,ER01,437.5921,32.5277,0.07433338033296305
2025-10-10 15:20:00+10:00,ER02,441.9623,32.8525,0.07433326326702526
2025-10-10 15:20:00+10:00,ER03,,,
2025-10-10 15:20:00+10:00,ER04,,,
2025-10-10 15:25:00+10:00,ER01,416.791,30.9815,0.07433341890779792
2025-10-10 15:25:00+10:00,ER02,420.4044,31.2501,0.07433342752835127
2025-10-10 15:25:00+10:00,ER03,,,
2025-10-10 15:25:00+10:00,ER04,,,
2025-10-10 15:30:00+10:00,ER04,,,
2025-10-10 15:30:00+10:00,ER03,,,
2025-10-10 15:30:00+10:00,ER02,424.8966,31.584,0.07433337899150053
2025-10-10 15:30:00+10:00,ER01,420.7462,31.2755,0.07433341049782506
2025-10-10 15:35:00+10:00,ER01,426.508,31.7037,0.07433318952985642
2025-10-10 15:35:00+10:00,ER02,428.4123,31.8453,0.07433329995427303
2025-10-10 15:35:00+10:00,ER03,,,
2025-10-10 15:35:00+10:00,ER04,,,
2025-10-10 15:40:00+10:00,ER01,426.7033,31.7183,0.07433338340715902
2025-10-10 15:40:00+10:00,ER02,426.2394,31.6838,0.07433334412539057
2025-10-10 15:40:00+10:00,ER03,,,
2025-10-10 15:40:00+10:00,ER04,,,
2025-10-10 15:45:00+10:00,ER01,432.4895,32.1484,0.0743333653186956
2025-10-10 15:45:00+10:00,ER02,434.4427,32.2936,0.07433339310339429
2025-10-10 15:45:00+10:00,ER03,,,
2025-10-10 15:45:00+10:00,ER04,,,
2025-10-10 15:50:00+10:00,ER04,,,
2025-10-10 15:50:00+10:00,ER03,,,
2025-10-10 15:50:00+10:00,ER02,433.0999,32.1938,0.07433342746096225
2025-10-10 15:50:00+10:00,ER01,431.5618,32.0794,0.0743332704609166
2025-10-10 15:55:00+10:00,ER01,434.6624,32.3099,0.0743333216767772
2025-10-10 15:55:00+10:00,ER02,438.2269,32.5749,0.07433341038626337
2025-10-10 15:55:00+10:00,ER03,,,
2025-10-10 15:55:00+10:00,ER04,,,
2025-10-10 16:00:00+10:00,ER01,419.6719,31.1956,0.0743333065663915
2025-10-10 16:00:00+10:00,ER02,422.0157,31.3699,0.07433349043649325
2025-10-10 16:00:00+10:00,ER03,,,
2025-10-10 16:00:00+10:00,ER04,,,
2025-10-10 16:05:00+10:00,ER01,417.6944,31.0486,0.07433329247411505
2025-10-10 16:05:00+10:00,ER02,421.3321,31.319,0.0743332872097806
2025-10-10 16:05:00+10:00,ER03,,,
2025-10-10 16:05:00+10:00,ER04,,,
2025-10-10 16:10:00+10:00,ER04,,,
2025-10-10 16:10:00+10:00,ER02,434.8577,32.3244,0.07433328189888323
2025-10-10 16:10:00+10:00,ER01,433.6126,32.2319,0.07433340267326181
2025-10-10 16:10:00+10:00,ER03,,,
2025-10-10 16:15:00+10:00,ER01,449.7505,33.4314,0.07433321363733891
2025-10-10 16:15:00+10:00,ER02,455.4635,33.8561,0.0743332890560934
2025-10-10 16:15:00+10:00,ER03,,,
2025-10-10 16:15:00+10:00,ER04,,,
2025-10-10 16:20:00+10:00,ER01,471.8456,35.0739,0.07433342601901978
2025-10-10 16:20:00+10:00,ER02,476.5576,35.4241,0.07433330199749202
2025-10-10 16:20:00+10:00,ER03,,,
2025-10-10 16:20:00+10:00,ER04,,,
2025-10-10 16:25:00+10:00,ER04,,,
2025-10-10 16:25:00+10:00,ER01,489.9123,36.4168,0.07433330414443565
2025-10-10 16:25:00+10:00,ER02,494.7219,36.7743,0.07433327693801305
2025-10-10 16:25:00+10:00,ER03,,,
2025-10-10 16:30:00+10:00,ER04,,,
2025-10-10 16:30:00+10:00,ER03,,,
2025-10-10 16:30:00+10:00,ER02,521.944,38.7978,0.07433326180586423
2025-10-10 16:30:00+10:00,ER01,510.7378,37.9649,0.07433344467552627
2025-10-10 16:35:00+10:00,ER01,535.9579,39.8396,0.07433345044452185
2025-10-10 16:35:00+10:00,ER02,545.4551,40.5455,0.07433334109443655
2025-10-10 16:35:00+10:00,ER03,,,
2025-10-10 16:35:00+10:00,ER04,,,
2025-10-10 16:40:00+10:00,ER04,,,
2025-10-10 16:40:00+10:00,ER01,550.1183,40.8921,0.07433328431357401
2025-10-10 16:40:00+10:00,ER02,554.0002,41.1807,0.07433336666665465
2025-10-10 16:40:00+10:00,ER03,,,
2025-10-10 16:45:00+10:00,ER02,563.0579,41.854,0.07433338560741266
2025-10-10 16:45:00+10:00,ER03,,,
2025-10-10 16:45:00+10:00,ER01,560.2502,41.6453,0.0743333960434106
2025-10-10 16:45:00+10:00,ER04,,,
2025-10-10 16:50:00+10:00,ER04,,,
2025-10-10 16:50:00+10:00,ER03,,,
2025-10-10 16:50:00+10:00,ER01,565.3528,42.0245,0.07433323050668539
2025-10-10 16:50:00+10:00,ER02,568.1361,42.2315,0.07433342116440056
2025-10-10 16:55:00+10:00,ER01,575.1187,42.7505,0.0743333506630892
2025-10-10 16:55:00+10:00,ER02,576.9741,42.8884,0.07433331929457491
2025-10-10 16:55:00+10:00,ER03,,,
2025-10-10 16:55:00+10:00,ER04,,,
2025-10-10 17:00:00+10:00,ER01,597.4334,44.4092,0.07433330644051706
2025-10-10 17:00:00+10:00,ER02,603.122,44.8321,0.0743333852852325
2025-10-10 17:00:00+10:00,ER03,,,
2025-10-10 17:00:00+10:00,ER04,,,
2025-10-10 17:05:00+10:00,ER01,618.4787,38.7225,0.06260927013331259
2025-10-10 17:05:00+10:00,ER02,623.8498,39.0592,0.06260994232906703
2025-10-10 17:05:00+10:00,ER03,,,
2025-10-10 17:05:00+10:00,ER04,,,
2025-10-10 17:10:00+10:00,ER04,,,
2025-10-10 17:10:00+10:00,ER03,,,
2025-10-10 17:10:00+10:00,ER02,638.4985,47.4617,0.07433329913852577
2025-10-10 17:10:00+10:00,ER01,637.4487,47.3837,0.0743333541977574
2025-10-10 17:15:00+10:00,ER01,639.0112,47.4998,0.07433328242134096
2025-10-10 17:15:00+10:00,ER02,639.8657,47.5633,0.07433325461889893
2025-10-10 17:15:00+10:00,ER03,,,
2025-10-10 17:15:00+10:00,ER04,,,
2025-10-10 17:20:00+10:00,ER01,639.9145,47.567,0.0743333679733777
2025-10-10 17:20:00+10:00,ER02,639.3042,47.5217,0.0743334706701442
2025-10-10 17:20:00+10:00,ER03,,,
2025-10-10 17:20:00+10:00,ER04,,,
2025-10-10 17:25:00+10:00,ER01,639.8901,47.5652,0.07433338943671734
2025-10-10 17:25:00+10:00,ER02,639.353,47.5252,0.07433327129144619
2025-10-10 17:25:00+10:00,ER03,,,
2025-10-10 17:25:00+10:00,ER04,,,
2025-10-10 17:30:00+10:00,ER04,,,
2025-10-10 17:30:00+10:00,ER03,,,
2025-10-10 17:30:00+10:00,ER01,640.1099,47.5815,0.0743333293236052
2025-10-10 17:30:00+10:00,ER02,640.647,47.6214,0.07433329118843919
2025-10-10 17:35:00+10:00,ER01,639.8413,47.5615,0.07433327607955285
2025-10-10 17:35:00+10:00,ER02,639.9878,47.5724,0.07433329197837835
2025-10-10 17:35:00+10:00,ER03,,,
2025-10-10 17:35:00+10:00,ER04,,,
2025-10-10 17:40:00+10:00,ER01,637.2045,46.6695,0.07324100818497044
2025-10-10 17:40:00+10:00,ER02,638.9136,46.9327,0.07345703707042704
2025-10-10 17:40:00+10:00,ER03,,,
2025-10-10 17:40:00+10:00,ER04,,,
2025-10-10 17:45:00+10:00,ER03,,,
2025-10-10 17:45:00+10:00,ER04,,,
2025-10-10 17:45:00+10:00,ER01,639.4507,46.753,0.07311431514579624
2025-10-10 17:45:00+10:00,ER02,638.9136,46.9327,0.07345703707042704
2025-10-10 17:50:00+10:00,ER01,637.0092,46.6623,0.07325216025137471
2025-10-10 17:50:00+10:00,ER02,639.7437,46.9635,0.0734098671077183
2025-10-10 17:50:00+10:00,ER03,,,
2025-10-10 17:50:00+10:00,ER04,,,
2025-10-10 17:55:00+10:00,ER01,639.1821,46.743,0.07312939458098092
2025-10-10 17:55:00+10:00,ER02,639.353,46.9491,0.07343220411885142
2025-10-10 17:55:00+10:00,ER03,,,
2025-10-10 17:55:00+10:00,ER04,,,
2025-10-10 18:00:00+10:00,ER04,,,
2025-10-10 18:00:00+10:00,ER01,637.2289,46.6705,0.07323977302347712
2025-10-10 18:00:00+10:00,ER02,638.7427,46.9263,0.07346667132164485
2025-10-10 18:00:00+10:00,ER03,,,
2025-10-10 18:05:00+10:00,ER03,,,
2025-10-10 18:05:00+10:00,ER04,,,
2025-10-10 18:05:00+10:00,ER01,639.8413,46.7676,0.07309249965577401
2025-10-10 18:05:00+10:00,ER02,639.3042,46.9472,0.07343483743732639
2025-10-10 18:10:00+10:00,ER04,,,
2025-10-10 18:10:00+10:00,ER03,,,
2025-10-10 18:10:00+10:00,ER01,640.3784,46.7875,0.07306227068245899
2025-10-10 18:10:00+10:00,ER02,639.0845,46.9391,0.07344740797187227
2025-10-10 18:15:00+10:00,ER01,636.1547,46.6305,0.07330056667033977
2025-10-10 18:15:00+10:00,ER02,639.2798,46.9463,0.07343623246034052
2025-10-10 18:15:00+10:00,ER03,,,
2025-10-10 18:15:00+10:00,ER04,,,
2025-10-10 18:20:00+10:00,ER01,640.9888,46.8102,0.07302810907148456
2025-10-10 18:20:00+10:00,ER02,639.0845,46.9391,0.07344740797187227
2025-10-10 18:20:00+10:00,ER03,,,
2025-10-10 18:20:00+10:00,ER04,,,
2025-10-10 18:25:00+10:00,ER04,,,
2025-10-10 18:25:00+10:00,ER01,636.3745,46.6387,0.07328813458113108
2025-10-10 18:25:00+10:00,ER02,637.1313,46.8665,0.07355862127633661
2025-10-10 18:25:00+10:00,ER03,,,
2025-10-10 18:30:00+10:00,ER04,,,
2025-10-10 18:30:00+10:00,ER03,,,
2025-10-10 18:30:00+10:00,ER01,614.9142,45.8411,0.07454877444690657
2025-10-10 18:30:00+10:00,ER02,619.5529,46.2131,0.07459104783465624
2025-10-10 18:35:00+10:00,ER01,631.8334,46.4699,0.07354771051989338
2025-10-10 18:35:00+10:00,ER02,633.0541,46.7149,0.07379290332374437
2025-10-10 18:35:00+10:00,ER03,,,
2025-10-10 18:35:00+10:00,ER04,,,
2025-10-10 18:40:00+10:00,ER03,,,
2025-10-10 18:40:00+10:00,ER01,633.4203,47.0842,0.07433326655302964
2025-10-10 18:40:00+10:00,ER02,637.766,47.4073,0.07433337619126765
2025-10-10 18:40:00+10:00,ER04,,,
2025-10-10 18:45:00+10:00,ER04,,,
2025-10-10 18:45:00+10:00,ER03,,,
2025-10-10 18:45:00+10:00,ER02,639.353,47.4663,0.07424114690945377
2025-10-10 18:45:00+10:00,ER01,638.9868,47.2912,0.07400966655336229
2025-10-10 18:50:00+10:00,ER01,634.9828,47.1423,0.07424185348012576
2025-10-10 18:50:00+10:00,ER02,639.7681,47.4817,0.07421704833360712
2025-10-10 18:50:00+10:00,ER03,,,
2025-10-10 18:50:00+10:00,ER04,,,
2025-10-10 18:55:00+10:00,ER01,633.0053,47.0688,0.07435767125488522
2025-10-10 18:55:00+10:00,ER02,639.7192,47.4799,0.07421990773451852
2025-10-10 18:55:00+10:00,ER03,,,
2025-10-10 18:55:00+10:00,ER04,,,
2025-10-10 19:00:00+10:00,ER03,,,
2025-10-10 19:00:00+10:00,ER04,,,
2025-10-10 19:00:00+10:00,ER01,617.795,46.5035,0.0752733511925477
2025-10-10 19:00:00+10:00,ER02,623.8987,46.8919,0.07515947701125199
2025-10-10 19:05:00+10:00,ER01,620.6516,46.6097,0.07509800989798462
2025-10-10 19:05:00+10:00,ER02,625.51,46.9518,0.07506162971015651
2025-10-10 19:05:00+10:00,ER03,,,
2025-10-10 19:05:00+10:00,ER04,,,
2025-10-10 19:10:00+10:00,ER01,624.8752,46.7667,0.07484166438354412
2025-10-10 19:10:00+10:00,ER02,625.6077,46.9554,0.07505566187884195
2025-10-10 19:10:00+10:00,ER03,,,
2025-10-10 19:10:00+10:00,ER04,,,
2025-10-10 19:15:00+10:00,ER04,,,
2025-10-10 19:15:00+10:00,ER01,632.3705,47.0452,0.07439499470642606
2025-10-10 19:15:00+10:00,ER02,636.5209,47.361,0.07440604071288154
2025-10-10 19:15:00+10:00,ER03,,,
2025-10-10 19:20:00+10:00,ER02,638.4741,47.4336,0.07429212868619102
2025-10-10 19:20:00+10:00,ER03,,,
2025-10-10 19:20:00+10:00,ER01,633.933,47.1033,0.07430327810667689
2025-10-10 19:20:00+10:00,ER04,,,
2025-10-10 19:25:00+10:00,ER04,,,
2025-10-10 19:25:00+10:00,ER02,638.4741,47.4336,0.07429212868619102
2025-10-10 19:25:00+10:00,ER01,637.0336,47.2186,0.07412262084762876
2025-10-10 19:25:00+10:00,ER03,,,
2025-10-10 19:30:00+10:00,ER01,635.6664,47.1677,0.0742019713484935
2025-10-10 19:30:00+10:00,ER02,639.4995,47.4717,0.07423258345002615
2025-10-10 19:30:00+10:00,ER03,,,
2025-10-10 19:30:00+10:00,ER04,,,
2025-10-10 19:35:00+10:00,ER01,637.3998,47.2321,0.0741012155949845
2025-10-10 19:35:00+10:00,ER02,640.6226,47.5135,0.07416769249164797
2025-10-10 19:35:00+10:00,ER03,,,
2025-10-10 19:35:00+10:00,ER04,,,
2025-10-10 19:40:00+10:00,ER01,636.9604,47.2158,0.0741267432009902
2025-10-10 19:40:00+10:00,ER02,640.4517,47.5071,0.07417749066791454
2025-10-10 19:40:00+10:00,ER03,,,
2025-10-10 19:40:00+10:00,ER04,,,
2025-10-10 19:45:00+10:00,ER04,,,
2025-10-10 19:45:00+10:00,ER03,,,
2025-10-10 19:45:00+10:00,ER01,648.7282,47.6532,0.07345634119188899
2025-10-10 19:45:00+10:00,ER02,649.2897,47.8356,0.07367373916450545
2025-10-10 19:50:00+10:00,ER01,644.3336,47.4898,0.07370374600983093
2025-10-10 19:50:00+10:00,ER02,649.5094,47.8438,0.07366144354492792
2025-10-10 19:50:00+10:00,ER03,,,
2025-10-10 19:50:00+10:00,ER04,,,
2025-10-10 19:55:00+10:00,ER01,645.3101,47.5261,0.07364846761270279
2025-10-10 19:55:00+10:00,ER02,650.2175,47.8701,0.0736216727479651
2025-10-10 19:55:00+10:00,ER03,,,
2025-10-10 19:55:00+10:00,ER04,,,
2025-10-10 20:00:00+10:00,ER01,644.3091,47.4889,0.07370515176644254
2025-10-10 20:00:00+10:00,ER02,648.2155,47.7957,0.07373427509832763
2025-10-10 20:00:00+10:00,ER03,,,
2025-10-10 20:00:00+10:00,ER04,,,
2025-10-10 20:05:00+10:00,ER04,,,
2025-10-10 20:05:00+10:00,ER03,,,
2025-10-10 20:05:00+10:00,ER02,650.0222,47.8628,0.07363256208787947
2025-10-10 20:05:00+10:00,ER01,650.2907,47.7113,0.07336918704204136
2025-10-10 20:10:00+10:00,ER01,639.9145,47.3256,0.07395613007675245
2025-10-10 20:10:00+10:00,ER02,644.8707,47.6713,0.0739238113935088
2025-10-10 20:10:00+10:00,ER03,,,
2025-10-10 20:10:00+10:00,ER04,,,
2025-10-10 20:15:00+10:00,ER01,647.2389,47.5978,0.07353977024557702
2025-10-10 20:15:00+10:00,ER02,650.1442,47.8673,0.07362566642907835
2025-10-10 20:15:00+10:00,ER03,,,
2025-10-10 20:15:00+10:00,ER04,,,
2025-10-10 20:20:00+10:00,ER01,650.0954,47.704,0.07337999930471743
2025-10-10 20:20:00+10:00,ER02,651.0964,47.9027,0.07357236194210258
2025-10-10 20:20:00+10:00,ER03,,,
2025-10-10 20:20:00+10:00,ER04,,,
2025-10-10 20:25:00+10:00,ER04,,,
2025-10-10 20:25:00+10:00,ER03,,,
2025-10-10 20:25:00+10:00,ER02,648.1422,47.7929,0.07373829384971385
2025-10-10 20:25:00+10:00,ER01,651.3893,47.7521,0.07330808166483545
2025-10-10 20:30:00+10:00,ER01,646.7018,47.5779,0.07357007511035224
2025-10-10 20:30:00+10:00,ER02,649.6803,47.8501,0.07365176379828663
2025-10-10 20:30:00+10:00,ER03,,,
2025-10-10 20:30:00+10:00,ER04,,,
2025-10-10 20:35:00+10:00,ER01,648.9967,47.6631,0.073441205479165
2025-10-10 20:35:00+10:00,ER02,649.5094,47.8438,0.07366144354492792
2025-10-10 20:35:00+10:00,ER03,,,
2025-10-10 20:35:00+10:00,ER04,,,
2025-10-10 20:40:00+10:00,ER01,650.0954,47.704,0.07337999930471743
2025-10-10 20:40:00+10:00,ER02,650.5593,47.8827,0.0736023603075077
2025-10-10 20:40:00+10:00,ER03,,,
2025-10-10 20:40:00+10:00,ER04,,,
2025-10-10 20:45:00+10:00,ER04,,,
2025-10-10 20:45:00+10:00,ER03,,,
2025-10-10 20:45:00+10:00,ER02,650.0222,47.8628,0.07363256208787947
2025-10-10 20:45:00+10:00,ER01,644.0894,47.4808,0.07371771682626667
2025-10-10 20:50:00+10:00,ER01,645.2125,47.5225,0.07365402871147103
2025-10-10 20:50:00+10:00,ER02,649.7535,47.8528,0.07364762175194131
2025-10-10 20:50:00+10:00,ER03,,,
2025-10-10 20:50:00+10:00,ER04,,,
2025-10-10 20:55:00+10:00,ER01,647.0436,47.5906,0.07355083954157031
2025-10-10 20:55:00+10:00,ER02,648.7526,47.8156,0.07370390500169094
2025-10-10 20:55:00+10:00,ER03,,,
2025-10-10 20:55:00+10:00,ER04,,,
2025-10-10 21:00:00+10:00,ER01,648.1178,47.6305,0.07349049817795468
2025-10-10 21:00:00+10:00,ER02,649.5094,47.8438,0.07366144354492792
2025-10-10 21:00:00+10:00,ER03,,,
2025-10-10 21:00:00+10:00,ER04,,,
2025-10-10 21:05:00+10:00,ER04,,,
2025-10-10 21:05:00+10:00,ER03,,,
2025-10-10 21:05:00+10:00,ER02,646.7994,47.7431,0.07381438510920078
2025-10-10 21:05:00+10:00,ER01,644.3091,47.4889,0.07370515176644254
2025-10-10 21:10:00+10:00,ER01,648.9967,47.6631,0.073441205479165
2025-10-10 21:10:00+10:00,ER02,649.9244,47.8592,0.07363810313938052
2025-10-10 21:10:00+10:00,ER03,,,
2025-10-10 21:10:00+10:00,ER04,,,
2025-10-10 21:15:00+10:00,ER01,648.7526,47.6541,0.07345496572961711
2025-10-10 21:15:00+10:00,ER02,648.9235,47.822,0.07369435688490246
2025-10-10 21:15:00+10:00,ER03,,,
2025-10-10 21:15:00+10:00,ER04,,,
2025-10-10 21:20:00+10:00,ER01,644.0894,47.4808,0.07371771682626667
2025-10-10 21:20:00+10:00,ER02,648.8746,47.8201,0.07369698243697627
2025-10-10 21:20:00+10:00,ER03,,,
2025-10-10 21:20:00+10:00,ER04,,,
2025-10-10 21:25:00+10:00,ER04,,,
2025-10-10 21:25:00+10:00,ER02,650.0954,47.8655,0.07362842438202145
2025-10-10 21:25:00+10:00,ER01,648.5084,47.645,0.07346859346771761
2025-10-10 21:25:00+10:00,ER03,,,
2025-10-10 21:30:00+10:00,ER01,645.2125,47.5225,0.07365402871147103
2025-10-10 21:30:00+10:00,ER02,649.5826,47.8464,0.07365714537304417
2025-10-10 21:30:00+10:00,ER03,,,
2025-10-10 21:30:00+10:00,ER04,,,
2025-10-10 21:35:00+10:00,ER01,647.9469,47.6241,0.07350000439850858
2025-10-10 21:35:00+10:00,ER02,650.2663,47.8719,0.07361891581956499
2025-10-10 21:35:00+10:00,ER03,,,
2025-10-10 21:35:00+10:00,ER04,,,
2025-10-10 21:40:00+10:00,ER04,,,
2025-10-10 21:40:00+10:00,ER01,647.6539,47.6133,0.07351658038344246
2025-10-10 21:40:00+10:00,ER02,650.4616,47.8792,0.07360803466338367
2025-10-10 21:40:00+10:00,ER03,,,
2025-10-10 21:45:00+10:00,ER04,,,
2025-10-10 21:45:00+10:00,ER03,,,
2025-10-10 21:45:00+10:00,ER02,650.193,48.3311,0.07433346713975697
2025-10-10 21:45:00+10:00,ER01,649.9,48.3092,0.07433328204339129
2025-10-10 21:50:00+10:00,ER01,648.0934,48.2421,0.07443695615477645
2025-10-10 21:50:00+10:00,ER02,650.4616,48.341,0.07431799202289574
2025-10-10 21:50:00+10:00,ER03,,,
2025-10-10 21:50:00+10:00,ER04,,,
2025-10-10 21:55:00+10:00,ER04,,,
2025-10-10 21:55:00+10:00,ER01,646.0426,48.1659,0.07455530022323606
2025-10-10 21:55:00+10:00,ER02,651.5358,48.3809,0.07425670239455759
2025-10-10 21:55:00+10:00,ER03,,,
2025-10-10 22:00:00+10:00,ER02,650.193,48.3311,0.07433346713975697
2025-10-10 22:00:00+10:00,ER03,,,
2025-10-10 22:00:00+10:00,ER01,649.5826,48.2974,0.074351437369166
2025-10-10 22:00:00+10:00,ER04,,,
2025-10-10 22:05:00+10:00,ER04,,,
2025-10-10 22:05:00+10:00,ER03,,,
2025-10-10 22:05:00+10:00,ER01,643.6255,48.076,0.07469561103467778
2025-10-10 22:05:00+10:00,ER02,649.7535,48.3146,0.07435835282149307
2025-10-10 22:10:00+10:00,ER01,649.8512,48.3074,0.07433609417048088
2025-10-10 22:10:00+10:00,ER02,649.3141,48.2983,0.07438356875355086
2025-10-10 22:10:00+10:00,ER03,,,
2025-10-10 22:10:00+10:00,ER04,,,
2025-10-10 22:15:00+10:00,ER01,649.4117,48.2911,0.07436130269904284
2025-10-10 22:15:00+10:00,ER02,648.4596,48.2666,0.07443270174425669
2025-10-10 22:15:00+10:00,ER03,,,
2025-10-10 22:15:00+10:00,ER04,,,
2025-10-10 22:20:00+10:00,ER01,644.6998,48.116,0.07463318586418051
2025-10-10 22:20:00+10:00,ER02,649.3141,48.2983,0.07438356875355086
2025-10-10 22:20:00+10:00,ER03,,,
2025-10-10 22:20:00+10:00,ER04,,,
2025-10-10 22:25:00+10:00,ER04,,,
2025-10-10 22:25:00+10:00,ER03,,,
2025-10-10 22:25:00+10:00,ER01,644.065,48.0924,0.0746701031728164
2025-10-10 22:25:00+10:00,ER02,647.7516,48.2403,0.07447345556537413
2025-10-10 22:30:00+10:00,ER01,648.9479,48.2739,0.07438794393201673
2025-10-10 22:30:00+10:00,ER02,650.6325,48.3474,0.074308307685214
2025-10-10 22:30:00+10:00,ER03,,,
2025-10-10 22:30:00+10:00,ER04,,,
2025-10-10 22:35:00+10:00,ER01,648.5084,48.2576,0.0744132227123041
2025-10-10 22:35:00+10:00,ER02,650.3884,48.3383,0.0743222050085764
2025-10-10 22:35:00+10:00,ER03,,,
2025-10-10 22:35:00+10:00,ER04,,,
2025-10-10 22:40:00+10:00,ER01,648.6793,48.2639,0.07440332996597857
2025-10-10 22:40:00+10:00,ER02,649.2897,48.2974,0.07438497792279779
2025-10-10 22:40:00+10:00,ER03,,,
2025-10-10 22:40:00+10:00,ER04,,,
2025-10-10 22:45:00+10:00,ER04,,,
2025-10-10 22:45:00+10:00,ER03,,,
2025-10-10 22:45:00+10:00,ER01,648.9479,48.2739,0.07438794393201673
2025-10-10 22:45:00+10:00,ER02,649.2897,48.2974,0.07438497792279779
2025-10-10 22:50:00+10:00,ER01,646.067,48.1668,0.07455387753901685
2025-10-10 22:50:00+10:00,ER02,649.3629,48.3002,0.07438090472985137
2025-10-10 22:50:00+10:00,ER03,,,
2025-10-10 22:50:00+10:00,ER04,,,
2025-10-10 22:55:00+10:00,ER01,647.6783,48.2267,0.0744608859058579
2025-10-10 22:55:00+10:00,ER02,650.193,48.3311,0.07433346713975697
2025-10-10 22:55:00+10:00,ER03,,,
2025-10-10 22:55:00+10:00,ER04,,,
2025-10-10 23:00:00+10:00,ER04,,,
2025-10-10 23:00:00+10:00,ER01,643.8209,48.0833,0.07468427943237009
2025-10-10 23:00:00+10:00,ER02,649.0944,48.2902,0.07439626655229194
2025-10-10 23:00:00+10:00,ER03,,,
2025-10-10 23:05:00+10:00,ER04,,,
2025-10-10 23:05:00+10:00,ER03,,,
2025-10-10 23:05:00+10:00,ER01,646.5065,48.1831,0.07452840768035589
2025-10-10 23:05:00+10:00,ER02,649.2408,48.2956,0.07438780803670995
2025-10-10 23:10:00+10:00,ER01,647.8492,48.233,0.07445096791043347
2025-10-10 23:10:00+10:00,ER02,649.0455,48.2883,0.07439894429589297
2025-10-10 23:10:00+10:00,ER03,,,
2025-10-10 23:10:00+10:00,ER04,,,
2025-10-10 23:15:00+10:00,ER03,,,
2025-10-10 23:15:00+10:00,ER01,648.5084,48.2576,0.0744132227123041
2025-10-10 23:15:00+10:00,ER02,649.2408,48.2956,0.07438780803670995
2025-10-10 23:15:00+10:00,ER04,,,
2025-10-10 23:20:00+10:00,ER04,,,
2025-10-10 23:20:00+10:00,ER03,,,
2025-10-10 23:20:00+10:00,ER02,649.1188,48.2911,0.07439485653473601
2025-10-10 23:20:00+10:00,ER01,646.0426,48.1659,0.07455530022323606
2025-10-10 23:25:00+10:00,ER04,,,
2025-10-10 23:25:00+10:00,ER03,,,
2025-10-10 23:25:00+10:00,ER01,643.6255,48.076,0.07469561103467778
2025-10-10 23:25:00+10:00,ER02,648.3131,48.2611,0.0744410378257049
2025-10-10 23:30:00+10:00,ER01,648.9479,48.2739,0.07438794393201673
2025-10-10 23:30:00+10:00,ER02,649.5582,48.3074,0.07436962538537732
2025-10-10 23:30:00+10:00,ER03,,,
2025-10-10 23:30:00+10:00,ER04,,,
2025-10-10 23:35:00+10:00,ER01,641.648,48.0025,0.07481126723686507
2025-10-10 23:35:00+10:00,ER02,647.7516,48.2403,0.07447345556537413
2025-10-10 23:35:00+10:00,ER03,,,
2025-10-10 23:35:00+10:00,ER04,,,
2025-10-10 23:40:00+10:00,ER01,634.1528,47.724,0.07525631046649955
2025-10-10 23:40:00+10:00,ER02,641.9653,48.0252,0.07480965092661551
2025-10-10 23:40:00+10:00,ER03,,,
2025-10-10 23:40:00+10:00,ER04,,,
2025-10-10 23:45:00+10:00,ER04,,,
2025-10-10 23:45:00+10:00,ER03,,,
2025-10-10 23:45:00+10:00,ER01,645.8961,48.1604,0.07456369530641228
2025-10-10 23:45:00+10:00,ER02,647.1168,48.2167,0.07451004208204763
2025-10-10 23:50:00+10:00,ER01,644.5777,48.1114,0.0746401869006638
2025-10-10 23:50:00+10:00,ER02,648.0201,48.2502,0.07445787561219167
2025-10-10 23:50:00+10:00,ER03,,,
2025-10-10 23:50:00+10:00,ER04,,,
2025-10-10 23:55:00+10:00,ER01,650.2907,48.3237,0.07431091971636686
2025-10-10 23:55:00+10:00,ER02,650.193,48.3311,0.07433346713975697
2025-10-10 23:55:00+10:00,ER03,,,
2025-10-10 23:55:00+10:00,ER04,,,
2025-10-11 00:00:00+10:00,ER03,,,
2025-10-11 00:00:00+10:00,ER04,,,
2025-10-11 00:00:00+10:00,ER02,650.6325,48.3474,0.074308307685214
2025-10-11 00:00:00+10:00,ER01,649.8512,48.3074,0.07433609417048088
2025-10-11 00:05:00+10:00,ER01,649.6559,48.3002,0.07434735834770376
2025-10-11 00:05:00+10:00,ER02,649.778,48.3156,0.07435708811317096
2025-10-11 00:05:00+10:00,ER03,,,
2025-10-11 00:05:00+10:00,ER04,,,
2025-10-11 00:10:00+10:00,ER04,,,
2025-10-11 00:10:00+10:00,ER01,644.3091,48.1015,0.07465593765476851
2025-10-11 00:10:00+10:00,ER02,649.7535,48.3146,0.07435835282149307
2025-10-11 00:10:00+10:00,ER03,,,
2025-10-11 00:15:00+10:00,ER04,,,
2025-10-11 00:15:00+10:00,ER03,,,
2025-10-11 00:15:00+10:00,ER02,649.7535,48.3146,0.07435835282149307
2025-10-11 00:15:00+10:00,ER01,649.1432,48.2811,0.07437665525880885
2025-10-11 00:20:00+10:00,ER04,,,
2025-10-11 00:20:00+10:00,ER01,645.8472,48.1586,0.07456655382263792
2025-10-11 00:20:00+10:00,ER02,648.8258,48.2802,0.07441165255758943
2025-10-11 00:20:00+10:00,ER03,,,
2025-10-11 00:25:00+10:00,ER03,,,
2025-10-11 00:25:00+10:00,ER04,,,
2025-10-11 00:25:00+10:00,ER01,645.481,48.145,0.07458778802164588
2025-10-11 00:25:00+10:00,ER02,648.6793,48.2748,0.07442013333861586
2025-10-11 00:30:00+10:00,ER03,,,
2025-10-11 00:30:00+10:00,ER04,,,
2025-10-11 00:30:00+10:00,ER01,643.2349,48.0615,0.0747184271251451
2025-10-11 00:30:00+10:00,ER02,648.7282,48.2766,0.07441729833850294
2025-10-11 00:35:00+10:00,ER03,,,
2025-10-11 00:35:00+10:00,ER04,,,
2025-10-11 00:35:00+10:00,ER01,645.2125,48.135,0.07460332836081136
2025-10-11 00:35:00+10:00,ER02,649.3141,48.2983,0.07438356875355086
2025-10-11 00:40:00+10:00,ER04,,,
2025-10-11 00:40:00+10:00,ER03,,,
2025-10-11 00:40:00+10:00,ER02,647.7028,48.2385,0.07447628758127957
2025-10-11 00:40:00+10:00,ER01,644.3091,48.1015,0.07465593765476851
2025-10-11 00:45:00+10:00,ER01,650.7057,48.3392,0.07428734679902144
2025-10-11 00:45:00+10:00,ER02,649.485,48.3047,0.07437385005042456
2025-10-11 00:45:00+10:00,ER03,,,
2025-10-11 00:45:00+10:00,ER04,,,
2025-10-11 00:50:00+10:00,ER01,645.3834,47.9735,0.07433333426301326
2025-10-11 00:50:00+10:00,ER02,648.191,48.1822,0.07433333693309534
2025-10-11 00:50:00+10:00,ER03,,,
2025-10-11 00:50:00+10:00,ER04,,,
2025-10-11 00:55:00+10:00,ER01,638.5474,47.7194,0.07473117892266103
2025-10-11 00:55:00+10:00,ER02,643.7232,48.0162,0.0745913771633522
2025-10-11 00:55:00+10:00,ER03,,,
2025-10-11 00:55:00+10:00,ER04,,,
2025-10-11 01:00:00+10:00,ER04,,,
2025-10-11 01:00:00+10:00,ER03,,,
2025-10-11 01:00:00+10:00,ER02,648.0201,48.1758,0.07434306435865184
2025-10-11 01:00:00+10:00,ER01,643.2349,47.8936,0.07445740273110181
2025-10-11 01:05:00+10:00,ER01,640.354,47.7866,0.07462528538901919
2025-10-11 01:05:00+10:00,ER02,642.6246,47.9753,0.07465524973678256
2025-10-11 01:05:00+10:00,ER03,,,
2025-10-11 01:05:00+10:00,ER04,,,
2025-10-11 01:10:00+10:00,ER01,646.7506,48.0243,0.0742547436368826
2025-10-11 01:10:00+10:00,ER02,650.486,48.2675,0.0742022118846524
2025-10-11 01:10:00+10:00,ER03,,,
2025-10-11 01:10:00+10:00,ER04,,,
2025-10-11 01:15:00+10:00,ER01,645.4322,47.9753,0.07433050287853628
2025-10-11 01:15:00+10:00,ER02,647.2389,48.1468,0.07438798873182685
2025-10-11 01:15:00+10:00,ER03,,,
2025-10-11 01:15:00+10:00,ER04,,,
2025-10-11 01:20:00+10:00,ER04,,,
2025-10-11 01:20:00+10:00,ER03,,,
2025-10-11 01:20:00+10:00,ER01,643.5035,47.9036,0.07444186395256591
2025-10-11 01:20:00+10:00,ER02,646.6285,48.1241,0.0744231038378296
2025-10-11 01:25:00+10:00,ER01,648.7282,48.0978,0.07414168214053281
2025-10-11 01:25:00+10:00,ER02,649.4117,48.2276,0.07426352189219874
2025-10-11 01:25:00+10:00,ER03,,,
2025-10-11 01:25:00+10:00,ER04,,,
2025-10-11 01:30:00+10:00,ER01,645.8472,47.9908,0.07430674004625241
2025-10-11 01:30:00+10:00,ER02,648.9235,48.2094,0.07429134559004259
2025-10-11 01:30:00+10:00,ER03,,,
2025-10-11 01:30:00+10:00,ER04,,,
2025-10-11 01:35:00+10:00,ER01,637.4731,47.6795,0.074794528584814
2025-10-11 01:35:00+10:00,ER02,641.9897,47.9517,0.07469231983005335
2025-10-11 01:35:00+10:00,ER03,,,
2025-10-11 01:35:00+10:00,ER04,,,
2025-10-11 01:40:00+10:00,ER02,628.7327,47.459,0.07548358785856056
2025-10-11 01:40:00+10:00,ER04,,,
2025-10-11 01:40:00+10:00,ER01,621.3596,47.0807,0.07577045562666128
2025-10-11 01:40:00+10:00,ER03,,,
2025-10-11 01:45:00+10:00,ER01,622.0432,47.106,0.07572785941555185
2025-10-11 01:45:00+10:00,ER02,629.2943,47.4799,0.07544943597931841
2025-10-11 01:45:00+10:00,ER03,,,
2025-10-11 01:45:00+10:00,ER04,,,
2025-10-11 01:50:00+10:00,ER01,616.0128,46.8819,0.07610539910858996
2025-10-11 01:50:00+10:00,ER02,620.9689,47.1705,0.07596274145130295
2025-10-11 01:50:00+10:00,ER03,,,
2025-10-11 01:50:00+10:00,ER04,,,
2025-10-11 01:55:00+10:00,ER03,,,
2025-10-11 01:55:00+10:00,ER01,617.3068,46.93,0.076023785903541
2025-10-11 01:55:00+10:00,ER02,621.3596,47.1849,0.0759381523999951
2025-10-11 01:55:00+10:00,ER04,,,
2025-10-11 02:00:00+10:00,ER04,,,
2025-10-11 02:00:00+10:00,ER03,,,
2025-10-11 02:00:00+10:00,ER01,623.9475,47.1768,0.07561020758958086
2025-10-11 02:00:00+10:00,ER02,620.09,47.1377,0.0760175135867374
2025-10-11 02:05:00+10:00,ER01,625.7541,47.244,0.07549930555788607
2025-10-11 02:05:00+10:00,ER02,625.5833,47.3419,0.07567641271753899
2025-10-11 02:05:00+10:00,ER03,,,
2025-10-11 02:05:00+10:00,ER04,,,
2025-10-11 02:10:00+10:00,ER01,608.542,46.6042,0.07658337468901077
2025-10-11 02:10:00+10:00,ER02,611.6915,46.8256,0.07655100651226966
2025-10-11 02:10:00+10:00,ER03,,,
2025-10-11 02:10:00+10:00,ER04,,,
2025-10-11 02:15:00+10:00,ER01,612.0577,46.7349,0.0763570166668927
2025-10-11 02:15:00+10:00,ER02,614.255,46.9209,0.07638667979910624
2025-10-11 02:15:00+10:00,ER03,,,
2025-10-11 02:15:00+10:00,ER04,,,
2025-10-11 02:20:00+10:00,ER03,,,
2025-10-11 02:20:00+10:00,ER04,,,
2025-10-11 02:20:00+10:00,ER01,609.2012,46.6288,0.07654088665616549
2025-10-11 02:20:00+10:00,ER02,611.8624,46.832,0.0765400848295303
2025-10-11 02:25:00+10:00,ER01,612.253,46.7421,0.07634441970884585
2025-10-11 02:25:00+10:00,ER02,613.4004,46.8891,0.07644126087951687
2025-10-11 02:25:00+10:00,ER03,,,
2025-10-11 02:25:00+10:00,ER04,,,
2025-10-11 02:30:00+10:00,ER01,616.0128,46.8819,0.07610539910858996
2025-10-11 02:30:00+10:00,ER02,616.2814,46.9963,0.0762578588287753
2025-10-11 02:30:00+10:00,ER03,,,
2025-10-11 02:30:00+10:00,ER04,,,
2025-10-11 02:35:00+10:00,ER04,,,
2025-10-11 02:35:00+10:00,ER03,,,
2025-10-11 02:35:00+10:00,ER02,600.7294,46.4183,0.07726989889291251
2025-10-11 02:35:00+10:00,ER01,597.8729,46.2077,0.07728682801980154
2025-10-11 02:40:00+10:00,ER04,,,
2025-10-11 02:40:00+10:00,ER03,,,
2025-10-11 02:40:00+10:00,ER01,585.3483,45.7422,0.07814526838123557
2025-10-11 02:40:00+10:00,ER02,588.0583,45.9473,0.07813391971510307
2025-10-11 02:45:00+10:00,ER01,593.9177,46.0607,0.07755401127125863
2025-10-11 02:45:00+10:00,ER02,599.9969,46.391,0.07731873281345288
2025-10-11 02:45:00+10:00,ER03,,,
2025-10-11 02:45:00+10:00,ER04,,,
2025-10-11 02:50:00+10:00,ER04,,,
2025-10-11 02:50:00+10:00,ER01,596.5545,46.1587,0.0773754954492842
2025-10-11 02:50:00+10:00,ER02,594.9676,46.2041,0.07765817836130909
2025-10-11 02:50:00+10:00,ER03,,,
2025-10-11 02:55:00+10:00,ER04,,,
2025-10-11 02:55:00+10:00,ER03,,,
2025-10-11 02:55:00+10:00,ER02,581.442,45.7014,0.0786001011278855
2025-10-11 02:55:00+10:00,ER01,578.2437,45.4782,0.07864884649845731
2025-10-11 03:00:00+10:00,ER04,,,
2025-10-11 03:00:00+10:00,ER01,571.1391,45.2141,0.07916477789736336
2025-10-11 03:00:00+10:00,ER02,572.1889,45.3575,0.07927015012000407
2025-10-11 03:00:00+10:00,ER03,,,
2025-10-11 03:05:00+10:00,ER03,,,
2025-10-11 03:05:00+10:00,ER04,,,
2025-10-11 03:05:00+10:00,ER01,574.2153,45.3284,0.0789397287045469
2025-10-11 03:05:00+10:00,ER02,579.0005,45.6106,0.0787747160840103
2025-10-11 03:10:00+10:00,ER03,,,
2025-10-11 03:10:00+10:00,ER04,,,
2025-10-11 03:10:00+10:00,ER01,585.275,45.7394,0.07815027124001539
2025-10-11 03:10:00+10:00,ER02,589.6452,46.0062,0.07802353008215787
2025-10-11 03:15:00+10:00,ER04,,,
2025-10-11 03:15:00+10:00,ER03,,,
2025-10-11 03:15:00+10:00,ER02,591.8425,46.0879,0.07787190004097373
2025-10-11 03:15:00+10:00,ER01,588.3513,45.8538,0.07793609022364699
2025-10-11 03:20:00+10:00,ER01,574.6548,45.3447,0.07890771990419292
2025-10-11 03:20:00+10:00,ER02,580.5142,45.6669,0.07866629274529374
2025-10-11 03:20:00+10:00,ER03,,,
2025-10-11 03:20:00+10:00,ER04,,,
2025-10-11 03:25:00+10:00,ER01,586.3493,45.7794,0.07807530425976462
2025-10-11 03:25:00+10:00,ER02,593.0388,46.1324,0.07778985118680261
2025-10-11 03:25:00+10:00,ER03,,,
2025-10-11 03:25:00+10:00,ER04,,,
2025-10-11 03:30:00+10:00,ER01,586.8376,45.7975,0.07804118209194504
2025-10-11 03:30:00+10:00,ER02,589.0104,45.9827,0.07806772172443814
2025-10-11 03:30:00+10:00,ER03,,,
2025-10-11 03:30:00+10:00,ER04,,,
2025-10-11 03:35:00+10:00,ER04,,,
2025-10-11 03:35:00+10:00,ER03,,,
2025-10-11 03:35:00+10:00,ER01,586.1784,45.7731,0.07808731949181341
2025-10-11 03:35:00+10:00,ER02,590.5974,46.0417,0.07795784404062733
2025-10-11 03:40:00+10:00,ER01,593.9177,46.0607,0.07755401127125863
2025-10-11 03:40:00+10:00,ER02,595.6756,46.2304,0.0776100280085335
2025-10-11 03:40:00+10:00,ER03,,,
2025-10-11 03:40:00+10:00,ER04,,,
2025-10-11 03:45:00+10:00,ER01,586.3737,45.7803,0.07807359027186929
2025-10-11 03:45:00+10:00,ER02,592.1355,46.0988,0.07785177548044324
2025-10-11 03:45:00+10:00,ER03,,,
2025-10-11 03:45:00+10:00,ER04,,,
2025-10-11 03:50:00+10:00,ER01,584.8356,45.7231,0.0781811161974408
2025-10-11 03:50:00+10:00,ER02,591.9402,46.0915,0.0778651289437683
2025-10-11 03:50:00+10:00,ER03,,,
2025-10-11 03:50:00+10:00,ER04,,,
2025-10-11 03:55:00+10:00,ER04,,,
2025-10-11 03:55:00+10:00,ER03,,,
2025-10-11 03:55:00+10:00,ER01,592.404,44.0354,0.07433339410267319
2025-10-11 03:55:00+10:00,ER02,594.6014,44.1987,0.07433332649401768
2025-10-11 04:00:00+10:00,ER01,566.3783,43.0681,0.07604122544949198
2025-10-11 04:00:00+10:00,ER02,574.1421,43.4383,0.07565775092960435
2025-10-11 04:00:00+10:00,ER03,,,
2025-10-11 04:00:00+10:00,ER04,,,
2025-10-11 04:05:00+10:00,ER01,573.141,43.3194,0.0755824482980628
2025-10-11 04:05:00+10:00,ER02,579.7818,43.6479,0.07528332210497121
2025-10-11 04:05:00+10:00,ER03,,,
2025-10-11 04:05:00+10:00,ER04,,,
2025-10-11 04:10:00+10:00,ER02,568.7953,43.2396,0.0760196154926034
2025-10-11 04:10:00+10:00,ER01,559.2004,42.8013,0.07654018130173011
2025-10-11 04:10:00+10:00,ER03,,,
2025-10-11 04:10:00+10:00,ER04,,,
2025-10-11 04:15:00+10:00,ER04,,,
2025-10-11 04:15:00+10:00,ER03,,,
2025-10-11 04:15:00+10:00,ER01,561.8127,42.8984,0.07635712044245352
2025-10-11 04:15:00+10:00,ER02,568.9906,43.2468,0.07600617655195008
2025-10-11 04:20:00+10:00,ER04,,,
2025-10-11 04:20:00+10:00,ER01,551.632,42.52,0.07708037242219452
2025-10-11 04:20:00+10:00,ER02,563.7415,43.0518,0.0763679807145651
2025-10-11 04:20:00+10:00,ER03,,,
2025-10-11 04:25:00+10:00,ER03,,,
2025-10-11 04:25:00+10:00,ER04,,,
2025-10-11 04:25:00+10:00,ER01,560.2991,42.8421,0.07646291061327781
2025-10-11 04:25:00+10:00,ER02,561.471,42.9674,0.07652648133207235
2025-10-11 04:30:00+10:00,ER04,,,
2025-10-11 04:30:00+10:00,ER03,,,
2025-10-11 04:30:00+10:00,ER02,560.7873,42.942,0.07657448733236291
2025-10-11 04:30:00+10:00,ER01,559.8596,42.8258,0.0764938209508241
2025-10-11 04:35:00+10:00,ER01,558.0774,42.7595,0.07661930047695893
2025-10-11 04:35:00+10:00,ER02,559.7131,42.902,0.07664998371487106
2025-10-11 04:35:00+10:00,ER03,,,
2025-10-11 04:35:00+10:00,ER04,,,
2025-10-11 04:40:00+10:00,ER01,557.4181,42.7351,0.07666615059683209
2025-10-11 04:40:00+10:00,ER02,558.1751,42.8449,0.07675888802635589
2025-10-11 04:40:00+10:00,ER03,,,
2025-10-11 04:40:00+10:00,ER04,,,
2025-10-11 04:45:00+10:00,ER01,564.9134,43.0137,0.0761421131097262
2025-10-11 04:45:00+10:00,ER02,570.7485,43.3121,0.07588648940820694
2025-10-11 04:45:00+10:00,ER03,,,
2025-10-11 04:45:00+10:00,ER04,,,
2025-10-11 04:50:00+10:00,ER04,,,
2025-10-11 04:50:00+10:00,ER03,,,
2025-10-11 04:50:00+10:00,ER01,556.5393,42.7024,0.07672845385761616
2025-10-11 04:50:00+10:00,ER02,562.1058,42.9909,0.07648186515776924
2025-10-11 04:55:00+10:00,ER01,553.8781,42.6035,0.07691854940644881
2025-10-11 04:55:00+10:00,ER02,557.2717,42.8113,0.07682302905387085
2025-10-11 04:55:00+10:00,ER03,,,
2025-10-11 04:55:00+10:00,ER04,,,
2025-10-11 05:00:00+10:00,ER01,563.7415,42.97,0.07622287874850442
2025-10-11 05:00:00+10:00,ER02,568.9906,43.2468,0.07600617655195008
2025-10-11 05:00:00+10:00,ER03,,,
2025-10-11 05:00:00+10:00,ER04,,,
2025-10-11 05:05:00+10:00,ER03,,,
2025-10-11 05:05:00+10:00,ER04,,,
2025-10-11 05:05:00+10:00,ER02,581.0269,43.6942,0.07520168171215481
2025-10-11 05:05:00+10:00,ER01,576.6323,43.4491,0.07534975061230528
2025-10-11 05:10:00+10:00,ER01,577.5601,43.4837,0.07528861498569585
2025-10-11 05:10:00+10:00,ER02,578.3414,43.5944,0.0753783146079461
2025-10-11 05:10:00+10:00,ER03,,,
2025-10-11 05:10:00+10:00,ER04,,,
2025-10-11 05:15:00+10:00,ER04,,,
2025-10-11 05:15:00+10:00,ER01,583.0289,43.6869,0.07493093395541799
2025-10-11 05:15:00+10:00,ER02,588.693,43.9791,0.07470634099607096
2025-10-11 05:15:00+10:00,ER03,,,
2025-10-11 05:20:00+10:00,ER04,,,
2025-10-11 05:20:00+10:00,ER03,,,
2025-10-11 05:20:00+10:00,ER02,577.8774,43.5771,0.07540890161131064
2025-10-11 05:20:00+10:00,ER01,576.6567,43.4501,0.07534829648211838
2025-10-11 05:25:00+10:00,ER04,,,
2025-10-11 05:25:00+10:00,ER01,591.0613,43.9855,0.07441783111159538
2025-10-11 05:25:00+10:00,ER02,590.988,44.0644,0.0745605663735981
2025-10-11 05:25:00+10:00,ER03,,,
2025-10-11 05:30:00+10:00,ER03,,,
2025-10-11 05:30:00+10:00,ER04,,,
2025-10-11 05:30:00+10:00,ER01,590.158,43.8684,0.07433331412943653
2025-10-11 05:30:00+10:00,ER02,593.8689,44.1443,0.07433340927602035
2025-10-11 05:35:00+10:00,ER03,,,
2025-10-11 05:35:00+10:00,ER04,,,
2025-10-11 05:35:00+10:00,ER01,574.8989,43.3012,0.07531967794685292
2025-10-11 05:35:00+10:00,ER02,583.1998,43.7477,0.07501322874253387
2025-10-11 05:40:00+10:00,ER03,,,
2025-10-11 05:40:00+10:00,ER04,,,
2025-10-11 05:40:00+10:00,ER01,582.3697,43.5789,0.07483030109567856
2025-10-11 05:40:00+10:00,ER02,585.2262,43.8231,0.07488232755129555
2025-10-11 05:45:00+10:00,ER03,,,
2025-10-11 05:45:00+10:00,ER04,,,
2025-10-11 05:45:00+10:00,ER01,572.018,43.1942,0.0755119594138646
2025-10-11 05:45:00+10:00,ER02,578.0972,43.5581,0.07534736373052836
2025-10-11 05:50:00+10:00,ER02,591.1834,44.0445,0.07450226105807436
2025-10-11 05:50:00+10:00,ER03,,,
2025-10-11 05:50:00+10:00,ER01,584.3961,43.6543,0.07469984827071911
2025-10-11 05:50:00+10:00,ER04,,,
2025-10-11 05:55:00+10:00,ER04,,,
2025-10-11 05:55:00+10:00,ER03,,,
2025-10-11 05:55:00+10:00,ER02,585.2994,43.8257,0.0748774046240266
2025-10-11 05:55:00+10:00,ER01,573.1166,43.2351,0.07543857567552573
2025-10-11 06:00:00+10:00,ER01,587.5212,43.7704,0.07450012016587657
2025-10-11 06:00:00+10:00,ER02,596.2859,44.2341,0.07418270329719351
2025-10-11 06:00:00+10:00,ER03,,,
2025-10-11 06:00:00+10:00,ER04,,,
2025-10-11 06:05:00+10:00,ER01,598.7763,44.1887,0.07379834505807928
2025-10-11 06:05:00+10:00,ER02,607.1748,44.6388,0.07351886145472442
2025-10-11 06:05:00+10:00,ER03,,,
2025-10-11 06:05:00+10:00,ER04,,,
2025-10-11 06:10:00+10:00,ER01,614.2306,44.7631,0.07287670135613564
2025-10-11 06:10:00+10:00,ER02,614.963,44.9283,0.0730585417334051
2025-10-11 06:10:00+10:00,ER03,,,
2025-10-11 06:10:00+10:00,ER04,,,
2025-10-11 06:15:00+10:00,ER04,,,
2025-10-11 06:15:00+10:00,ER03,,,
2025-10-11 06:15:00+10:00,ER01,590.5974,43.8847,0.07430560987908176
2025-10-11 06:15:00+10:00,ER02,593.6736,44.137,0.07434556631792286
2025-10-11 06:20:00+10:00,ER01,565.8167,42.9637,0.0759321879329472
2025-10-11 06:20:00+10:00,ER02,573.8735,43.4011,0.07562833969507217
2025-10-11 06:20:00+10:00,ER03,,,
2025-10-11 06:20:00+10:00,ER04,,,
2025-10-11 06:25:00+10:00,ER01,543.209,42.1235,0.07754565922140466
2025-10-11 06:25:00+10:00,ER02,553.2677,42.6353,0.07706088752334539
2025-10-11 06:25:00+10:00,ER03,,,
2025-10-11 06:25:00+10:00,ER04,,,
2025-10-11 06:30:00+10:00,ER01,519.8199,41.2542,0.07936248689209474
2025-10-11 06:30:00+10:00,ER02,536.1776,42.0001,0.07833244059431055
2025-10-11 06:30:00+10:00,ER03,,,
2025-10-11 06:30:00+10:00,ER04,,,
2025-10-11 06:35:00+10:00,ER04,,,
2025-10-11 06:35:00+10:00,ER03,,,
2025-10-11 06:35:00+10:00,ER02,516.4752,41.2678,0.07990277171101343
2025-10-11 06:35:00+10:00,ER01,496.1379,40.374,0.08137656889344677
2025-10-11 06:40:00+10:00,ER01,480.0,39.7742,0.08286291666666666
2025-10-11 06:40:00+10:00,ER02,501.7533,40.7206,0.08115661620959941
2025-10-11 06:40:00+10:00,ER03,,,
2025-10-11 06:40:00+10:00,ER04,,,
2025-10-11 06:45:00+10:00,ER01,461.6648,39.0927,0.08467767089888595
2025-10-11 06:45:00+10:00,ER02,485.3956,40.1127,0.08263919162019598
2025-10-11 06:45:00+10:00,ER03,,,
2025-10-11 06:45:00+10:00,ER04,,,
2025-10-11 06:50:00+10:00,ER01,433.8079,38.0574,0.08772869281541439
2025-10-11 06:50:00+10:00,ER02,466.1082,39.3958,0.08452071857993487
2025-10-11 06:50:00+10:00,ER03,,,
2025-10-11 06:50:00+10:00,ER04,,,
2025-10-11 06:55:00+10:00,ER04,,,
2025-10-11 06:55:00+10:00,ER03,,,
2025-10-11 06:55:00+10:00,ER02,447.4556,38.7025,0.08649461533166643
2025-10-11 06:55:00+10:00,ER01,423.1632,37.6618,0.08900065034010518
2025-10-11 07:00:00+10:00,ER01,403.7781,36.9413,0.09148911246053215
2025-10-11 07:00:00+10:00,ER02,434.3938,38.2171,0.08797800521093994
2025-10-11 07:00:00+10:00,ER03,,,
2025-10-11 07:00:00+10:00,ER04,,,
2025-10-11 07:05:00+10:00,ER01,388.7388,36.3824,0.09359086358243632
2025-10-11 07:05:00+10:00,ER02,418.6221,37.6309,0.08989229187852242
2025-10-11 07:05:00+10:00,ER03,,,
2025-10-11 07:05:00+10:00,ER04,,,
2025-10-11 07:10:00+10:00,ER01,363.4943,35.4441,0.09750936947291883
2025-10-11 07:10:00+10:00,ER02,401.825,37.0066,0.09209631058296522
2025-10-11 07:10:00+10:00,ER03,,,
2025-10-11 07:10:00+10:00,ER04,,,
2025-10-11 07:15:00+10:00,ER04,,,
2025-10-11 07:15:00+10:00,ER03,,,
2025-10-11 07:15:00+10:00,ER02,380.5356,36.2154,0.09516954524097089
2025-10-11 07:15:00+10:00,ER01,344.3046,34.7308,0.10087230899616213
2025-10-11 07:20:00+10:00,ER01,312.8588,33.5621,0.10727555050393342
2025-10-11 07:20:00+10:00,ER02,361.6144,35.5121,0.09820433035852554
2025-10-11 07:20:00+10:00,ER03,,,
2025-10-11 07:20:00+10:00,ER04,,,
2025-10-11 07:25:00+10:00,ER01,312.224,33.5385,0.10741807164087322
2025-10-11 07:25:00+10:00,ER02,343.9384,34.8552,0.10134140299542012
2025-10-11 07:25:00+10:00,ER03,,,
2025-10-11 07:25:00+10:00,ER04,,,
2025-10-11 07:30:00+10:00,ER01,302.2873,33.1692,0.10972740171353541
2025-10-11 07:30:00+10:00,ER02,335.7595,34.5512,0.10290460880481417
2025-10-11 07:30:00+10:00,ER03,,,
2025-10-11 07:30:00+10:00,ER04,,,
2025-10-11 07:35:00+10:00,ER04,,,
2025-10-11 07:35:00+10:00,ER03,,,
2025-10-11 07:35:00+10:00,ER02,324.2359,34.1229,0.10524096807293702
2025-10-11 07:35:00+10:00,ER01,284.6113,32.5122,0.11423369346192508
2025-10-11 07:40:00+10:00,ER01,277.6776,32.2545,0.11615809125402986
2025-10-11 07:40:00+10:00,ER02,315.3491,33.7926,0.10715933547931482
2025-10-11 07:40:00+10:00,ER03,,,
2025-10-11 07:40:00+10:00,ER04,,,
2025-10-11 07:45:00+10:00,ER01,258.0728,31.5259,0.12215894119798756
2025-10-11 07:45:00+10:00,ER02,293.8155,32.9923,0.11228917466913761
2025-10-11 07:45:00+10:00,ER03,,,
2025-10-11 07:45:00+10:00,ER04,,,
2025-10-11 07:50:00+10:00,ER01,236.8322,30.7364,0.129781338855105
2025-10-11 07:50:00+10:00,ER02,277.1893,32.3743,0.11679491235772808
2025-10-11 07:50:00+10:00,ER03,,,
2025-10-11 07:50:00+10:00,ER04,,,
2025-10-11 07:55:00+10:00,ER04,,,
2025-10-11 07:55:00+10:00,ER02,256.9741,31.623,0.12305909428226423
2025-10-11 07:55:00+10:00,ER01,212.2469,29.8227,0.14050947269430084
2025-10-11 07:55:00+10:00,ER03,,,
2025-10-11 08:00:00+10:00,ER01,190.3716,29.0097,0.15238459938352147
2025-10-11 08:00:00+10:00,ER02,235.2941,30.8173,0.13097353482301513
2025-10-11 08:00:00+10:00,ER03,,,
2025-10-11 08:00:00+10:00,ER04,,,
2025-10-11 08:05:00+10:00,ER01,187.2465,28.8936,0.15430782417828903
2025-10-11 08:05:00+10:00,ER02,219.9863,30.2483,0.13750083527928786
2025-10-11 08:05:00+10:00,ER03,,,
2025-10-11 08:05:00+10:00,ER04,,,
2025-10-11 08:10:00+10:00,ER04,,,
2025-10-11 08:10:00+10:00,ER01,187.4906,28.9026,0.15415492830040545
2025-10-11 08:10:00+10:00,ER02,206.0212,29.7293,0.14430213977978965
2025-10-11 08:10:00+10:00,ER03,,,
2025-10-11 08:15:00+10:00,ER04,,,
2025-10-11 08:15:00+10:00,ER03,,,
2025-10-11 08:15:00+10:00,ER02,183.4134,28.889,0.15750757578235833
2025-10-11 08:15:00+10:00,ER01,180.4105,28.6394,0.15874574927734247
2025-10-11 08:20:00+10:00,ER01,182.1927,28.7057,0.15755680661190047
2025-10-11 08:20:00+10:00,ER02,184.5121,28.9298,0.15679080125368472
2025-10-11 08:20:00+10:00,ER03,,,
2025-10-11 08:20:00+10:00,ER04,,,
2025-10-11 08:25:00+10:00,ER04,,,
2025-10-11 08:25:00+10:00,ER01,181.3138,28.6731,0.15814074824971958
2025-10-11 08:25:00+10:00,ER02,182.1683,28.8427,0.15832996190885024
2025-10-11 08:25:00+10:00,ER03,,,
2025-10-11 08:30:00+10:00,ER02,183.6576,28.898,0.15734715034934574
2025-10-11 08:30:00+10:00,ER03,,,
2025-10-11 08:30:00+10:00,ER01,181.0941,28.6649,0.15828732134288195
2025-10-11 08:30:00+10:00,ER04,,,
2025-10-11 08:35:00+10:00,ER04,,,
2025-10-11 08:35:00+10:00,ER03,,,
2025-10-11 08:35:00+10:00,ER01,180.1907,13.3942,0.07433347004035169
2025-10-11 08:35:00+10:00,ER02,180.5081,13.4177,0.07433295237166641
2025-10-11 08:40:00+10:00,ER01,180.8255,13.4177,0.07420247697365692
2025-10-11 08:40:00+10:00,ER02,182.974,13.5094,0.07383234776525627
2025-10-11 08:40:00+10:00,ER03,,,
2025-10-11 08:40:00+10:00,ER04,,,
2025-10-11 08:45:00+10:00,ER01,179.7757,13.3788,0.07441940150977024
2025-10-11 08:45:00+10:00,ER02,180.7279,13.4259,0.0742879212340762
2025-10-11 08:45:00+10:00,ER03,,,
2025-10-11 08:45:00+10:00,ER04,,,
2025-10-11 08:50:00+10:00,ER01,180.679,13.4123,0.07423275532851079
2025-10-11 08:50:00+10:00,ER02,185.8305,13.6156,0.07326891979518971
2025-10-11 08:50:00+10:00,ER03,,,
2025-10-11 08:50:00+10:00,ER04,,,
2025-10-11 08:55:00+10:00,ER04,,,
2025-10-11 08:55:00+10:00,ER03,,,
2025-10-11 08:55:00+10:00,ER02,181.8509,13.4677,0.07405902307879697
2025-10-11 08:55:00+10:00,ER01,179.7269,13.377,0.074429592899004
2025-10-11 09:00:00+10:00,ER01,181.0941,13.4277,0.07414763926599487
2025-10-11 09:00:00+10:00,ER02,183.1937,13.5175,0.07378801781939008
2025-10-11 09:00:00+10:00,ER03,,,
2025-10-11 09:00:00+10:00,ER04,,,
2025-10-11 09:05:00+10:00,ER01,179.556,13.3705,0.07446423399942079
2025-10-11 09:05:00+10:00,ER02,182.7787,13.5021,0.07387129900803541
2025-10-11 09:05:00+10:00,ER03,,,
2025-10-11 09:05:00+10:00,ER04,,,
2025-10-11 09:10:00+10:00,ER01,182.6322,13.4849,0.0738363771558356
2025-10-11 09:10:00+10:00,ER02,187.808,13.6891,0.07288880132901687
2025-10-11 09:10:00+10:00,ER03,,,
2025-10-11 09:10:00+10:00,ER04,,,
2025-10-11 09:15:00+10:00,ER04,,,
2025-10-11 09:15:00+10:00,ER03,,,
2025-10-11 09:15:00+10:00,ER01,179.971,13.386,0.07437864989359397
2025-10-11 09:15:00+10:00,ER02,181.1673,13.4423,0.07419826867210583
2025-10-11 09:20:00+10:00,ER01,179.7513,13.3779,0.0744244965126817
2025-10-11 09:20:00+10:00,ER02,180.7035,13.425,0.07429297163585653
2025-10-11 09:20:00+10:00,ER03,,,
2025-10-11 09:20:00+10:00,ER04,,,
2025-10-11 09:25:00+10:00,ER01,179.7757,13.3788,0.07441940150977024
2025-10-11 09:25:00+10:00,ER02,181.8509,13.4677,0.07405902307879697
2025-10-11 09:25:00+10:00,ER03,,,
2025-10-11 09:25:00+10:00,ER04,,,
2025-10-11 09:30:00+10:00,ER03,,,
2025-10-11 09:30:00+10:00,ER04,,,
2025-10-11 09:30:00+10:00,ER01,179.5071,13.3688,0.07447504861924681
2025-10-11 09:30:00+10:00,ER02,180.972,13.435,0.07423800366907587
2025-10-11 09:35:00+10:00,ER01,182.1683,13.4677,0.07392998672107058
2025-10-11 09:35:00+10:00,ER02,183.4134,13.5258,0.07374488450680267
2025-10-11 09:35:00+10:00,ER03,,,
2025-10-11 09:35:00+10:00,ER04,,,
2025-10-11 09:40:00+10:00,ER01,189.0288,13.7226,0.07259528706736751
2025-10-11 09:40:00+10:00,ER02,191.6167,13.8306,0.07217846878690636
2025-10-11 09:40:00+10:00,ER03,,,
2025-10-11 09:40:00+10:00,ER04,,,
2025-10-11 09:45:00+10:00,ER04,,,
2025-10-11 09:45:00+10:00,ER01,179.3118,13.3615,0.07451545297074703
2025-10-11 09:45:00+10:00,ER02,180.0443,13.4005,0.07442890444185125
2025-10-11 09:45:00+10:00,ER03,,,
2025-10-11 09:50:00+10:00,ER03,,,
2025-10-11 09:50:00+10:00,ER04,,,
2025-10-11 09:50:00+10:00,ER01,179.7513,13.3779,0.0744244965126817
2025-10-11 09:50:00+10:00,ER02,180.7279,13.4259,0.0742879212340762
2025-10-11 09:55:00+10:00,ER04,,,
2025-10-11 09:55:00+10:00,ER03,,,
2025-10-11 09:55:00+10:00,ER01,181.5335,13.444,0.07405795624499059
2025-10-11 09:55:00+10:00,ER02,180.9476,13.4341,0.0742430405266497
2025-10-11 10:00:00+10:00,ER01,179.3118,13.3615,0.07451545297074703
2025-10-11 10:00:00+10:00,ER02,181.2161,13.444,0.07418766875570107
2025-10-11 10:00:00+10:00,ER03,,,
2025-10-11 10:00:00+10:00,ER04,,,
2025-10-11 10:05:00+10:00,ER01,180.6302,13.4105,0.07424284532708263
2025-10-11 10:05:00+10:00,ER02,181.68,13.4614,0.07409401144870101
2025-10-11 10:05:00+10:00,ER03,,,
2025-10-11 10:05:00+10:00,ER04,,,
2025-10-11 10:10:00+10:00,ER04,,,
2025-10-11 10:10:00+10:00,ER01,192.8374,13.8642,0.07189580444457351
2025-10-11 10:10:00+10:00,ER02,195.1812,13.9631,0.0715391646326593
2025-10-11 10:10:00+10:00,ER03,,,
2025-10-11 10:15:00+10:00,ER04,,,
2025-10-11 10:15:00+10:00,ER03,,,
2025-10-11 10:15:00+10:00,ER01,178.8724,13.3452,0.07460737374799019
2025-10-11 10:15:00+10:00,ER02,180.0931,13.4024,0.07441928646905406
2025-10-11 10:20:00+10:00,ER01,182.1683,13.4677,0.07392998672107058
2025-10-11 10:20:00+10:00,ER02,183.8773,13.543,0.07365237579625108
2025-10-11 10:20:00+10:00,ER03,,,
2025-10-11 10:20:00+10:00,ER04,,,
2025-10-11 10:25:00+10:00,ER03,,,
2025-10-11 10:25:00+10:00,ER01,186.4164,13.6256,0.07309228158037598
2025-10-11 10:25:00+10:00,ER02,188.0278,13.6973,0.07284720663646546
2025-10-11 10:25:00+10:00,ER04,,,
2025-10-11 10:30:00+10:00,ER04,,,
2025-10-11 10:30:00+10:00,ER03,,,
2025-10-11 10:30:00+10:00,ER02,188.5161,13.7154,0.07275452865829497
2025-10-11 10:30:00+10:00,ER01,185.2689,13.5829,0.07331451743924641
2025-10-11 10:35:00+10:00,ER01,180.6546,13.4114,0.07423779964639705
2025-10-11 10:35:00+10:00,ER02,180.7279,13.4259,0.0742879212340762
2025-10-11 10:35:00+10:00,ER03,,,
2025-10-11 10:35:00+10:00,ER04,,,
2025-10-11 10:40:00+10:00,ER01,183.1205,13.5031,0.07373887685977266
2025-10-11 10:40:00+10:00,ER02,184.5121,13.5666,0.07352688522866521
2025-10-11 10:40:00+10:00,ER03,,,
2025-10-11 10:40:00+10:00,ER04,,,
2025-10-11 10:45:00+10:00,ER03,,,
2025-10-11 10:45:00+10:00,ER04,,,
2025-10-11 10:45:00+10:00,ER01,179.7757,13.3788,0.07441940150977024
2025-10-11 10:45:00+10:00,ER02,180.5081,13.4177,0.07433295237166641
2025-10-11 10:50:00+10:00,ER01,180.2396,13.396,0.0743232896655341
2025-10-11 10:50:00+10:00,ER02,180.264,13.4087,0.07438368171126791
2025-10-11 10:50:00+10:00,ER03,,,
2025-10-11 10:50:00+10:00,ER04,,,
2025-10-11 10:55:00+10:00,ER01,182.2171,13.4695,0.07392006567989504
2025-10-11 10:55:00+10:00,ER02,185.5863,13.6065,0.07331629543775592
2025-10-11 10:55:00+10:00,ER03,,,
2025-10-11 10:55:00+10:00,ER04,,,
2025-10-11 11:00:00+10:00,ER04,,,
2025-10-11 11:00:00+10:00,ER01,180.4105,13.4023,0.07428780475637504
2025-10-11 11:00:00+10:00,ER02,182.7543,13.5012,0.07387623711179436
2025-10-11 11:00:00+10:00,ER03,,,
2025-10-11 11:05:00+10:00,ER02,182.681,13.4985,0.0738910997859657
2025-10-11 11:05:00+10:00,ER03,,,
2025-10-11 11:05:00+10:00,ER01,180.679,13.4123,0.07423275532851079
2025-10-11 11:05:00+10:00,ER04,,,
2025-10-11 11:10:00+10:00,ER04,,,
2025-10-11 11:10:00+10:00,ER03,,,
2025-10-11 11:10:00+10:00,ER02,182.7543,13.5012,0.07387623711179436
2025-10-11 11:10:00+10:00,ER01,180.2151,13.3951,0.07432839978447976
2025-10-11 11:15:00+10:00,ER01,181.9974,13.4614,0.07396479290363489
2025-10-11 11:15:00+10:00,ER02,183.389,13.5249,0.07374978870052185
2025-10-11 11:15:00+10:00,ER03,,,
2025-10-11 11:15:00+10:00,ER04,,,
2025-10-11 11:20:00+10:00,ER01,182.2171,13.4695,0.07392006567989504
2025-10-11 11:20:00+10:00,ER02,183.6088,13.533,0.07370561759567079
2025-10-11 11:20:00+10:00,ER03,,,
2025-10-11 11:20:00+10:00,ER04,,,
2025-10-11 11:25:00+10:00,ER03,,,
2025-10-11 11:25:00+10:00,ER04,,,
2025-10-11 11:25:00+10:00,ER01,181.558,13.445,0.07405347051630884
2025-10-11 11:25:00+10:00,ER02,184.0482,13.5493,0.07361821522840213
2025-10-11 11:30:00+10:00,ER01,182.1927,13.4686,0.07392502553614937
2025-10-11 11:30:00+10:00,ER02,185.8305,13.6156,0.07326891979518971
2025-10-11 11:30:00+10:00,ER03,,,
2025-10-11 11:30:00+10:00,ER04,,,
2025-10-11 11:35:00+10:00,ER01,180.0198,13.3878,0.07436848613319201
2025-10-11 11:35:00+10:00,ER02,181.1673,13.4423,0.07419826867210583
2025-10-11 11:35:00+10:00,ER03,,,
2025-10-11 11:35:00+10:00,ER04,,,
2025-10-11 11:40:00+10:00,ER04,,,
2025-10-11 11:40:00+10:00,ER01,182.4613,13.5629,0.07433302294787991
2025-10-11 11:40:00+10:00,ER02,184.3168,13.7009,0.0743334302678866
2025-10-11 11:40:00+10:00,ER03,,,
2025-10-11 11:45:00+10:00,ER03,,,
2025-10-11 11:45:00+10:00,ER04,,,
2025-10-11 11:45:00+10:00,ER01,183.096,13.5866,0.07420478874470224
2025-10-11 11:45:00+10:00,ER02,184.5121,13.7082,0.07429431457340738
2025-10-11 11:50:00+10:00,ER01,181.9974,13.5457,0.07442798633387071
2025-10-11 11:50:00+10:00,ER02,183.6088,13.6745,0.0744762778254637
2025-10-11 11:50:00+10:00,ER03,,,
2025-10-11 11:50:00+10:00,ER04,,,
2025-10-11 11:55:00+10:00,ER01,182.9007,13.5793,0.07424411169558126
2025-10-11 11:55:00+10:00,ER02,183.4134,13.6673,0.07451636576171643
2025-10-11 11:55:00+10:00,ER03,,,
2025-10-11 11:55:00+10:00,ER04,,,
2025-10-11 12:00:00+10:00,ER01,181.3626,13.5221,0.07455837090998917
2025-10-11 12:00:00+10:00,ER02,183.6088,13.6745,0.0744762778254637
2025-10-11 12:00:00+10:00,ER03,,,
2025-10-11 12:00:00+10:00,ER04,,,
2025-10-11 12:05:00+10:00,ER04,,,
2025-10-11 12:05:00+10:00,ER03,,,
2025-10-11 12:05:00+10:00,ER02,182.4857,13.6328,0.07470612765822197
2025-10-11 12:05:00+10:00,ER01,180.8988,13.5049,0.07465444768013939
2025-10-11 12:10:00+10:00,ER01,182.8519,13.5775,0.07425408212876104
2025-10-11 12:10:00+10:00,ER02,185.391,13.7408,0.07411794531557628
2025-10-11 12:10:00+10:00,ER03,,,
2025-10-11 12:10:00+10:00,ER04,,,
2025-10-11 12:15:00+10:00,ER01,182.2171,13.5539,0.07438324943158464
2025-10-11 12:15:00+10:00,ER02,184.7562,13.7172,0.07424486972561678
2025-10-11 12:15:00+10:00,ER03,,,
2025-10-11 12:15:00+10:00,ER04,,,
2025-10-11 12:20:00+10:00,ER04,,,
2025-10-11 12:20:00+10:00,ER01,181.3626,13.5221,0.07455837090998917
2025-10-11 12:20:00+10:00,ER02,182.3148,13.6265,0.07474160079159783
2025-10-11 12:20:00+10:00,ER03,,,
2025-10-11 12:25:00+10:00,ER03,,,
2025-10-11 12:25:00+10:00,ER04,,,
2025-10-11 12:25:00+10:00,ER01,182.1927,13.553,0.0743882713193229
2025-10-11 12:25:00+10:00,ER02,184.3168,13.7009,0.0743334302678866
2025-10-11 12:30:00+10:00,ER01,181.9486,13.5439,0.0744380555827305
2025-10-11 12:30:00+10:00,ER02,184.7318,13.7163,0.0742498043108983
2025-10-11 12:30:00+10:00,ER03,,,
2025-10-11 12:30:00+10:00,ER04,,,
2025-10-11 12:35:00+10:00,ER01,182.1927,13.553,0.0743882713193229
2025-10-11 12:35:00+10:00,ER02,183.2181,13.6601,0.07455649851188284
2025-10-11 12:35:00+10:00,ER03,,,
2025-10-11 12:35:00+10:00,ER04,,,
2025-10-11 12:40:00+10:00,ER01,184.0726,13.6228,0.07400775563554815
2025-10-11 12:40:00+10:00,ER02,188.101,13.8415,0.07358546738188526
2025-10-11 12:40:00+10:00,ER03,,,
2025-10-11 12:40:00+10:00,ER04,,,
2025-10-11 12:45:00+10:00,ER04,,,
2025-10-11 12:45:00+10:00,ER03,,,
2025-10-11 12:45:00+10:00,ER01,180.6546,13.4958,0.07470498952144036
2025-10-11 12:45:00+10:00,ER02,181.4115,13.5929,0.07492854642621885
2025-10-11 12:50:00+10:00,ER01,183.8041,13.6129,0.07406200405758087
2025-10-11 12:50:00+10:00,ER02,186.7338,13.7907,0.07385218958753048
2025-10-11 12:50:00+10:00,ER03,,,
2025-10-11 12:50:00+10:00,ER04,,,
2025-10-11 12:55:00+10:00,ER01,181.9974,13.5457,0.07442798633387071
2025-10-11 12:55:00+10:00,ER02,186.5385,13.7835,0.07389091259981184
2025-10-11 12:55:00+10:00,ER03,,,
2025-10-11 12:55:00+10:00,ER04,,,
2025-10-11 13:00:00+10:00,ER01,179.971,13.4704,0.07484761433786555
2025-10-11 13:00:00+10:00,ER02,180.5325,13.5603,0.07511279132566158
2025-10-11 13:00:00+10:00,ER03,,,
2025-10-11 13:00:00+10:00,ER04,,,
2025-10-11 13:05:00+10:00,ER04,,,
2025-10-11 13:05:00+10:00,ER03,,,
2025-10-11 13:05:00+10:00,ER02,185.1957,13.7336,0.07415722935251737
2025-10-11 13:05:00+10:00,ER01,182.4613,13.5629,0.07433302294787991
2025-10-11 13:10:00+10:00,ER01,181.0941,13.5121,0.07461369531089086
2025-10-11 13:10:00+10:00,ER02,184.7318,13.7163,0.0742498043108983
2025-10-11 13:10:00+10:00,ER03,,,
2025-10-11 13:10:00+10:00,ER04,,,
2025-10-11 13:15:00+10:00,ER01,181.0941,13.5121,0.07461369531089086
2025-10-11 13:15:00+10:00,ER02,186.0746,13.7662,0.07398215554406673
2025-10-11 13:15:00+10:00,ER03,,,
2025-10-11 13:15:00+10:00,ER04,,,
2025-10-11 13:20:00+10:00,ER04,,,
2025-10-11 13:20:00+10:00,ER01,180.8988,13.5049,0.07465444768013939
2025-10-11 13:20:00+10:00,ER02,183.8529,13.6836,0.07442689236884488
2025-10-11 13:20:00+10:00,ER03,,,
2025-10-11 13:25:00+10:00,ER04,,,
2025-10-11 13:25:00+10:00,ER03,,,
2025-10-11 13:25:00+10:00,ER02,185.1713,13.7326,0.07416160063681575
2025-10-11 13:25:00+10:00,ER01,181.558,13.5294,0.07451833573844172
2025-10-11 13:30:00+10:00,ER01,182.6566,13.5702,0.07429351033578858
2025-10-11 13:30:00+10:00,ER02,185.8305,13.7571,0.0740303663822677
2025-10-11 13:30:00+10:00,ER03,,,
2025-10-11 13:30:00+10:00,ER04,,,
2025-10-11 13:35:00+10:00,ER04,,,
2025-10-11 13:35:00+10:00,ER01,181.9486,13.5439,0.0744380555827305
2025-10-11 13:35:00+10:00,ER02,184.3168,13.7009,0.0743334302678866
2025-10-11 13:35:00+10:00,ER03,,,
2025-10-11 13:40:00+10:00,ER03,,,
2025-10-11 13:40:00+10:00,ER04,,,
2025-10-11 13:40:00+10:00,ER01,181.7533,13.5366,0.0744778774305611
2025-10-11 13:40:00+10:00,ER02,184.4877,13.7073,0.07429926222723791
2025-10-11 13:45:00+10:00,ER03,,,
2025-10-11 13:45:00+10:00,ER04,,,
2025-10-11 13:45:00+10:00,ER01,182.4369,13.5621,0.07433857953078571
2025-10-11 13:45:00+10:00,ER02,184.097,13.6927,0.0743776378756851
2025-10-11 13:50:00+10:00,ER01,180.6546,13.4958,0.07470498952144036
2025-10-11 13:50:00+10:00,ER02,181.6068,13.6001,0.07488761434043219
2025-10-11 13:50:00+10:00,ER03,,,
2025-10-11 13:50:00+10:00,ER04,,,
2025-10-11 13:55:00+10:00,ER01,180.6546,13.4958,0.07470498952144036
2025-10-11 13:55:00+10:00,ER02,182.7543,13.6428,0.07465104788232069
2025-10-11 13:55:00+10:00,ER03,,,
2025-10-11 13:55:00+10:00,ER04,,,
2025-10-11 14:00:00+10:00,ER01,181.0941,13.5121,0.07461369531089086
2025-10-11 14:00:00+10:00,ER02,182.7054,13.641,0.07466117586015521
2025-10-11 14:00:00+10:00,ER03,,,
2025-10-11 14:00:00+10:00,ER04,,,
2025-10-11 14:05:00+10:00,ER04,,,
2025-10-11 14:05:00+10:00,ER03,,,
2025-10-11 14:05:00+10:00,ER01,183.096,13.5866,0.07420478874470224
2025-10-11 14:05:00+10:00,ER02,185.1957,13.7336,0.07415722935251737
2025-10-11 14:10:00+10:00,ER01,181.5335,13.5285,0.07452343506845843
2025-10-11 14:10:00+10:00,ER02,182.974,13.651,0.07460622820728628
2025-10-11 14:10:00+10:00,ER03,,,
2025-10-11 14:10:00+10:00,ER04,,,
2025-10-11 14:15:00+10:00,ER01,182.1927,13.553,0.0743882713193229
2025-10-11 14:15:00+10:00,ER02,185.1713,13.7326,0.07416160063681575
2025-10-11 14:15:00+10:00,ER03,,,
2025-10-11 14:15:00+10:00,ER04,,,
2025-10-11 14:20:00+10:00,ER04,,,
2025-10-11 14:20:00+10:00,ER01,183.975,13.6192,0.07402744938170946
2025-10-11 14:20:00+10:00,ER02,187.1977,13.808,0.0737615900195355
2025-10-11 14:20:00+10:00,ER03,,,
2025-10-11 14:25:00+10:00,ER04,,,
2025-10-11 14:25:00+10:00,ER03,,,
2025-10-11 14:25:00+10:00,ER02,182.5101,13.6338,0.07470161925285232
2025-10-11 14:25:00+10:00,ER01,182.2171,13.5539,0.07438324943158464
2025-10-11 14:30:00+10:00,ER01,182.9007,13.5793,0.07424411169558126
2025-10-11 14:30:00+10:00,ER02,186.7338,13.7907,0.07385218958753048
2025-10-11 14:30:00+10:00,ER03,,,
2025-10-11 14:30:00+10:00,ER04,,,
2025-10-11 14:35:00+10:00,ER01,182.8519,13.5775,0.07425408212876104
2025-10-11 14:35:00+10:00,ER02,183.682,13.6773,0.07446184166113175
2025-10-11 14:35:00+10:00,ER03,,,
2025-10-11 14:35:00+10:00,ER04,,,
2025-10-11 14:40:00+10:00,ER01,195.4253,14.0448,0.07186786971799455
2025-10-11 14:40:00+10:00,ER02,199.1852,14.2534,0.07155852944897512
2025-10-11 14:40:00+10:00,ER03,,,
2025-10-11 14:40:00+10:00,ER04,,,
2025-10-11 14:45:00+10:00,ER04,,,
2025-10-11 14:45:00+10:00,ER03,,,
2025-10-11 14:45:00+10:00,ER02,213.5897,15.8768,0.07433317243294035
2025-10-11 14:45:00+10:00,ER01,212.0516,15.7625,0.07433332264411115
2025-10-11 14:50:00+10:00,ER01,229.7032,16.4185,0.07147701904022234
2025-10-11 14:50:00+10:00,ER02,241.471,16.9131,0.07004195120739136
2025-10-11 14:50:00+10:00,ER03,,,
2025-10-11 14:50:00+10:00,ER04,,,
2025-10-11 14:55:00+10:00,ER01,249.9916,17.1726,0.06869270807499131
2025-10-11 14:55:00+10:00,ER02,260.148,17.6073,0.06768185801928132
2025-10-11 14:55:00+10:00,ER03,,,
2025-10-11 14:55:00+10:00,ER04,,,
2025-10-11 15:00:00+10:00,ER01,267.6677,17.8296,0.06661095081700182
2025-10-11 15:00:00+10:00,ER02,280.7538,18.3731,0.06544203497868951
2025-10-11 15:00:00+10:00,ER03,,,
2025-10-11 15:00:00+10:00,ER04,,,
2025-10-11 15:05:00+10:00,ER03,,,
2025-10-11 15:05:00+10:00,ER04,,,
2025-10-11 15:05:00+10:00,ER02,274.7478,18.1499,0.06606021959047534
2025-10-11 15:05:00+10:00,ER01,267.8141,17.835,0.06659470132453818
2025-10-11 15:10:00+10:00,ER01,284.7333,18.4639,0.06484629651677552
2025-10-11 15:10:00+10:00,ER02,289.1524,18.6853,0.0646209403760785
2025-10-11 15:10:00+10:00,ER03,,,
2025-10-11 15:10:00+10:00,ER04,,,
2025-10-11 15:15:00+10:00,ER01,307.0726,19.2941,0.06283237253991401
2025-10-11 15:15:00+10:00,ER02,309.807,19.4529,0.06279038239936476
2025-10-11 15:15:00+10:00,ER03,,,
2025-10-11 15:15:00+10:00,ER04,,,
2025-10-11 15:20:00+10:00,ER01,325.5299,19.9801,0.06137715767430273
2025-10-11 15:20:00+10:00,ER02,332.4391,20.2941,0.061046068287394596
2025-10-11 15:20:00+10:00,ER03,,,
2025-10-11 15:20:00+10:00,ER04,,,
2025-10-11 15:25:00+10:00,ER04,,,
2025-10-11 15:25:00+10:00,ER03,,,
2025-10-11 15:25:00+10:00,ER01,345.8915,20.7369,0.05995203698269543
2025-10-11 15:25:00+10:00,ER02,350.164,20.9528,0.05983710489941856
2025-10-11 15:30:00+10:00,ER01,352.9473,20.9991,0.05949641773715226
2025-10-11 15:30:00+10:00,ER02,357.4151,21.2224,0.059377457751505186
2025-10-11 15:30:00+10:00,ER03,,,
2025-10-11 15:30:00+10:00,ER04,,,
2025-10-11 15:35:00+10:00,ER01,352.5078,20.9828,0.059524356624165484
2025-10-11 15:35:00+10:00,ER02,356.5118,21.1887,0.05943337639876156
2025-10-11 15:35:00+10:00,ER03,,,
2025-10-11 15:35:00+10:00,ER04,,,
2025-10-11 15:40:00+10:00,ER01,371.722,21.6969,0.058368619559778546
2025-10-11 15:40:00+10:00,ER02,374.9935,21.8757,0.058336211160993454
2025-10-11 15:40:00+10:00,ER03,,,
2025-10-11 15:40:00+10:00,ER04,,,
2025-10-11 15:45:00+10:00,ER03,,,
2025-10-11 15:45:00+10:00,ER04,,,
2025-10-11 15:45:00+10:00,ER02,398.0652,22.7332,0.05710923738121293
2025-10-11 15:45:00+10:00,ER01,389.4469,22.3557,0.057403717939467476
2025-10-11 15:50:00+10:00,ER01,406.0243,22.9719,0.056577648185096314
2025-10-11 15:50:00+10:00,ER02,418.8907,23.5071,0.05611750272803861
2025-10-11 15:50:00+10:00,ER03,,,
2025-10-11 15:50:00+10:00,ER04,,,
2025-10-11 15:55:00+10:00,ER01,422.5528,23.5861,0.05581811314467683
2025-10-11 15:55:00+10:00,ER02,423.7491,23.6878,0.055900531706144035
2025-10-11 15:55:00+10:00,ER03,,,
2025-10-11 15:55:00+10:00,ER04,,,
2025-10-11 16:00:00+10:00,ER04,,,
2025-10-11 16:00:00+10:00,ER03,,,
2025-10-11 16:00:00+10:00,ER02,418.5,23.4927,0.05613548387096774
2025-10-11 16:00:00+10:00,ER01,413.6904,23.2568,0.056217886612790625
2025-10-11 16:05:00+10:00,ER01,419.9649,23.4899,0.055933007734694014
2025-10-11 16:05:00+10:00,ER02,422.0401,23.6243,0.05597643446677224
2025-10-11 16:05:00+10:00,ER03,,,
2025-10-11 16:05:00+10:00,ER04,,,
2025-10-11 16:10:00+10:00,ER01,438.4222,24.176,0.0551431930226161
2025-10-11 16:10:00+10:00,ER02,440.18,24.2984,0.055201054114226
2025-10-11 16:10:00+10:00,ER03,,,
2025-10-11 16:10:00+10:00,ER04,,,
2025-10-11 16:15:00+10:00,ER03,,,
2025-10-11 16:15:00+10:00,ER04,,,
2025-10-11 16:15:00+10:00,ER01,458.0514,24.9055,0.05437271886954172
2025-10-11 16:15:00+10:00,ER02,462.5681,25.1305,0.05432821675338183
2025-10-11 16:20:00+10:00,ER03,,,
2025-10-11 16:20:00+10:00,ER04,,,
2025-10-11 16:20:00+10:00,ER01,478.4375,25.6632,0.05363960809928151
2025-10-11 16:20:00+10:00,ER02,484.7608,25.9553,0.05354248940920966
2025-10-11 16:25:00+10:00,ER04,,,
2025-10-11 16:25:00+10:00,ER03,,,
2025-10-11 16:25:00+10:00,ER02,510.0053,26.8936,0.05273200102038155
2025-10-11 16:25:00+10:00,ER01,500.5569,26.4853,0.05291166698531176
2025-10-11 16:30:00+10:00,ER01,521.6022,27.2675,0.05227642828193592
2025-10-11 16:30:00+10:00,ER02,530.9041,27.6704,0.052119394067591494
2025-10-11 16:30:00+10:00,ER03,,,
2025-10-11 16:30:00+10:00,ER04,,,
2025-10-11 16:35:00+10:00,ER01,544.6006,28.1223,0.051638393347344824
2025-10-11 16:35:00+10:00,ER02,559.9573,28.7501,0.051343379218379684
2025-10-11 16:35:00+10:00,ER03,,,
2025-10-11 16:35:00+10:00,ER04,,,
2025-10-11 16:40:00+10:00,ER03,,,
2025-10-11 16:40:00+10:00,ER04,,,
2025-10-11 16:40:00+10:00,ER01,549.2881,28.2965,0.05151486078070871
2025-10-11 16:40:00+10:00,ER02,550.8751,28.4126,0.05157720869939484
2025-10-11 16:45:00+10:00,ER01,550.7531,28.3509,0.051476605397227905
2025-10-11 16:45:00+10:00,ER02,554.3664,28.5424,0.051486525878913295
2025-10-11 16:45:00+10:00,ER03,,,
2025-10-11 16:45:00+10:00,ER04,,,
2025-10-11 16:50:00+10:00,ER01,552.0958,28.4008,0.05144179687655656
2025-10-11 16:50:00+10:00,ER02,554.8303,28.5596,0.05147447787188263
2025-10-11 16:50:00+10:00,ER03,,,
2025-10-11 16:50:00+10:00,ER04,,,
2025-10-11 16:55:00+10:00,ER04,,,
2025-10-11 16:55:00+10:00,ER01,560.3723,28.7084,0.05123094057290127
2025-10-11 16:55:00+10:00,ER02,563.6683,28.888,0.051249999334715114
2025-10-11 16:55:00+10:00,ER03,,,
2025-10-11 17:00:00+10:00,ER03,,,
2025-10-11 17:00:00+10:00,ER04,,,
2025-10-11 17:00:00+10:00,ER01,580.856,29.4697,0.05073494979822882
2025-10-11 17:00:00+10:00,ER02,588.1071,29.7964,0.05066492140632208
2025-10-11 17:05:00+10:00,ER01,596.3104,30.0441,0.05038332385281223
2025-10-11 17:05:00+10:00,ER02,603.1708,30.3563,0.050327867330447695
2025-10-11 17:05:00+10:00,ER03,,,
2025-10-11 17:05:00+10:00,ER04,,,
2025-10-11 17:10:00+10:00,ER01,620.4318,30.9406,0.049869461881225305
2025-10-11 17:10:00+10:00,ER02,628.928,31.3136,0.0497888470540348
2025-10-11 17:10:00+10:00,ER03,,,
2025-10-11 17:10:00+10:00,ER04,,,
2025-10-11 17:15:00+10:00,ER01,605.1972,30.3744,0.05018926062447084
2025-10-11 17:15:00+10:00,ER02,607.6387,30.5223,0.05023100075752253
2025-10-11 17:15:00+10:00,ER03,,,
2025-10-11 17:15:00+10:00,ER04,,,
2025-10-11 17:20:00+10:00,ER04,,,
2025-10-11 17:20:00+10:00,ER03,,,
2025-10-11 17:20:00+10:00,ER02,622.7024,31.0822,0.04991501558368813
2025-10-11 17:20:00+10:00,ER01,616.8429,30.8073,0.04994351073830955
2025-10-11 17:25:00+10:00,ER01,641.7944,31.7346,0.049446676381096503
2025-10-11 17:25:00+10:00,ER02,644.6265,31.897,0.04948136634159471
2025-10-11 17:25:00+10:00,ER03,,,
2025-10-11 17:25:00+10:00,ER04,,,
2025-10-11 17:30:00+10:00,ER01,648.7526,31.9932,0.049314946868806386
2025-10-11 17:30:00+10:00,ER02,649.9977,32.0967,0.049379713189754364
2025-10-11 17:30:00+10:00,ER03,,,
2025-10-11 17:30:00+10:00,ER04,,,
2025-10-11 17:35:00+10:00,ER04,,,
2025-10-11 17:35:00+10:00,ER01,647.0192,31.9288,0.049347530954259165
2025-10-11 17:35:00+10:00,ER02,648.2155,32.0304,0.049413196691532366
2025-10-11 17:35:00+10:00,ER03,,,
2025-10-11 17:40:00+10:00,ER03,,,
2025-10-11 17:40:00+10:00,ER04,,,
2025-10-11 17:40:00+10:00,ER01,649.6559,32.0268,0.04929809765446601
2025-10-11 17:40:00+10:00,ER02,649.778,32.0885,0.04938378954042766
2025-10-11 17:45:00+10:00,ER01,649.0944,32.0059,0.049308544334999656
2025-10-11 17:45:00+10:00,ER02,650.486,32.1149,0.0493706244254296
2025-10-11 17:45:00+10:00,ER03,,,
2025-10-11 17:45:00+10:00,ER04,,,
2025-10-11 17:50:00+10:00,ER01,648.3131,48.1913,0.07433337379732108
2025-10-11 17:50:00+10:00,ER02,650.2175,48.3328,0.07433328078681364
2025-10-11 17:50:00+10:00,ER03,,,
2025-10-11 17:50:00+10:00,ER04,,,
2025-10-11 17:55:00+10:00,ER01,649.7535,48.2448,0.07425092746710868
2025-10-11 17:55:00+10:00,ER02,649.9977,48.3246,0.07434580153129772
2025-10-11 17:55:00+10:00,ER03,,,
2025-10-11 17:55:00+10:00,ER04,,,
2025-10-11 18:00:00+10:00,ER04,,,
2025-10-11 18:00:00+10:00,ER03,,,
2025-10-11 18:00:00+10:00,ER01,648.6793,48.2049,0.07431237593060239
2025-10-11 18:00:00+10:00,ER02,649.9977,48.3246,0.07434580153129772
2025-10-11 18:05:00+10:00,ER01,650.9743,48.2902,0.07418142313759545
2025-10-11 18:05:00+10:00,ER02,649.0944,48.2911,0.07439765309945673
2025-10-11 18:05:00+10:00,ER03,,,
2025-10-11 18:05:00+10:00,ER04,,,
2025-10-11 18:10:00+10:00,ER01,645.2613,48.0778,0.07450903998116733
2025-10-11 18:10:00+10:00,ER02,648.6549,48.2748,0.07442293274898563
2025-10-11 18:10:00+10:00,ER03,,,
2025-10-11 18:10:00+10:00,ER04,,,
2025-10-11 18:15:00+10:00,ER01,648.5084,48.1985,0.07432209050800268
2025-10-11 18:15:00+10:00,ER02,648.3863,48.2648,0.07443834023019918
2025-10-11 18:15:00+10:00,ER03,,,
2025-10-11 18:15:00+10:00,ER04,,,
2025-10-11 18:20:00+10:00,ER04,,,
2025-10-11 18:20:00+10:00,ER03,,,
2025-10-11 18:20:00+10:00,ER02,647.9469,48.2485,0.07446366361194104
2025-10-11 18:20:00+10:00,ER01,645.4078,48.0833,0.07450064904700564
2025-10-11 18:25:00+10:00,ER01,648.7526,48.2076,0.07430814150108993
2025-10-11 18:25:00+10:00,ER02,650.8522,48.3564,0.07429705238762349
2025-10-11 18:25:00+10:00,ER03,,,
2025-10-11 18:25:00+10:00,ER04,,,
2025-10-11 18:30:00+10:00,ER01,648.1422,48.1849,0.07434309940010078
2025-10-11 18:30:00+10:00,ER02,649.7535,48.3156,0.07435989186668483
2025-10-11 18:30:00+10:00,ER03,,,
2025-10-11 18:30:00+10:00,ER04,,,
2025-10-11 18:35:00+10:00,ER04,,,
2025-10-11 18:35:00+10:00,ER01,644.0406,48.0325,0.07457992555127735
2025-10-11 18:35:00+10:00,ER02,649.1188,48.292,0.0743962430297813
2025-10-11 18:35:00+10:00,ER03,,,
2025-10-11 18:40:00+10:00,ER04,,,
2025-10-11 18:40:00+10:00,ER03,,,
2025-10-11 18:40:00+10:00,ER02,649.9977,48.3246,0.07434580153129772
2025-10-11 18:40:00+10:00,ER01,646.7994,48.135,0.07442029167002938
2025-10-11 18:45:00+10:00,ER01,648.0446,48.1813,0.07434874081197498
2025-10-11 18:45:00+10:00,ER02,648.191,48.2576,0.07444966067100592
2025-10-11 18:45:00+10:00,ER03,,,
2025-10-11 18:45:00+10:00,ER04,,,
2025-10-11 18:50:00+10:00,ER04,,,
2025-10-11 18:50:00+10:00,ER01,647.6539,48.1668,0.0743712035085406
2025-10-11 18:50:00+10:00,ER02,649.2408,48.2965,0.07438919427121647
2025-10-11 18:50:00+10:00,ER03,,,
2025-10-11 18:55:00+10:00,ER03,,,
2025-10-11 18:55:00+10:00,ER04,,,
2025-10-11 18:55:00+10:00,ER01,645.4078,48.0833,0.07450064904700564
2025-10-11 18:55:00+10:00,ER02,650.4128,48.3401,0.07432218431125587
2025-10-11 19:00:00+10:00,ER03,,,
2025-10-11 19:00:00+10:00,ER04,,,
2025-10-11 19:00:00+10:00,ER01,644.0894,48.0343,0.07457706958071349
2025-10-11 19:00:00+10:00,ER02,648.5817,48.272,0.0744270151316326
2025-10-11 19:05:00+10:00,ER01,646.5065,48.1241,0.07443714796370957
2025-10-11 19:05:00+10:00,ER02,650.193,48.3319,0.07433469754365242
2025-10-11 19:05:00+10:00,ER03,,,
2025-10-11 19:05:00+10:00,ER04,,,
2025-10-11 19:10:00+10:00,ER01,646.5797,48.1269,0.07443305133149092
2025-10-11 19:10:00+10:00,ER02,648.8502,48.282,0.07441162844675088
2025-10-11 19:10:00+10:00,ER03,,,
2025-10-11 19:10:00+10:00,ER04,,,
2025-10-11 19:15:00+10:00,ER01,645.6031,48.0906,0.07448941927323459
2025-10-11 19:15:00+10:00,ER02,648.8258,48.2811,0.07441303967875508
2025-10-11 19:15:00+10:00,ER03,,,
2025-10-11 19:15:00+10:00,ER04,,,
2025-10-11 19:20:00+10:00,ER04,,,
2025-10-11 19:20:00+10:00,ER03,,,
2025-10-11 19:20:00+10:00,ER01,647.6051,48.165,0.07437402824653482
2025-10-11 19:20:00+10:00,ER02,650.6569,48.3492,0.0743082875168157
2025-10-11 19:25:00+10:00,ER01,649.0944,48.2203,0.07428857805582671
2025-10-11 19:25:00+10:00,ER02,648.4108,48.2657,0.07443691560967214
2025-10-11 19:25:00+10:00,ER03,,,
2025-10-11 19:25:00+10:00,ER04,,,
2025-10-11 19:30:00+10:00,ER01,648.7282,48.2067,0.07430954905305488
2025-10-11 19:30:00+10:00,ER02,648.6549,48.2748,0.07442293274898563
2025-10-11 19:30:00+10:00,ER03,,,
2025-10-11 19:30:00+10:00,ER04,,,
2025-10-11 19:35:00+10:00,ER04,,,
2025-10-11 19:35:00+10:00,ER01,647.483,48.1604,0.07438094899788876
2025-10-11 19:35:00+10:00,ER02,649.9977,48.3246,0.07434580153129772
2025-10-11 19:35:00+10:00,ER03,,,
2025-10-11 19:40:00+10:00,ER04,,,
2025-10-11 19:40:00+10:00,ER03,,,
2025-10-11 19:40:00+10:00,ER02,649.7291,48.3146,0.07436114528347275
2025-10-11 19:40:00+10:00,ER01,646.3112,48.1169,0.07444850096981145
2025-10-11 19:45:00+10:00,ER01,644.5777,48.0525,0.07454880924363347
2025-10-11 19:45:00+10:00,ER02,649.1188,48.292,0.0743962430297813
2025-10-11 19:45:00+10:00,ER03,,,
2025-10-11 19:45:00+10:00,ER04,,,
2025-10-11 19:50:00+10:00,ER01,646.1158,48.1096,0.07445971759241919
2025-10-11 19:50:00+10:00,ER02,650.364,48.3383,0.07432499338831791
2025-10-11 19:50:00+10:00,ER03,,,
2025-10-11 19:50:00+10:00,ER04,,,
2025-10-11 19:55:00+10:00,ER01,646.067,48.1078,0.07446255574112282
2025-10-11 19:55:00+10:00,ER02,650.0222,48.3256,0.0743445377711715
2025-10-11 19:55:00+10:00,ER03,,,
2025-10-11 19:55:00+10:00,ER04,,,
2025-10-11 20:00:00+10:00,ER04,,,
2025-10-11 20:00:00+10:00,ER03,,,
2025-10-11 20:00:00+10:00,ER02,650.9011,48.3583,0.07429438973140466
2025-10-11 20:00:00+10:00,ER01,647.4586,48.1595,0.07438236205372822
2025-10-11 20:05:00+10:00,ER01,645.8472,48.0996,0.07447520094536293
2025-10-11 20:05:00+10:00,ER02,648.4596,48.2675,0.07443408964876146
2025-10-11 20:05:00+10:00,ER03,,,
2025-10-11 20:05:00+10:00,ER04,,,
2025-10-11 20:10:00+10:00,ER01,644.7974,48.0606,0.07453597052345434
2025-10-11 20:10:00+10:00,ER02,649.5582,48.3083,0.07437101094251447
2025-10-11 20:10:00+10:00,ER03,,,
2025-10-11 20:10:00+10:00,ER04,,,
2025-10-11 20:15:00+10:00,ER01,642.3316,47.969,0.07467949576200206
2025-10-11 20:15:00+10:00,ER02,649.7535,48.3156,0.07435989186668483
2025-10-11 20:15:00+10:00,ER03,,,
2025-10-11 20:15:00+10:00,ER04,,,
2025-10-11 20:20:00+10:00,ER03,,,
2025-10-11 20:20:00+10:00,ER04,,,
2025-10-11 20:20:00+10:00,ER02,648.6549,48.2748,0.07442293274898563
2025-10-11 20:20:00+10:00,ER01,646.0182,48.106,0.07446539431861209
2025-10-11 20:25:00+10:00,ER01,655.9792,48.4762,0.07389898948015425
2025-10-11 20:25:00+10:00,ER02,655.7595,48.5388,0.07401920978651472
2025-10-11 20:25:00+10:00,ER03,,,
2025-10-11 20:25:00+10:00,ER04,,,
2025-10-11 20:30:00+10:00,ER01,655.3933,48.4544,0.07393179027005617
2025-10-11 20:30:00+10:00,ER02,659.4217,48.6749,0.0738145256669594
2025-10-11 20:30:00+10:00,ER03,,,
2025-10-11 20:30:00+10:00,ER04,,,
2025-10-11 20:35:00+10:00,ER01,655.7595,48.4681,0.07391139586997977
2025-10-11 20:35:00+10:00,ER02,659.4217,48.6749,0.0738145256669594
2025-10-11 20:35:00+10:00,ER03,,,
2025-10-11 20:35:00+10:00,ER04,,,
2025-10-11 20:40:00+10:00,ER04,,,
2025-10-11 20:40:00+10:00,ER03,,,
2025-10-11 20:40:00+10:00,ER01,657.6638,48.5388,0.07380488328535036
2025-10-11 20:40:00+10:00,ER02,659.9344,48.694,0.07378612177210342
2025-10-11 20:45:00+10:00,ER01,654.5144,48.4218,0.07398125999977999
2025-10-11 20:45:00+10:00,ER02,659.1043,48.6631,0.07383216889952016
2025-10-11 20:45:00+10:00,ER03,,,
2025-10-11 20:45:00+10:00,ER04,,,
2025-10-11 20:50:00+10:00,ER01,653.611,48.3881,0.07403195478656266
2025-10-11 20:50:00+10:00,ER02,655.906,48.5442,0.07401091009992286
2025-10-11 20:50:00+10:00,ER03,,,
2025-10-11 20:50:00+10:00,ER04,,,
2025-10-11 20:55:00+10:00,ER01,659.1043,48.9935,0.07433345526648817
2025-10-11 20:55:00+10:00,ER02,659.91,49.0533,0.07433331817975179
2025-10-11 20:55:00+10:00,ER03,,,
2025-10-11 20:55:00+10:00,ER04,,,
2025-10-11 21:00:00+10:00,ER04,,,
2025-10-11 21:00:00+10:00,ER03,,,
2025-10-11 21:00:00+10:00,ER02,659.91,49.0533,0.07433331817975179
2025-10-11 21:00:00+10:00,ER01,657.1267,48.92,0.07444530864443645
2025-10-11 21:05:00+10:00,ER01,654.7097,48.8301,0.07458282655656392
2025-10-11 21:05:00+10:00,ER02,658.3963,48.997,0.07441870496538332
2025-10-11 21:05:00+10:00,ER03,,,
2025-10-11 21:05:00+10:00,ER04,,,
2025-10-11 21:10:00+10:00,ER01,658.6649,48.977,0.07435799296425238
2025-10-11 21:10:00+10:00,ER02,659.9344,49.0542,0.07433193359824855
2025-10-11 21:10:00+10:00,ER03,,,
2025-10-11 21:10:00+10:00,ER04,,,
2025-10-11 21:15:00+10:00,ER01,656.0525,48.88,0.0745062323518316
2025-10-11 21:15:00+10:00,ER02,658.8357,49.0133,0.0743938132071471
2025-10-11 21:15:00+10:00,ER03,,,
2025-10-11 21:15:00+10:00,ER04,,,
2025-10-11 21:20:00+10:00,ER04,,,
2025-10-11 21:20:00+10:00,ER03,,,
2025-10-11 21:20:00+10:00,ER02,657.6882,48.9707,0.07445883931017767
2025-10-11 21:20:00+10:00,ER01,654.7097,48.8301,0.07458282655656392
2025-10-11 21:25:00+10:00,ER01,660.4471,49.0433,0.07425772631903449
2025-10-11 21:25:00+10:00,ER02,659.9344,49.0542,0.07433193359824855
2025-10-11 21:25:00+10:00,ER03,,,
2025-10-11 21:25:00+10:00,ER04,,,
2025-10-11 21:30:00+10:00,ER01,652.2682,48.7393,0.07472279041044773
2025-10-11 21:30:00+10:00,ER02,657.7615,48.9735,0.07445479858580961
2025-10-11 21:30:00+10:00,ER03,,,
2025-10-11 21:30:00+10:00,ER04,,,
2025-10-11 21:35:00+10:00,ER01,653.1716,48.773,0.074671035911543
2025-10-11 21:35:00+10:00,ER02,659.91,49.0533,0.07433331817975179
2025-10-11 21:35:00+10:00,ER03,,,
2025-10-11 21:35:00+10:00,ER04,,,
2025-10-11 21:40:00+10:00,ER04,,,
2025-10-11 21:40:00+10:00,ER02,658.9578,49.0179,0.07438700930469296
2025-10-11 21:40:00+10:00,ER01,655.7839,48.87,0.07452150014661842
2025-10-11 21:40:00+10:00,ER03,,,
2025-10-11 21:45:00+10:00,ER01,654.2703,48.8137,0.07460784938579666
2025-10-11 21:45:00+10:00,ER02,657.8591,48.977,0.07444907275737311
2025-10-11 21:45:00+10:00,ER03,,,
2025-10-11 21:45:00+10:00,ER04,,,
2025-10-11 21:50:00+10:00,ER01,653.7819,48.7956,0.07463589921960213
2025-10-11 21:50:00+10:00,ER02,667.8935,49.35,0.073889025720418
2025-10-11 21:50:00+10:00,ER03,,,
2025-10-11 21:50:00+10:00,ER04,,,
2025-10-11 21:55:00+10:00,ER01,660.6424,49.0505,0.07424667263257702
2025-10-11 21:55:00+10:00,ER02,669.9687,49.4271,0.0737752375596054
2025-10-11 21:55:00+10:00,ER03,,,
2025-10-11 21:55:00+10:00,ER04,,,
2025-10-11 22:00:00+10:00,ER04,,,
2025-10-11 22:00:00+10:00,ER03,,,
2025-10-11 22:00:00+10:00,ER02,668.8456,49.3854,0.07383677189473924
2025-10-11 22:00:00+10:00,ER01,652.0729,48.7321,0.0747341286534067
2025-10-11 22:05:00+10:00,ER01,656.4919,48.8963,0.0744811931419108
2025-10-11 22:05:00+10:00,ER02,670.3838,49.4426,0.07375267719774851
2025-10-11 22:05:00+10:00,ER03,,,
2025-10-11 22:05:00+10:00,ER04,,,
2025-10-11 22:10:00+10:00,ER01,654.0017,48.8038,0.0746233534255339
2025-10-11 22:10:00+10:00,ER02,668.7724,49.3827,0.07384081639732741
2025-10-11 22:10:00+10:00,ER03,,,
2025-10-11 22:10:00+10:00,ER04,,,
2025-10-11 22:15:00+10:00,ER01,656.9314,48.9126,0.07445617609388133
2025-10-11 22:15:00+10:00,ER02,669.6757,49.4163,0.0737913888767354
2025-10-11 22:15:00+10:00,ER03,,,
2025-10-11 22:15:00+10:00,ER04,,,
2025-10-11 22:20:00+10:00,ER04,,,
2025-10-11 22:20:00+10:00,ER03,,,
2025-10-11 22:20:00+10:00,ER01,655.3201,48.8528,0.07454799570469454
2025-10-11 22:20:00+10:00,ER02,669.6513,49.4154,0.0737927336212145
2025-10-11 22:25:00+10:00,ER01,657.7615,48.9435,0.07440918934902697
2025-10-11 22:25:00+10:00,ER02,670.5547,49.4489,0.07374327552994558
2025-10-11 22:25:00+10:00,ER03,,,
2025-10-11 22:25:00+10:00,ER04,,,
2025-10-11 22:30:00+10:00,ER01,653.7819,48.7956,0.07463589921960213
2025-10-11 22:30:00+10:00,ER02,668.1376,49.3591,0.07387565076415396
2025-10-11 22:30:00+10:00,ER03,,,
2025-10-11 22:30:00+10:00,ER04,,,
2025-10-11 22:35:00+10:00,ER03,,,
2025-10-11 22:35:00+10:00,ER04,,,
2025-10-11 22:35:00+10:00,ER01,655.3933,48.8555,0.07454378920260553
2025-10-11 22:35:00+10:00,ER02,669.4804,49.409,0.07380201123139676
2025-10-11 22:40:00+10:00,ER01,652.6345,48.753,0.07470184306836368
2025-10-11 22:40:00+10:00,ER02,666.9902,49.3165,0.07393886746761796
2025-10-11 22:40:00+10:00,ER03,,,
2025-10-11 22:40:00+10:00,ER04,,,
2025-10-11 22:45:00+10:00,ER01,656.8582,48.91,0.0744605152223113
2025-10-11 22:45:00+10:00,ER02,670.335,49.4408,0.07375536112540744
2025-10-11 22:45:00+10:00,ER03,,,
2025-10-11 22:45:00+10:00,ER04,,,
2025-10-11 22:50:00+10:00,ER04,,,
2025-10-11 22:50:00+10:00,ER01,655.7839,48.87,0.07452150014661842
2025-10-11 22:50:00+10:00,ER02,669.2119,49.399,0.07381667899210997
2025-10-11 22:50:00+10:00,ER03,,,
2025-10-11 22:55:00+10:00,ER03,,,
2025-10-11 22:55:00+10:00,ER04,,,
2025-10-11 22:55:00+10:00,ER01,658.909,48.9861,0.07434425694595156
2025-10-11 22:55:00+10:00,ER02,669.0409,49.3927,0.07382612931436629
2025-10-11 23:00:00+10:00,ER04,,,
2025-10-11 23:00:00+10:00,ER03,,,
2025-10-11 23:00:00+10:00,ER01,656.0281,48.8791,0.07450763160907284
2025-10-11 23:00:00+10:00,ER02,669.2119,49.399,0.07381667899210997
2025-10-11 23:05:00+10:00,ER01,655.5886,48.8628,0.07453271762199647
2025-10-11 23:05:00+10:00,ER02,669.0409,49.3927,0.07382612931436629
2025-10-11 23:05:00+10:00,ER03,,,
2025-10-11 23:05:00+10:00,ER04,,,
2025-10-11 23:10:00+10:00,ER01,659.1043,48.9935,0.07433345526648817
2025-10-11 23:10:00+10:00,ER02,670.3838,49.4426,0.07375267719774851
2025-10-11 23:10:00+10:00,ER03,,,
2025-10-11 23:10:00+10:00,ER04,,,
2025-10-11 23:15:00+10:00,ER04,,,
2025-10-11 23:15:00+10:00,ER01,658.6649,48.977,0.07435799296425238
2025-10-11 23:15:00+10:00,ER02,669.7001,49.4172,0.07379004423024575
2025-10-11 23:15:00+10:00,ER03,,,
2025-10-11 23:20:00+10:00,ER04,,,
2025-10-11 23:20:00+10:00,ER03,,,
2025-10-11 23:20:00+10:00,ER01,656.614,48.9009,0.07447434870410927
2025-10-11 23:20:00+10:00,ER02,668.1132,49.3582,0.07387700168175093
2025-10-11 23:25:00+10:00,ER01,656.9314,48.9126,0.07445617609388133
2025-10-11 23:25:00+10:00,ER02,668.8701,49.3863,0.0738354128851028
2025-10-11 23:25:00+10:00,ER03,,,
2025-10-11 23:25:00+10:00,ER04,,,
2025-10-11 23:30:00+10:00,ER03,,,
2025-10-11 23:30:00+10:00,ER01,659.9344,49.0242,0.07428647453443858
2025-10-11 23:30:00+10:00,ER02,670.75,49.4562,0.07373268729034663
2025-10-11 23:30:00+10:00,ER04,,,
2025-10-11 23:35:00+10:00,ER04,,,
2025-10-11 23:35:00+10:00,ER03,,,
2025-10-11 23:35:00+10:00,ER02,669.2851,49.4017,0.07381263978534708
2025-10-11 23:35:00+10:00,ER01,654.905,48.8374,0.07457173177789146
2025-10-11 23:40:00+10:00,ER01,657.1267,48.92,0.07444530864443645
2025-10-11 23:40:00+10:00,ER02,668.7968,49.3836,0.07383946813142647
2025-10-11 23:40:00+10:00,ER03,,,
2025-10-11 23:40:00+10:00,ER04,,,
2025-10-11 23:45:00+10:00,ER01,656.6628,48.9027,0.07447155526398025
2025-10-11 23:45:00+10:00,ER02,669.4072,49.4063,0.07380604809748088
2025-10-11 23:45:00+10:00,ER03,,,
2025-10-11 23:45:00+10:00,ER04,,,
2025-10-11 23:50:00+10:00,ER03,,,
2025-10-11 23:50:00+10:00,ER04,,,
2025-10-11 23:50:00+10:00,ER01,659.5438,49.0098,0.07430863575701871
2025-10-11 23:50:00+10:00,ER02,669.2363,49.3999,0.07381533249167746
2025-10-11 23:55:00+10:00,ER01,655.5886,48.8628,0.07453271762199647
2025-10-11 23:55:00+10:00,ER02,668.3329,49.3664,0.07386498554836968
2025-10-11 23:55:00+10:00,ER03,,,
2025-10-11 23:55:00+10:00,ER04,,,
2025-10-12 00:00:00+10:00,ER01,657.1267,48.8465,0.07433345806828424
2025-10-12 00:00:00+10:00,ER02,669.0654,49.7338,0.07433324156353027
2025-10-12 00:00:00+10:00,ER03,,,
2025-10-12 00:00:00+10:00,ER04,,,
2025-10-12 00:05:00+10:00,ER04,,,
2025-10-12 00:05:00+10:00,ER01,654.7097,48.7566,0.07447056306023876
2025-10-12 00:05:00+10:00,ER02,668.4062,49.7094,0.07437004623835028
2025-10-12 00:05:00+10:00,ER03,,,
2025-10-12 00:10:00+10:00,ER02,669.9199,49.7657,0.07428604524212522
2025-10-12 00:10:00+10:00,ER03,,,
2025-10-12 00:10:00+10:00,ER01,658.909,48.9126,0.07423270891731634
2025-10-12 00:10:00+10:00,ER04,,,
2025-10-12 00:15:00+10:00,ER04,,,
2025-10-12 00:15:00+10:00,ER03,,,
2025-10-12 00:15:00+10:00,ER02,668.9677,49.7302,0.07433871620408579
2025-10-12 00:15:00+10:00,ER01,654.6853,48.7556,0.0744718111129118
2025-10-12 00:20:00+10:00,ER01,655.3933,48.782,0.07443164280135302
2025-10-12 00:20:00+10:00,ER02,666.9902,49.6567,0.07444891993915354
2025-10-12 00:20:00+10:00,ER03,,,
2025-10-12 00:20:00+10:00,ER04,,,
2025-10-12 00:25:00+10:00,ER01,638.5474,48.1559,0.07541476169192765
2025-10-12 00:25:00+10:00,ER02,651.7067,49.0887,0.07532330111076042
2025-10-12 00:25:00+10:00,ER03,,,
2025-10-12 00:25:00+10:00,ER04,,,
2025-10-12 00:30:00+10:00,ER03,,,
2025-10-12 00:30:00+10:00,ER04,,,
2025-10-12 00:30:00+10:00,ER01,646.5065,48.4517,0.07494387140732538
2025-10-12 00:30:00+10:00,ER02,658.1522,49.3282,0.07494953294997724
2025-10-12 00:35:00+10:00,ER01,640.5493,48.2303,0.07529521927508155
2025-10-12 00:35:00+10:00,ER02,650.8522,49.057,0.07537348725255903
2025-10-12 00:35:00+10:00,ER03,,,
2025-10-12 00:35:00+10:00,ER04,,,
2025-10-12 00:40:00+10:00,ER01,646.4821,48.4508,0.07494530784379026
2025-10-12 00:40:00+10:00,ER02,658.5916,49.3445,0.07492427780736954
2025-10-12 00:40:00+10:00,ER03,,,
2025-10-12 00:40:00+10:00,ER04,,,
2025-10-12 00:45:00+10:00,ER04,,,
2025-10-12 00:45:00+10:00,ER01,658.0301,48.88,0.07428231626486388
2025-10-12 00:45:00+10:00,ER02,660.2274,49.4054,0.07483088402571599
2025-10-12 00:45:00+10:00,ER03,,,
2025-10-12 00:50:00+10:00,ER03,,,
2025-10-12 00:50:00+10:00,ER04,,,
2025-10-12 00:50:00+10:00,ER01,658.0057,48.8791,0.07428370301351493
2025-10-12 00:50:00+10:00,ER02,668.2597,49.7039,0.07437811976391813
2025-10-12 00:55:00+10:00,ER01,650.364,48.5951,0.07471984919214471
2025-10-12 00:55:00+10:00,ER02,664.1581,49.5515,0.07460798867016753
2025-10-12 00:55:00+10:00,ER03,,,
2025-10-12 00:55:00+10:00,ER04,,,
2025-10-12 01:00:00+10:00,ER01,655.5886,48.7893,0.0744206046291836
2025-10-12 01:00:00+10:00,ER02,666.5996,49.6422,0.07447079176165122
2025-10-12 01:00:00+10:00,ER03,,,
2025-10-12 01:00:00+10:00,ER04,,,
2025-10-12 01:05:00+10:00,ER01,645.4078,48.4109,0.07500823510344932
2025-10-12 01:05:00+10:00,ER02,661.033,49.4354,0.07478507124455208
2025-10-12 01:05:00+10:00,ER03,,,
2025-10-12 01:05:00+10:00,ER04,,,
2025-10-12 01:10:00+10:00,ER04,,,
2025-10-12 01:10:00+10:00,ER03,,,
2025-10-12 01:10:00+10:00,ER02,668.5283,49.7139,0.07436319449752539
2025-10-12 01:10:00+10:00,ER01,653.8063,48.723,0.07452207175122051
2025-10-12 01:15:00+10:00,ER01,655.613,48.7902,0.07441920767281918
2025-10-12 01:15:00+10:00,ER02,668.7724,49.7229,0.07434950963885473
2025-10-12 01:15:00+10:00,ER03,,,
2025-10-12 01:15:00+10:00,ER04,,,
2025-10-12 01:20:00+10:00,ER01,659.5438,48.9363,0.07419719509151629
2025-10-12 01:20:00+10:00,ER02,670.5791,49.7901,0.07424940622217424
2025-10-12 01:20:00+10:00,ER03,,,
2025-10-12 01:20:00+10:00,ER04,,,
2025-10-12 01:25:00+10:00,ER04,,,
2025-10-12 01:25:00+10:00,ER01,656.5164,48.8237,0.07436782995824628
2025-10-12 01:25:00+10:00,ER02,669.871,49.7638,0.0742886316917735
2025-10-12 01:25:00+10:00,ER03,,,
2025-10-12 01:30:00+10:00,ER03,,,
2025-10-12 01:30:00+10:00,ER04,,,
2025-10-12 01:30:00+10:00,ER01,658.0301,48.88,0.07428231626486388
2025-10-12 01:30:00+10:00,ER02,669.7001,49.7575,0.07429818212659667
2025-10-12 01:35:00+10:00,ER01,654.2459,48.7393,0.07449691316368967
2025-10-12 01:35:00+10:00,ER02,667.4052,49.6722,0.07442585104221543
2025-10-12 01:35:00+10:00,ER03,,,
2025-10-12 01:35:00+10:00,ER04,,,
2025-10-12 01:40:00+10:00,ER01,656.7117,48.831,0.07435682964076931
2025-10-12 01:40:00+10:00,ER02,668.5771,49.7157,0.07436045895080762
2025-10-12 01:40:00+10:00,ER03,,,
2025-10-12 01:40:00+10:00,ER04,,,
2025-10-12 01:45:00+10:00,ER01,649.8512,48.576,0.07474941955943146
2025-10-12 01:45:00+10:00,ER02,661.2283,49.4426,0.07477387159623991
2025-10-12 01:45:00+10:00,ER03,,,
2025-10-12 01:45:00+10:00,ER04,,,
2025-10-12 01:50:00+10:00,ER04,,,
2025-10-12 01:50:00+10:00,ER03,,,
2025-10-12 01:50:00+10:00,ER01,656.0281,48.8056,0.07439559372532975
2025-10-12 01:50:00+10:00,ER02,665.6473,49.6068,0.07452415115332099
2025-10-12 01:55:00+10:00,ER01,644.065,48.3609,0.07508698656191533
2025-10-12 01:55:00+10:00,ER02,659.6658,49.3845,0.07486290785424984
2025-10-12 01:55:00+10:00,ER03,,,
2025-10-12 01:55:00+10:00,ER04,,,
2025-10-12 02:00:00+10:00,ER01,633.0053,47.9499,0.07574960272844476
2025-10-12 02:00:00+10:00,ER02,648.9235,48.9853,0.07548701811538648
2025-10-12 02:00:00+10:00,ER03,,,
2025-10-12 02:00:00+10:00,ER04,,,
2025-10-12 02:05:00+10:00,ER01,627.2679,47.7366,0.07610241174464691
2025-10-12 02:05:00+10:00,ER02,640.7202,48.6804,0.07597762642726108
2025-10-12 02:05:00+10:00,ER03,,,
2025-10-12 02:05:00+10:00,ER04,,,
2025-10-12 02:10:00+10:00,ER04,,,
2025-10-12 02:10:00+10:00,ER03,,,
2025-10-12 02:10:00+10:00,ER02,657.0779,49.2884,0.07501150168039437
2025-10-12 02:10:00+10:00,ER01,643.4058,48.3365,0.07512599357979055
2025-10-12 02:15:00+10:00,ER01,658.0301,48.88,0.07428231626486388
2025-10-12 02:15:00+10:00,ER02,670.1396,49.7738,0.07427377817994937
2025-10-12 02:15:00+10:00,ER03,,,
2025-10-12 02:15:00+10:00,ER04,,,
2025-10-12 02:20:00+10:00,ER01,656.4919,48.8228,0.07436923441096532
2025-10-12 02:20:00+10:00,ER02,670.3106,49.7801,0.07426422914988962
2025-10-12 02:20:00+10:00,ER03,,,
2025-10-12 02:20:00+10:00,ER04,,,
2025-10-12 02:25:00+10:00,ER04,,,
2025-10-12 02:25:00+10:00,ER01,658.2498,48.8882,0.07426998078844839
2025-10-12 02:25:00+10:00,ER02,670.5791,49.7901,0.07424940622217424
2025-10-12 02:25:00+10:00,ER03,,,
2025-10-12 02:30:00+10:00,ER04,,,
2025-10-12 02:30:00+10:00,ER03,,,
2025-10-12 02:30:00+10:00,ER02,669.4316,49.7475,0.07431304408097855
2025-10-12 02:30:00+10:00,ER01,658.0301,48.88,0.07428231626486388
2025-10-12 02:35:00+10:00,ER01,656.8582,48.8365,0.07434861892566767
2025-10-12 02:35:00+10:00,ER02,665.452,49.5996,0.07453520314012131
2025-10-12 02:35:00+10:00,ER03,,,
2025-10-12 02:35:00+10:00,ER04,,,
2025-10-12 02:40:00+10:00,ER04,,,
2025-10-12 02:40:00+10:00,ER01,659.9588,48.9517,0.07417387267205165
2025-10-12 02:40:00+10:00,ER02,669.871,49.7638,0.0742886316917735
2025-10-12 02:40:00+10:00,ER03,,,
2025-10-12 02:45:00+10:00,ER03,,,
2025-10-12 02:45:00+10:00,ER04,,,
2025-10-12 02:45:00+10:00,ER01,656.6628,48.8292,0.07435962567089228
2025-10-12 02:45:00+10:00,ER02,670.335,49.781,0.07426286856571714
2025-10-12 02:50:00+10:00,ER02,668.7968,49.7239,0.07434829233632698
2025-10-12 02:50:00+10:00,ER03,,,
2025-10-12 02:50:00+10:00,ER01,656.2234,48.8128,0.07438442457248554
2025-10-12 02:50:00+10:00,ER04,,,
2025-10-12 02:55:00+10:00,ER04,,,
2025-10-12 02:55:00+10:00,ER03,,,
2025-10-12 02:55:00+10:00,ER02,658.201,49.3301,0.07494686273645892
2025-10-12 02:55:00+10:00,ER01,643.6255,48.3446,0.07511293446266501
2025-10-12 03:00:00+10:00,ER01,654.905,48.7639,0.07445950175979722
2025-10-12 03:00:00+10:00,ER02,664.8173,49.5759,0.07457071288608162
2025-10-12 03:00:00+10:00,ER03,,,
2025-10-12 03:00:00+10:00,ER04,,,
2025-10-12 03:05:00+10:00,ER01,657.5662,48.8791,0.07433335229213424
2025-10-12 03:05:00+10:00,ER02,662.5712,49.2512,0.07433344522067968
2025-10-12 03:05:00+10:00,ER03,,,
2025-10-12 03:05:00+10:00,ER04,,,
2025-10-12 03:10:00+10:00,ER03,,,
2025-10-12 03:10:00+10:00,ER04,,,
2025-10-12 03:10:00+10:00,ER01,657.5906,48.88,0.07433196277440705
2025-10-12 03:10:00+10:00,ER02,669.9443,49.5252,0.07392435460679343
2025-10-12 03:15:00+10:00,ER01,657.5662,48.8791,0.07433335229213424
2025-10-12 03:15:00+10:00,ER02,668.7968,49.4825,0.0739873456332327
2025-10-12 03:15:00+10:00,ER03,,,
2025-10-12 03:15:00+10:00,ER04,,,
2025-10-12 03:20:00+10:00,ER01,648.0446,48.5252,0.07487941416377823
2025-10-12 03:20:00+10:00,ER02,657.0535,49.0461,0.07464551973317242
2025-10-12 03:20:00+10:00,ER03,,,
2025-10-12 03:20:00+10:00,ER04,,,
2025-10-12 03:25:00+10:00,ER04,,,
2025-10-12 03:25:00+10:00,ER01,633.4935,47.9844,0.07574568641982908
2025-10-12 03:25:00+10:00,ER02,647.7516,48.7003,0.07518360433227798
2025-10-12 03:25:00+10:00,ER03,,,
2025-10-12 03:30:00+10:00,ER03,,,
2025-10-12 03:30:00+10:00,ER04,,,
2025-10-12 03:30:00+10:00,ER01,645.2125,48.4199,0.07504488831199023
2025-10-12 03:30:00+10:00,ER02,654.8318,48.9635,0.07477263627087138
2025-10-12 03:35:00+10:00,ER01,656.0525,48.8228,0.07441904420759009
2025-10-12 03:35:00+10:00,ER02,669.2851,49.5006,0.07396040939802782
2025-10-12 03:35:00+10:00,ER03,,,
2025-10-12 03:35:00+10:00,ER04,,,
2025-10-12 03:40:00+10:00,ER01,657.322,48.87,0.07434712363194902
2025-10-12 03:40:00+10:00,ER02,669.6513,49.5143,0.07394042242582072
2025-10-12 03:40:00+10:00,ER03,,,
2025-10-12 03:40:00+10:00,ER04,,,
2025-10-12 03:45:00+10:00,ER01,657.7859,48.8872,0.0743208390450449
2025-10-12 03:45:00+10:00,ER02,669.4072,49.5052,0.07395379075695631
2025-10-12 03:45:00+10:00,ER03,,,
2025-10-12 03:45:00+10:00,ER04,,,
2025-10-12 03:50:00+10:00,ER04,,,
2025-10-12 03:50:00+10:00,ER03,,,
2025-10-12 03:50:00+10:00,ER02,670.1152,49.5315,0.07391490298981429
2025-10-12 03:50:00+10:00,ER01,659.9588,48.968,0.0741985711835345
2025-10-12 03:55:00+10:00,ER01,659.324,48.9444,0.07423421565118213
2025-10-12 03:55:00+10:00,ER02,670.9941,49.5642,0.07386681939528231
2025-10-12 03:55:00+10:00,ER03,,,
2025-10-12 03:55:00+10:00,ER04,,,
2025-10-12 04:00:00+10:00,ER01,653.1716,48.7158,0.07458346321242382
2025-10-12 04:00:00+10:00,ER02,668.4062,49.468,0.07400888860695787
2025-10-12 04:00:00+10:00,ER03,,,
2025-10-12 04:00:00+10:00,ER04,,,
2025-10-12 04:05:00+10:00,ER04,,,
2025-10-12 04:05:00+10:00,ER01,657.3464,48.8709,0.07434573308684736
2025-10-12 04:05:00+10:00,ER02,668.8456,49.4843,0.0739846386071763
2025-10-12 04:05:00+10:00,ER03,,,
2025-10-12 04:10:00+10:00,ER03,,,
2025-10-12 04:10:00+10:00,ER04,,,
2025-10-12 04:10:00+10:00,ER01,658.6649,48.92,0.07427145427060103
2025-10-12 04:10:00+10:00,ER02,669.7001,49.5161,0.07393772227299951
2025-10-12 04:15:00+10:00,ER01,659.5438,48.9526,0.0742219091438658
2025-10-12 04:15:00+10:00,ER02,670.1396,49.5324,0.07391355472799996
2025-10-12 04:15:00+10:00,ER03,,,
2025-10-12 04:15:00+10:00,ER04,,,
2025-10-12 04:20:00+10:00,ER01,656.4919,48.8391,0.07439406335401853
2025-10-12 04:20:00+10:00,ER02,669.6513,49.5143,0.07394042242582072
2025-10-12 04:20:00+10:00,ER03,,,
2025-10-12 04:20:00+10:00,ER04,,,
2025-10-12 04:25:00+10:00,ER01,657.3464,48.8709,0.07434573308684736
2025-10-12 04:25:00+10:00,ER02,670.335,49.5397,0.07390289929662035
2025-10-12 04:25:00+10:00,ER03,,,
2025-10-12 04:25:00+10:00,ER04,,,
2025-10-12 04:30:00+10:00,ER04,,,
2025-10-12 04:30:00+10:00,ER03,,,
2025-10-12 04:30:00+10:00,ER01,659.2996,48.9435,0.07423559789813311
2025-10-12 04:30:00+10:00,ER02,668.7724,49.4816,0.07398869929440868
2025-10-12 04:35:00+10:00,ER01,653.4157,48.7248,0.07456937444264042
2025-10-12 04:35:00+10:00,ER02,667.039,49.4172,0.07408442384928018
2025-10-12 04:35:00+10:00,ER03,,,
2025-10-12 04:35:00+10:00,ER04,,,
2025-10-12 04:40:00+10:00,ER01,659.1287,48.9372,0.07424528775639719
2025-10-12 04:40:00+10:00,ER02,669.6757,49.5152,0.07393907230021934
2025-10-12 04:40:00+10:00,ER03,,,
2025-10-12 04:40:00+10:00,ER04,,,
2025-10-12 04:45:00+10:00,ER01,658.4695,48.9126,0.07428225604982462
2025-10-12 04:45:00+10:00,ER02,669.163,49.4961,0.0739671798948836
2025-10-12 04:45:00+10:00,ER03,,,
2025-10-12 04:45:00+10:00,ER04,,,
2025-10-12 04:50:00+10:00,ER04,,,
2025-10-12 04:50:00+10:00,ER03,,,
2025-10-12 04:50:00+10:00,ER02,669.4316,49.5061,0.07395243965178817
2025-10-12 04:50:00+10:00,ER01,656.6628,48.8455,0.07438444815208049
2025-10-12 04:55:00+10:00,ER01,658.6649,48.92,0.07427145427060103
2025-10-12 04:55:00+10:00,ER02,668.7724,49.4816,0.07398869929440868
2025-10-12 04:55:00+10:00,ER03,,,
2025-10-12 04:55:00+10:00,ER04,,,
2025-10-12 05:00:00+10:00,ER01,656.6628,48.8455,0.07438444815208049
2025-10-12 05:00:00+10:00,ER02,669.2119,49.498,0.07396461419768537
2025-10-12 05:00:00+10:00,ER03,,,
2025-10-12 05:00:00+10:00,ER04,,,
2025-10-12 05:05:00+10:00,ER04,,,
2025-10-12 05:05:00+10:00,ER01,660.6668,48.9943,0.07415886495280223
2025-10-12 05:05:00+10:00,ER02,669.6757,49.5152,0.07393907230021934
2025-10-12 05:05:00+10:00,ER03,,,
2025-10-12 05:10:00+10:00,ER04,,,
2025-10-12 05:10:00+10:00,ER03,,,
2025-10-12 05:10:00+10:00,ER02,668.9677,49.4889,0.07397801119545831
2025-10-12 05:10:00+10:00,ER01,657.0779,48.8609,0.07436089389096788
2025-10-12 05:15:00+10:00,ER01,659.5438,48.9526,0.0742219091438658
2025-10-12 05:15:00+10:00,ER02,670.8232,49.5578,0.07387609730850095
2025-10-12 05:15:00+10:00,ER03,,,
2025-10-12 05:15:00+10:00,ER04,,,
2025-10-12 05:20:00+10:00,ER04,,,
2025-10-12 05:20:00+10:00,ER01,652.2438,48.6813,0.07463666193530702
2025-10-12 05:20:00+10:00,ER02,668.7724,49.4816,0.07398869929440868
2025-10-12 05:20:00+10:00,ER03,,,
2025-10-12 05:25:00+10:00,ER03,,,
2025-10-12 05:25:00+10:00,ER04,,,
2025-10-12 05:25:00+10:00,ER01,651.3893,48.6495,0.07468575243713706
2025-10-12 05:25:00+10:00,ER02,663.9139,49.301,0.07425812292828934
2025-10-12 05:30:00+10:00,ER03,,,
2025-10-12 05:30:00+10:00,ER04,,,
2025-10-12 05:30:00+10:00,ER01,661.3016,49.1568,0.0743334055142162
2025-10-12 05:30:00+10:00,ER02,670.3106,49.8264,0.07433330160674767
2025-10-12 05:35:00+10:00,ER01,657.8347,49.0279,0.07452920923751818
2025-10-12 05:35:00+10:00,ER02,669.2119,49.7856,0.07439437344135692
2025-10-12 05:35:00+10:00,ER03,,,
2025-10-12 05:35:00+10:00,ER04,,,
2025-10-12 05:40:00+10:00,ER01,658.0545,48.9072,0.07432089591363635
2025-10-12 05:40:00+10:00,ER02,668.8945,49.7329,0.07435088792029236
2025-10-12 05:40:00+10:00,ER03,,,
2025-10-12 05:40:00+10:00,ER04,,,
2025-10-12 05:45:00+10:00,ER01,657.5906,49.0188,0.07454303635118872
2025-10-12 05:45:00+10:00,ER02,669.4316,49.7938,0.07438220723371887
2025-10-12 05:45:00+10:00,ER03,,,
2025-10-12 05:45:00+10:00,ER04,,,
2025-10-12 05:50:00+10:00,ER04,,,
2025-10-12 05:50:00+10:00,ER03,,,
2025-10-12 05:50:00+10:00,ER01,657.3464,49.0098,0.07455703720291158
2025-10-12 05:50:00+10:00,ER02,668.3085,49.752,0.07444466141011225
2025-10-12 05:55:00+10:00,ER01,658.0057,49.0342,0.07451941525734503
2025-10-12 05:55:00+10:00,ER02,668.1132,49.7448,0.07445564613900758
2025-10-12 05:55:00+10:00,ER03,,,
2025-10-12 05:55:00+10:00,ER04,,,
2025-10-12 06:00:00+10:00,ER01,656.2966,48.9707,0.07461672054982457
2025-10-12 06:00:00+10:00,ER02,668.5283,49.7602,0.07443245110192044
2025-10-12 06:00:00+10:00,ER03,,,
2025-10-12 06:00:00+10:00,ER04,,,
2025-10-12 06:05:00+10:00,ER04,,,
2025-10-12 06:05:00+10:00,ER01,646.5553,48.6086,0.07518088553291576
2025-10-12 06:05:00+10:00,ER02,660.2029,49.4508,0.07490242772335595
2025-10-12 06:05:00+10:00,ER03,,,
2025-10-12 06:10:00+10:00,ER04,,,
2025-10-12 06:10:00+10:00,ER03,,,
2025-10-12 06:10:00+10:00,ER02,667.0634,49.7057,0.07451420659565493
2025-10-12 06:10:00+10:00,ER01,655.3445,48.9354,0.07467126068808085
2025-10-12 06:15:00+10:00,ER01,659.5682,49.0923,0.07443096862462441
2025-10-12 06:15:00+10:00,ER02,668.6015,49.7629,0.07442834034922148
2025-10-12 06:15:00+10:00,ER03,,,
2025-10-12 06:15:00+10:00,ER04,,,
2025-10-12 06:20:00+10:00,ER01,642.063,48.4418,0.07544711344525382
2025-10-12 06:20:00+10:00,ER02,653.7087,49.2094,0.07527726034547193
2025-10-12 06:20:00+10:00,ER03,,,
2025-10-12 06:20:00+10:00,ER04,,,
2025-10-12 06:25:00+10:00,ER01,617.7462,47.538,0.07695393350861567
2025-10-12 06:25:00+10:00,ER02,632.1752,48.409,0.07657529115346505
2025-10-12 06:25:00+10:00,ER03,,,
2025-10-12 06:25:00+10:00,ER04,,,
2025-10-12 06:30:00+10:00,ER04,,,
2025-10-12 06:30:00+10:00,ER03,,,
2025-10-12 06:30:00+10:00,ER02,615.1339,47.7757,0.07766715506981488
2025-10-12 06:30:00+10:00,ER01,595.6512,46.7167,0.07842962458566356
2025-10-12 06:35:00+10:00,ER01,574.1909,45.9192,0.0799720093090991
2025-10-12 06:35:00+10:00,ER02,598.0927,47.1423,0.07882105900974881
2025-10-12 06:35:00+10:00,ER03,,,
2025-10-12 06:35:00+10:00,ER04,,,
2025-10-12 06:40:00+10:00,ER01,547.6768,44.9337,0.08204419102653245
2025-10-12 06:40:00+10:00,ER02,577.023,46.3592,0.08034203142682354
2025-10-12 06:40:00+10:00,ER03,,,
2025-10-12 06:40:00+10:00,ER04,,,
2025-10-12 06:45:00+10:00,ER01,525.5817,44.1125,0.0839308141816962
2025-10-12 06:45:00+10:00,ER02,556.6369,45.6015,0.08192324296143501
2025-10-12 06:45:00+10:00,ER03,,,
2025-10-12 06:45:00+10:00,ER04,,,
2025-10-12 06:50:00+10:00,ER03,,,
2025-10-12 06:50:00+10:00,ER04,,,
2025-10-12 06:50:00+10:00,ER02,537.7645,44.9002,0.08349416891594741
2025-10-12 06:50:00+10:00,ER01,507.4174,43.4374,0.08560486889097614
2025-10-12 06:55:00+10:00,ER01,481.5869,42.4774,0.08820298060433122
2025-10-12 06:55:00+10:00,ER02,518.1598,44.1715,0.08524686785813952
2025-10-12 06:55:00+10:00,ER03,,,
2025-10-12 06:55:00+10:00,ER04,,,
2025-10-12 07:00:00+10:00,ER01,465.2049,41.8685,0.09000012682583523
2025-10-12 07:00:00+10:00,ER02,499.1165,43.4637,0.08708127260869958
2025-10-12 07:00:00+10:00,ER03,,,
2025-10-12 07:00:00+10:00,ER04,,,
2025-10-12 07:05:00+10:00,ER01,443.7446,41.0709,0.09255526715141998
2025-10-12 07:05:00+10:00,ER02,483.003,42.8648,0.08874644670944073
2025-10-12 07:05:00+10:00,ER03,,,
2025-10-12 07:05:00+10:00,ER04,,,
2025-10-12 07:10:00+10:00,ER04,,,
2025-10-12 07:10:00+10:00,ER03,,,
2025-10-12 07:10:00+10:00,ER01,425.6046,40.3967,0.09491603239250704
2025-10-12 07:10:00+10:00,ER02,464.5701,42.1797,0.09079297182491941
2025-10-12 07:15:00+10:00,ER01,403.3143,39.5682,0.09810760491259546
2025-10-12 07:15:00+10:00,ER02,447.895,41.56,0.09278960470646022
2025-10-12 07:15:00+10:00,ER03,,,
2025-10-12 07:15:00+10:00,ER04,,,
2025-10-12 07:20:00+10:00,ER01,377.2152,38.5982,0.10232408450136686
2025-10-12 07:20:00+10:00,ER02,426.8254,40.7769,0.09553531725150377
2025-10-12 07:20:00+10:00,ER03,,,
2025-10-12 07:20:00+10:00,ER04,,,
2025-10-12 07:25:00+10:00,ER01,363.6896,38.0955,0.10474728999674449
2025-10-12 07:25:00+10:00,ER02,412.665,40.2506,0.09753819684247513
2025-10-12 07:25:00+10:00,ER03,,,
2025-10-12 07:25:00+10:00,ER04,,,
2025-10-12 07:30:00+10:00,ER03,,,
2025-10-12 07:30:00+10:00,ER04,,,
2025-10-12 07:30:00+10:00,ER02,393.3776,39.5337,0.10049809648541251
2025-10-12 07:30:00+10:00,ER01,340.3006,37.2262,0.10939210803624795
2025-10-12 07:35:00+10:00,ER01,319.7437,36.4622,0.11403571047686008
2025-10-12 07:35:00+10:00,ER02,378.0453,38.9639,0.10306674887903645
2025-10-12 07:35:00+10:00,ER03,,,
2025-10-12 07:35:00+10:00,ER04,,,
2025-10-12 07:40:00+10:00,ER01,291.8379,35.425,0.12138587894170016
2025-10-12 07:40:00+10:00,ER02,354.1436,38.0756,0.10751457883186369
2025-10-12 07:40:00+10:00,ER03,,,
2025-10-12 07:40:00+10:00,ER04,,,
2025-10-12 07:45:00+10:00,ER04,,,
2025-10-12 07:45:00+10:00,ER03,,,
2025-10-12 07:45:00+10:00,ER02,340.4227,37.5656,0.1103498679729642
2025-10-12 07:45:00+10:00,ER01,279.0936,34.9513,0.1252314635663448
2025-10-12 07:50:00+10:00,ER01,266.0319,34.4659,0.12955551571070986
2025-10-12 07:50:00+10:00,ER02,325.1148,36.9967,0.11379580382068118
2025-10-12 07:50:00+10:00,ER03,,,
2025-10-12 07:50:00+10:00,ER04,,,
2025-10-12 07:55:00+10:00,ER01,247.892,33.7917,0.1363162183531538
2025-10-12 07:55:00+10:00,ER02,309.5384,36.4177,0.11765163869813891
2025-10-12 07:55:00+10:00,ER03,,,
2025-10-12 07:55:00+10:00,ER04,,,
2025-10-12 08:00:00+10:00,ER03,,,
2025-10-12 08:00:00+10:00,ER04,,,
2025-10-12 08:00:00+10:00,ER01,245.2064,33.6919,0.13740220483641535
2025-10-12 08:00:00+10:00,ER02,293.547,35.8233,0.12203599423601671
2025-10-12 08:05:00+10:00,ER03,,,
2025-10-12 08:05:00+10:00,ER04,,,
2025-10-12 08:05:00+10:00,ER01,239.6887,33.4868,0.13970954825988877
2025-10-12 08:05:00+10:00,ER02,283.1952,35.4386,0.12513842042520495
2025-10-12 08:10:00+10:00,ER04,,,
2025-10-12 08:10:00+10:00,ER03,,,
2025-10-12 08:10:00+10:00,ER02,265.6413,34.7862,0.1309517759474901
2025-10-12 08:10:00+10:00,ER01,225.7237,32.9678,0.146053781680878
2025-10-12 08:15:00+10:00,ER01,224.8447,32.9351,0.1464793255077838
2025-10-12 08:15:00+10:00,ER02,250.5531,34.2254,0.13659938751506168
2025-10-12 08:15:00+10:00,ER03,,,
2025-10-12 08:15:00+10:00,ER04,,,
2025-10-12 08:20:00+10:00,ER01,231.9493,33.1992,0.14313127912004908
2025-10-12 08:20:00+10:00,ER02,236.3439,33.6974,0.14257782832558827
2025-10-12 08:20:00+10:00,ER03,,,
2025-10-12 08:20:00+10:00,ER04,,,
2025-10-12 08:25:00+10:00,ER03,,,
2025-10-12 08:25:00+10:00,ER04,,,
2025-10-12 08:25:00+10:00,ER01,227.2862,33.0259,0.14530534629907138
2025-10-12 08:25:00+10:00,ER02,234.8058,33.6402,0.14326818162072658
2025-10-12 08:30:00+10:00,ER01,227.2862,33.0259,0.14530534629907138
2025-10-12 08:30:00+10:00,ER02,227.7257,33.377,0.14656668087967237
2025-10-12 08:30:00+10:00,ER03,,,
2025-10-12 08:30:00+10:00,ER04,,,
2025-10-12 08:35:00+10:00,ER01,230.631,17.1435,0.07433302548226388
2025-10-12 08:35:00+10:00,ER02,229.044,17.0256,0.07433331586943993
2025-10-12 08:35:00+10:00,ER03,,,
2025-10-12 08:35:00+10:00,ER04,,,
2025-10-12 08:40:00+10:00,ER04,,,
2025-10-12 08:40:00+10:00,ER01,227.8233,17.0393,0.07479173552485634
2025-10-12 08:40:00+10:00,ER02,227.7257,16.9766,0.07454845895742115
2025-10-12 08:40:00+10:00,ER03,,,
2025-10-12 08:45:00+10:00,ER03,,,
2025-10-12 08:45:00+10:00,ER04,,,
2025-10-12 08:45:00+10:00,ER01,214.6639,16.5502,0.07709819862585185
2025-10-12 08:45:00+10:00,ER02,216.6415,16.5646,0.07646088122543464
2025-10-12 08:50:00+10:00,ER01,222.4277,16.8386,0.07570370057326493
2025-10-12 08:50:00+10:00,ER02,224.1367,16.8432,0.07514699734581619
2025-10-12 08:50:00+10:00,ER03,,,
2025-10-12 08:50:00+10:00,ER04,,,
2025-10-12 08:55:00+10:00,ER01,234.5861,17.2905,0.07370641312507434
2025-10-12 08:55:00+10:00,ER02,237.4914,17.3396,0.07301148588959432
2025-10-12 08:55:00+10:00,ER03,,,
2025-10-12 08:55:00+10:00,ER04,,,
2025-10-12 09:00:00+10:00,ER01,214.6395,16.5492,0.0771023040959376
2025-10-12 09:00:00+10:00,ER02,221.2802,16.737,0.07563713337207756
2025-10-12 09:00:00+10:00,ER03,,,
2025-10-12 09:00:00+10:00,ER04,,,
2025-10-12 09:05:00+10:00,ER04,,,
2025-10-12 09:05:00+10:00,ER03,,,
2025-10-12 09:05:00+10:00,ER02,221.4755,16.7443,0.07560339631245894
2025-10-12 09:05:00+10:00,ER01,218.3749,16.6881,0.07641949692936321
2025-10-12 09:10:00+10:00,ER01,215.1034,16.5665,0.07701644883344476
2025-10-12 09:10:00+10:00,ER02,217.496,16.5964,0.07630669069775996
2025-10-12 09:10:00+10:00,ER03,,,
2025-10-12 09:10:00+10:00,ER04,,,
2025-10-12 09:15:00+10:00,ER01,214.4686,16.5429,0.07713436838772668
2025-10-12 09:15:00+10:00,ER02,219.5224,16.6717,0.07594532494178272
2025-10-12 09:15:00+10:00,ER03,,,
2025-10-12 09:15:00+10:00,ER04,,,
2025-10-12 09:20:00+10:00,ER04,,,
2025-10-12 09:20:00+10:00,ER01,203.1891,16.1236,0.07935268181216414
2025-10-12 09:20:00+10:00,ER02,210.0008,16.3178,0.07770351351042472
2025-10-12 09:20:00+10:00,ER03,,,
2025-10-12 09:25:00+10:00,ER03,,,
2025-10-12 09:25:00+10:00,ER04,,,
2025-10-12 09:25:00+10:00,ER01,190.8354,15.6645,0.08208382721444764
2025-10-12 09:25:00+10:00,ER02,197.4029,15.8496,0.08029061376504601
2025-10-12 09:30:00+10:00,ER01,180.6546,15.2861,0.08461506100591959
2025-10-12 09:30:00+10:00,ER02,183.8285,15.3451,0.08347508683365203
2025-10-12 09:30:00+10:00,ER03,,,
2025-10-12 09:30:00+10:00,ER04,,,
2025-10-12 09:35:00+10:00,ER01,179.5071,15.2435,0.08491864667191436
2025-10-12 09:35:00+10:00,ER02,182.5101,15.2961,0.08380960834496283
2025-10-12 09:35:00+10:00,ER03,,,
2025-10-12 09:35:00+10:00,ER04,,,
2025-10-12 09:40:00+10:00,ER01,181.2894,15.3097,0.08444895288968908
2025-10-12 09:40:00+10:00,ER02,188.9311,15.5347,0.08222415473153971
2025-10-12 09:40:00+10:00,ER03,,,
2025-10-12 09:40:00+10:00,ER04,,,
2025-10-12 09:45:00+10:00,ER04,,,
2025-10-12 09:45:00+10:00,ER03,,,
2025-10-12 09:45:00+10:00,ER01,187.0756,15.5247,0.0829862365802916
2025-10-12 09:45:00+10:00,ER02,189.1508,15.5429,0.08217200244461033
2025-10-12 09:50:00+10:00,ER01,183.0716,15.3759,0.08398845042049122
2025-10-12 09:50:00+10:00,ER02,185.1957,15.3959,0.08313313970032782
2025-10-12 09:50:00+10:00,ER03,,,
2025-10-12 09:50:00+10:00,ER04,,,
2025-10-12 09:55:00+10:00,ER01,179.3362,15.2371,0.08496388347695558
2025-10-12 09:55:00+10:00,ER02,179.8001,15.1954,0.08451274498734984
2025-10-12 09:55:00+10:00,ER03,,,
2025-10-12 09:55:00+10:00,ER04,,,
2025-10-12 10:00:00+10:00,ER01,179.1165,15.2289,0.08502231787691251
2025-10-12 10:00:00+10:00,ER02,180.0443,15.2044,0.0844481052718692
2025-10-12 10:00:00+10:00,ER03,,,
2025-10-12 10:00:00+10:00,ER04,,,
2025-10-12 10:05:00+10:00,ER04,,,
2025-10-12 10:05:00+10:00,ER03,,,
2025-10-12 10:05:00+10:00,ER02,180.2396,15.2117,0.08439710252352979
2025-10-12 10:05:00+10:00,ER01,179.556,15.2453,0.08490554478825547
2025-10-12 10:10:00+10:00,ER01,180.2151,15.2698,0.08473096871460827
2025-10-12 10:10:00+10:00,ER02,180.3128,15.2144,0.08437781455337613
2025-10-12 10:10:00+10:00,ER03,,,
2025-10-12 10:10:00+10:00,ER04,,,
2025-10-12 10:15:00+10:00,ER01,179.971,15.2607,0.08479532813619972
2025-10-12 10:15:00+10:00,ER02,181.68,15.2652,0.0840224570673712
2025-10-12 10:15:00+10:00,ER03,,,
2025-10-12 10:15:00+10:00,ER04,,,
2025-10-12 10:20:00+10:00,ER04,,,
2025-10-12 10:20:00+10:00,ER01,180.0198,15.2626,0.08478289610365082
2025-10-12 10:20:00+10:00,ER02,180.9476,15.238,0.0842122249756283
2025-10-12 10:20:00+10:00,ER03,,,
2025-10-12 10:25:00+10:00,ER04,,,
2025-10-12 10:25:00+10:00,ER03,,,
2025-10-12 10:25:00+10:00,ER02,181.387,15.2544,0.08409863992458115
2025-10-12 10:25:00+10:00,ER01,181.558,15.3197,0.084379096487073
2025-10-12 10:30:00+10:00,ER01,179.3118,15.2362,0.08497042581692894
2025-10-12 10:30:00+10:00,ER02,182.3148,15.2889,0.08385989508257147
2025-10-12 10:30:00+10:00,ER03,,,
2025-10-12 10:30:00+10:00,ER04,,,
2025-10-12 10:35:00+10:00,ER04,,,
2025-10-12 10:35:00+10:00,ER01,181.0452,15.3007,0.0845131492025196
2025-10-12 10:35:00+10:00,ER02,183.6088,15.337,0.08353085473027437
2025-10-12 10:35:00+10:00,ER03,,,
2025-10-12 10:40:00+10:00,ER03,,,
2025-10-12 10:40:00+10:00,ER04,,,
2025-10-12 10:40:00+10:00,ER01,189.0288,15.5973,0.08251282344277698
2025-10-12 10:40:00+10:00,ER02,191.6167,15.6345,0.0815925751774245
2025-10-12 10:45:00+10:00,ER04,,,
2025-10-12 10:45:00+10:00,ER03,,,
2025-10-12 10:45:00+10:00,ER02,184.7318,15.3787,0.08324879636316
2025-10-12 10:45:00+10:00,ER01,182.6322,15.3596,0.08410127020317337
2025-10-12 10:50:00+10:00,ER01,183.7308,15.4005,0.0838210033374916
2025-10-12 10:50:00+10:00,ER02,186.7094,15.4522,0.08276069656910687
2025-10-12 10:50:00+10:00,ER03,,,
2025-10-12 10:50:00+10:00,ER04,,,
2025-10-12 10:55:00+10:00,ER01,182.4613,15.3533,0.0841455146927047
2025-10-12 10:55:00+10:00,ER02,184.9515,15.3868,0.08319370213272127
2025-10-12 10:55:00+10:00,ER03,,,
2025-10-12 10:55:00+10:00,ER04,,,
2025-10-12 11:00:00+10:00,ER01,179.7513,15.2526,0.08485390648078762
2025-10-12 11:00:00+10:00,ER02,180.0443,15.2044,0.0844481052718692
2025-10-12 11:00:00+10:00,ER03,,,
2025-10-12 11:00:00+10:00,ER04,,,
2025-10-12 11:05:00+10:00,ER04,,,
2025-10-12 11:05:00+10:00,ER03,,,
2025-10-12 11:05:00+10:00,ER02,182.0462,15.2789,0.08392869502357093
2025-10-12 11:05:00+10:00,ER01,179.7513,15.2526,0.08485390648078762
2025-10-12 11:10:00+10:00,ER01,179.1165,15.2289,0.08502231787691251
2025-10-12 11:10:00+10:00,ER02,180.0443,15.2044,0.0844481052718692
2025-10-12 11:10:00+10:00,ER03,,,
2025-10-12 11:10:00+10:00,ER04,,,
2025-10-12 11:15:00+10:00,ER01,180.4105,15.277,0.08467910681473638
2025-10-12 11:15:00+10:00,ER02,180.264,15.2126,0.08439067145963697
2025-10-12 11:15:00+10:00,ER03,,,
2025-10-12 11:15:00+10:00,ER04,,,
2025-10-12 11:20:00+10:00,ER01,181.2894,15.3097,0.08444895288968908
2025-10-12 11:20:00+10:00,ER02,181.4115,15.2553,0.08409224332525778
2025-10-12 11:20:00+10:00,ER03,,,
2025-10-12 11:20:00+10:00,ER04,,,
2025-10-12 11:25:00+10:00,ER04,,,
2025-10-12 11:25:00+10:00,ER03,,,
2025-10-12 11:25:00+10:00,ER02,188.2719,15.5103,0.0823824479383275
2025-10-12 11:25:00+10:00,ER01,185.977,15.484,0.0832576071234615
2025-10-12 11:30:00+10:00,ER01,183.096,15.3768,0.08398217328614496
2025-10-12 11:30:00+10:00,ER02,185.0004,15.3886,0.08318144176985563
2025-10-12 11:30:00+10:00,ER03,,,
2025-10-12 11:30:00+10:00,ER04,,,
2025-10-12 11:35:00+10:00,ER01,183.5599,15.3941,0.08386417730669934
2025-10-12 11:35:00+10:00,ER02,184.0482,15.3533,0.08341999541424475
2025-10-12 11:35:00+10:00,ER03,,,
2025-10-12 11:35:00+10:00,ER04,,,
2025-10-12 11:40:00+10:00,ER04,,,
2025-10-12 11:40:00+10:00,ER03,,,
2025-10-12 11:40:00+10:00,ER02,183.389,13.6319,0.0743332479047271
2025-10-12 11:40:00+10:00,ER01,181.9974,13.5285,0.07433347948926743
2025-10-12 11:45:00+10:00,ER01,181.5335,13.5112,0.07442813585371295
2025-10-12 11:45:00+10:00,ER02,181.8753,13.5756,0.07464235110540023
2025-10-12 11:45:00+10:00,ER03,,,
2025-10-12 11:45:00+10:00,ER04,,,
2025-10-12 11:50:00+10:00,ER01,183.3402,13.5784,0.07406122607044172
2025-10-12 11:50:00+10:00,ER02,184.2924,13.6655,0.07415118583294808
2025-10-12 11:50:00+10:00,ER03,,,
2025-10-12 11:50:00+10:00,ER04,,,
2025-10-12 11:55:00+10:00,ER03,,,
2025-10-12 11:55:00+10:00,ER04,,,
2025-10-12 11:55:00+10:00,ER01,188.8579,13.7835,0.07298344416622234
2025-10-12 11:55:00+10:00,ER02,192.4956,13.9704,0.07257516535442889
2025-10-12 12:00:00+10:00,ER03,,,
2025-10-12 12:00:00+10:00,ER04,,,
2025-10-12 12:00:00+10:00,ER01,181.7533,13.5194,0.07438324366050025
2025-10-12 12:00:00+10:00,ER02,185.5863,13.7136,0.07389338544924921
2025-10-12 12:05:00+10:00,ER04,,,
2025-10-12 12:05:00+10:00,ER03,,,
2025-10-12 12:05:00+10:00,ER01,183.975,13.6019,0.0739334148661503
2025-10-12 12:05:00+10:00,ER02,186.2699,13.739,0.07375856217241755
2025-10-12 12:10:00+10:00,ER01,182.8519,13.5603,0.07416001693173546
2025-10-12 12:10:00+10:00,ER02,184.9515,13.69,0.07401940508727964
2025-10-12 12:10:00+10:00,ER03,,,
2025-10-12 12:10:00+10:00,ER04,,,
2025-10-12 12:15:00+10:00,ER01,181.7533,13.5194,0.07438324366050025
2025-10-12 12:15:00+10:00,ER02,185.1957,13.6991,0.07397093993003077
2025-10-12 12:15:00+10:00,ER03,,,
2025-10-12 12:15:00+10:00,ER04,,,
2025-10-12 12:20:00+10:00,ER04,,,
2025-10-12 12:20:00+10:00,ER01,182.4369,13.5448,0.07424375222337147
2025-10-12 12:20:00+10:00,ER02,186.0746,13.7317,0.07379674603626717
2025-10-12 12:20:00+10:00,ER03,,,
2025-10-12 12:25:00+10:00,ER04,,,
2025-10-12 12:25:00+10:00,ER03,,,
2025-10-12 12:25:00+10:00,ER01,183.0716,13.5684,0.07411526419171516
2025-10-12 12:25:00+10:00,ER02,187.3686,13.7798,0.07354380616602782
2025-10-12 12:30:00+10:00,ER01,200.7721,14.2262,0.07085745479576097
2025-10-12 12:30:00+10:00,ER02,205.3376,14.4476,0.07036022628101234
2025-10-12 12:30:00+10:00,ER03,,,
2025-10-12 12:30:00+10:00,ER04,,,
2025-10-12 12:35:00+10:00,ER03,,,
2025-10-12 12:35:00+10:00,ER01,218.5947,14.8886,0.06811052601000848
2025-10-12 12:35:00+10:00,ER02,219.9374,14.9903,0.06815712107172313
2025-10-12 12:35:00+10:00,ER04,,,
2025-10-12 12:40:00+10:00,ER04,,,
2025-10-12 12:40:00+10:00,ER03,,,
2025-10-12 12:40:00+10:00,ER02,224.6006,15.1636,0.06751362195826727
2025-10-12 12:40:00+10:00,ER01,221.6953,15.0039,0.06767802474838212
2025-10-12 12:45:00+10:00,ER01,230.631,15.336,0.06649583100277066
2025-10-12 12:45:00+10:00,ER02,231.7296,15.4286,0.06658018656226912
2025-10-12 12:45:00+10:00,ER03,,,
2025-10-12 12:45:00+10:00,ER04,,,
2025-10-12 12:50:00+10:00,ER01,251.603,16.1155,0.06405130304487626
2025-10-12 12:50:00+10:00,ER02,259.2203,16.4504,0.06346107924417956
2025-10-12 12:50:00+10:00,ER03,,,
2025-10-12 12:50:00+10:00,ER04,,,
2025-10-12 12:55:00+10:00,ER03,,,
2025-10-12 12:55:00+10:00,ER04,,,
2025-10-12 12:55:00+10:00,ER01,273.283,16.9212,0.06191823128405352
2025-10-12 12:55:00+10:00,ER02,278.9471,17.1835,0.06160128569180321
2025-10-12 13:00:00+10:00,ER01,300.7492,17.942,0.059657681549942616
2025-10-12 13:00:00+10:00,ER02,305.3147,18.1635,0.05949107592919698
2025-10-12 13:00:00+10:00,ER03,,,
2025-10-12 13:00:00+10:00,ER04,,,
2025-10-12 13:05:00+10:00,ER01,320.647,18.6816,0.05826220111212642
2025-10-12 13:05:00+10:00,ER02,323.772,18.8495,0.05821843766601188
2025-10-12 13:05:00+10:00,ER03,,,
2025-10-12 13:05:00+10:00,ER04,,,
2025-10-12 13:10:00+10:00,ER04,,,
2025-10-12 13:10:00+10:00,ER01,341.204,19.4457,0.05699141862346279
2025-10-12 13:10:00+10:00,ER02,345.5497,19.6589,0.05689167144407881
2025-10-12 13:10:00+10:00,ER03,,,
2025-10-12 13:15:00+10:00,ER03,,,
2025-10-12 13:15:00+10:00,ER04,,,
2025-10-12 13:15:00+10:00,ER01,365.9114,20.3639,0.05565254321128011
2025-10-12 13:15:00+10:00,ER02,368.9387,20.5282,0.05564122169888927
2025-10-12 13:20:00+10:00,ER02,391.1315,21.3531,0.05459314834013625
2025-10-12 13:20:00+10:00,ER03,,,
2025-10-12 13:20:00+10:00,ER01,387.3961,21.1624,0.054627292324316123
2025-10-12 13:20:00+10:00,ER04,,,
2025-10-12 13:25:00+10:00,ER04,,,
2025-10-12 13:25:00+10:00,ER03,,,
2025-10-12 13:25:00+10:00,ER02,393.3532,21.4356,0.054494535699722284
2025-10-12 13:25:00+10:00,ER01,405.3163,21.8285,0.05385547040669225
2025-10-12 13:30:00+10:00,ER01,408.6366,21.9519,0.05371985769262959
2025-10-12 13:30:00+10:00,ER02,376.5316,20.8104,0.05526866802148877
2025-10-12 13:30:00+10:00,ER03,,,
2025-10-12 13:30:00+10:00,ER04,,,
2025-10-12 13:35:00+10:00,ER01,406.6102,21.8766,0.05380238862674866
2025-10-12 13:35:00+10:00,ER02,356.5118,20.0663,0.05628509350882635
2025-10-12 13:35:00+10:00,ER03,,,
2025-10-12 13:35:00+10:00,ER04,,,
2025-10-12 13:40:00+10:00,ER01,390.8873,21.2922,0.0544714550715769
2025-10-12 13:40:00+10:00,ER02,352.5322,19.9184,0.05650093807033797
2025-10-12 13:40:00+10:00,ER03,,,
2025-10-12 13:40:00+10:00,ER04,,,
2025-10-12 13:45:00+10:00,ER04,,,
2025-10-12 13:45:00+10:00,ER03,,,
2025-10-12 13:45:00+10:00,ER01,379.6323,20.8739,0.05498452054790912
2025-10-12 13:45:00+10:00,ER02,367.6692,20.481,0.05570496522417435
2025-10-12 13:50:00+10:00,ER01,390.2769,21.2696,0.05449874179076446
2025-10-12 13:50:00+10:00,ER02,372.3567,20.6552,0.055471541132467876
2025-10-12 13:50:00+10:00,ER03,,,
2025-10-12 13:50:00+10:00,ER04,,,
2025-10-12 13:55:00+10:00,ER01,411.7372,22.0671,0.053595108724691386
2025-10-12 13:55:00+10:00,ER02,363.8605,20.3395,0.055899170148999415
2025-10-12 13:55:00+10:00,ER03,,,
2025-10-12 13:55:00+10:00,ER04,,,
2025-10-12 14:00:00+10:00,ER01,434.4671,22.9119,0.05273563867091432
2025-10-12 14:00:00+10:00,ER02,368.9631,20.5291,0.05563998134230767
2025-10-12 14:00:00+10:00,ER03,,,
2025-10-12 14:00:00+10:00,ER04,,,
2025-10-12 14:05:00+10:00,ER04,,,
2025-10-12 14:05:00+10:00,ER03,,,
2025-10-12 14:05:00+10:00,ER02,377.3373,20.8403,0.055229896434834294
2025-10-12 14:05:00+10:00,ER01,456.7086,23.7386,0.051977562936191705
2025-10-12 14:10:00+10:00,ER01,474.9462,24.4164,0.051408770088064715
2025-10-12 14:10:00+10:00,ER02,395.3552,21.51,0.05440677142984334
2025-10-12 14:10:00+10:00,ER03,,,
2025-10-12 14:10:00+10:00,ER04,,,
2025-10-12 14:15:00+10:00,ER01,482.0264,24.6796,0.05119968532843844
2025-10-12 14:15:00+10:00,ER02,416.2539,22.2867,0.05354111997509212
2025-10-12 14:15:00+10:00,ER03,,,
2025-10-12 14:15:00+10:00,ER04,,,
2025-10-12 14:20:00+10:00,ER01,486.9093,24.861,0.051058790620758326
2025-10-12 14:20:00+10:00,ER02,422.6749,22.5254,0.05329249501212398
2025-10-12 14:20:00+10:00,ER03,,,
2025-10-12 14:20:00+10:00,ER04,,,
2025-10-12 14:25:00+10:00,ER04,,,
2025-10-12 14:25:00+10:00,ER03,,,
2025-10-12 14:25:00+10:00,ER02,437.7142,23.0843,0.05273829361715932
2025-10-12 14:25:00+10:00,ER01,487.7394,24.8919,0.05103524546099823
2025-10-12 14:30:00+10:00,ER01,498.1155,25.2775,0.050746262663980544
2025-10-12 14:30:00+10:00,ER02,461.0056,23.95,0.051951646574358315
2025-10-12 14:30:00+10:00,ER03,,,
2025-10-12 14:30:00+10:00,ER04,,,
2025-10-12 14:35:00+10:00,ER01,503.4379,25.4753,0.050602666187825746
2025-10-12 14:35:00+10:00,ER02,483.6866,24.793,0.051258397482998284
2025-10-12 14:35:00+10:00,ER03,,,
2025-10-12 14:35:00+10:00,ER04,,,
2025-10-12 14:40:00+10:00,ER01,523.5554,26.223,0.0500863900935794
2025-10-12 14:40:00+10:00,ER02,506.2211,25.6305,0.05063103849286409
2025-10-12 14:40:00+10:00,ER03,,,
2025-10-12 14:40:00+10:00,ER04,,,
2025-10-12 14:45:00+10:00,ER04,,,
2025-10-12 14:45:00+10:00,ER03,,,
2025-10-12 14:45:00+10:00,ER02,519.0631,38.5837,0.07433335176397629
2025-10-12 14:45:00+10:00,ER01,542.7939,40.3477,0.0743333703639632
2025-10-12 14:50:00+10:00,ER01,549.2393,40.5872,0.07389711551959229
2025-10-12 14:50:00+10:00,ER02,547.7256,39.649,0.07238843683771583
2025-10-12 14:50:00+10:00,ER03,,,
2025-10-12 14:50:00+10:00,ER04,,,
2025-10-12 14:55:00+10:00,ER01,547.8477,40.5355,0.07399045391629827
2025-10-12 14:55:00+10:00,ER02,563.473,40.2343,0.0714041311651135
2025-10-12 14:55:00+10:00,ER03,,,
2025-10-12 14:55:00+10:00,ER04,,,
2025-10-12 15:00:00+10:00,ER01,548.5801,40.5627,0.07394125306404661
2025-10-12 15:00:00+10:00,ER02,588.7907,41.1753,0.06993198092293237
2025-10-12 15:00:00+10:00,ER03,,,
2025-10-12 15:00:00+10:00,ER04,,,
2025-10-12 15:05:00+10:00,ER04,,,
2025-10-12 15:05:00+10:00,ER03,,,
2025-10-12 15:05:00+10:00,ER02,610.9835,42.0001,0.0687417908994269
2025-10-12 15:05:00+10:00,ER01,550.1427,40.6208,0.07383684269554064
2025-10-12 15:10:00+10:00,ER01,564.9134,41.1698,0.07287807299313488
2025-10-12 15:10:00+10:00,ER02,620.9201,42.3694,0.06823647680273194
2025-10-12 15:10:00+10:00,ER03,,,
2025-10-12 15:10:00+10:00,ER04,,,
2025-10-12 15:15:00+10:00,ER01,584.1764,41.8857,0.07170043158196737
2025-10-12 15:15:00+10:00,ER02,643.064,43.1924,0.06716656506972868
2025-10-12 15:15:00+10:00,ER03,,,
2025-10-12 15:15:00+10:00,ER04,,,
2025-10-12 15:20:00+10:00,ER01,600.5096,42.4927,0.07076106693381755
2025-10-12 15:20:00+10:00,ER02,647.5074,43.3575,0.06696062469710772
2025-10-12 15:20:00+10:00,ER03,,,
2025-10-12 15:20:00+10:00,ER04,,,
2025-10-12 15:25:00+10:00,ER04,,,
2025-10-12 15:25:00+10:00,ER02,649.485,43.431,0.0668699046167348
2025-10-12 15:25:00+10:00,ER01,622.8977,43.3249,0.06955379671493409
2025-10-12 15:25:00+10:00,ER03,,,
2025-10-12 15:30:00+10:00,ER01,641.8677,44.0299,0.06859653476876933
2025-10-12 15:30:00+10:00,ER02,649.2408,43.4219,0.066881040131797
2025-10-12 15:30:00+10:00,ER03,,,
2025-10-12 15:30:00+10:00,ER04,,,
2025-10-12 15:35:00+10:00,ER01,656.2966,44.5662,0.06790557805723815
2025-10-12 15:35:00+10:00,ER02,653.4645,43.5789,0.06668900911985272
2025-10-12 15:35:00+10:00,ER03,,,
2025-10-12 15:35:00+10:00,ER04,,,
2025-10-12 15:40:00+10:00,ER04,,,
2025-10-12 15:40:00+10:00,ER01,656.4431,44.5716,0.06789864955546032
2025-10-12 15:40:00+10:00,ER02,652.6589,43.549,0.06672551312791414
2025-10-12 15:40:00+10:00,ER03,,,
2025-10-12 15:45:00+10:00,ER04,,,
2025-10-12 15:45:00+10:00,ER03,,,
2025-10-12 15:45:00+10:00,ER02,647.3121,43.3503,0.06696970441306442
2025-10-12 15:45:00+10:00,ER01,652.2682,44.4165,0.068095455213055
2025-10-12 15:50:00+10:00,ER01,654.6853,44.5063,0.06798121173638694
2025-10-12 15:50:00+10:00,ER02,649.5582,43.4338,0.06686667953695295
2025-10-12 15:50:00+10:00,ER03,,,
2025-10-12 15:50:00+10:00,ER04,,,
2025-10-12 15:55:00+10:00,ER04,,,
2025-10-12 15:55:00+10:00,ER01,655.1248,44.5227,0.0679606389500138
2025-10-12 15:55:00+10:00,ER02,649.5826,43.4347,0.06686555335687872
2025-10-12 15:55:00+10:00,ER03,,,
2025-10-12 16:00:00+10:00,ER02,670.0664,44.196,0.06595764240678237
2025-10-12 16:00:00+10:00,ER03,,,
2025-10-12 16:00:00+10:00,ER01,656.614,44.578,0.06789072423067434
2025-10-12 16:00:00+10:00,ER04,,,
2025-10-12 16:05:00+10:00,ER04,,,
2025-10-12 16:05:00+10:00,ER03,,,
2025-10-12 16:05:00+10:00,ER01,659.1043,44.6706,0.06777470576356429
2025-10-12 16:05:00+10:00,ER02,670.1396,44.1987,0.0659544668006487
2025-10-12 16:10:00+10:00,ER01,649.5826,44.3167,0.06822334834707704
2025-10-12 16:10:00+10:00,ER02,650.5837,43.4719,0.06681984193578781
2025-10-12 16:10:00+10:00,ER03,,,
2025-10-12 16:10:00+10:00,ER04,,,
2025-10-12 16:15:00+10:00,ER01,647.1901,44.2278,0.06833818996922233
2025-10-12 16:15:00+10:00,ER02,661.3016,43.8703,0.06633932233038602
2025-10-12 16:15:00+10:00,ER03,,,
2025-10-12 16:15:00+10:00,ER04,,,
2025-10-12 16:20:00+10:00,ER01,659.7635,44.6951,0.0677441234624225
2025-10-12 16:20:00+10:00,ER02,670.457,44.2105,0.06594084333521763
2025-10-12 16:20:00+10:00,ER03,,,
2025-10-12 16:20:00+10:00,ER04,,,
2025-10-12 16:25:00+10:00,ER04,,,
2025-10-12 16:25:00+10:00,ER03,,,
2025-10-12 16:25:00+10:00,ER02,669.7001,44.1824,0.06597341108355814
2025-10-12 16:25:00+10:00,ER01,660.0076,44.7041,0.06773270489612543
2025-10-12 16:30:00+10:00,ER01,658.909,44.6633,0.06778371520194747
2025-10-12 16:30:00+10:00,ER02,670.8477,44.225,0.06592405399914168
2025-10-12 16:30:00+10:00,ER03,,,
2025-10-12 16:30:00+10:00,ER04,,,
2025-10-12 16:35:00+10:00,ER01,659.3729,44.6805,0.06776211154568228
2025-10-12 16:35:00+10:00,ER02,669.9199,44.1906,0.0659640055475289
2025-10-12 16:35:00+10:00,ER03,,,
2025-10-12 16:35:00+10:00,ER04,,,
2025-10-12 16:40:00+10:00,ER01,657.3464,44.6052,0.06785646045981236
2025-10-12 16:40:00+10:00,ER02,670.335,44.206,0.06594613141190599
2025-10-12 16:40:00+10:00,ER03,,,
2025-10-12 16:40:00+10:00,ER04,,,
2025-10-12 16:45:00+10:00,ER04,,,
2025-10-12 16:45:00+10:00,ER03,,,
2025-10-12 16:45:00+10:00,ER01,655.613,44.5408,0.06793764004069473
2025-10-12 16:45:00+10:00,ER02,669.9199,44.1906,0.0659640055475289
2025-10-12 16:50:00+10:00,ER01,657.0779,44.5953,0.06786912175862253
2025-10-12 16:50:00+10:00,ER02,669.9199,44.1906,0.0659640055475289
2025-10-12 16:50:00+10:00,ER03,,,
2025-10-12 16:50:00+10:00,ER04,,,
2025-10-12 16:55:00+10:00,ER01,658.6649,44.6542,0.06779501989554933
2025-10-12 16:55:00+10:00,ER02,668.5771,44.1406,0.06602170490134945
2025-10-12 16:55:00+10:00,ER03,,,
2025-10-12 16:55:00+10:00,ER04,,,
2025-10-12 17:00:00+10:00,ER03,,,
2025-10-12 17:00:00+10:00,ER04,,,
2025-10-12 17:00:00+10:00,ER01,659.3729,44.6805,0.06776211154568228
2025-10-12 17:00:00+10:00,ER02,670.3838,44.2078,0.06594401595026611
2025-10-12 17:05:00+10:00,ER01,655.8084,44.5481,0.067928529125275
2025-10-12 17:05:00+10:00,ER02,669.2851,44.1669,0.06599115982112853
2025-10-12 17:05:00+10:00,ER03,,,
2025-10-12 17:05:00+10:00,ER04,,,
2025-10-12 17:10:00+10:00,ER01,658.5916,44.6515,0.06779846569558434
2025-10-12 17:10:00+10:00,ER02,667.4296,44.098,0.06607138790368301
2025-10-12 17:10:00+10:00,ER03,,,
2025-10-12 17:10:00+10:00,ER04,,,
2025-10-12 17:15:00+10:00,ER04,,,
2025-10-12 17:15:00+10:00,ER01,650.486,44.3502,0.06818009918737683
2025-10-12 17:15:00+10:00,ER02,660.1785,43.8285,0.06638886301204901
2025-10-12 17:15:00+10:00,ER03,,,
2025-10-12 17:20:00+10:00,ER03,,,
2025-10-12 17:20:00+10:00,ER04,,,
2025-10-12 17:20:00+10:00,ER01,648.484,44.2758,0.06827585568803547
2025-10-12 17:20:00+10:00,ER02,652.1706,43.5308,0.06674756574430064
2025-10-12 17:25:00+10:00,ER04,,,
2025-10-12 17:25:00+10:00,ER03,,,
2025-10-12 17:25:00+10:00,ER01,655.5886,44.5399,0.06793879576307459
2025-10-12 17:25:00+10:00,ER02,659.91,43.8185,0.06640072131048173
2025-10-12 17:30:00+10:00,ER01,654.49,44.499,0.067990343626335
2025-10-12 17:30:00+10:00,ER02,666.5996,44.0671,0.06610730039441969
2025-10-12 17:30:00+10:00,ER03,,,
2025-10-12 17:30:00+10:00,ER04,,,
2025-10-12 17:35:00+10:00,ER01,658.9334,44.6642,0.06778257104587505
2025-10-12 17:35:00+10:00,ER02,669.871,44.1887,0.06596598449552227
2025-10-12 17:35:00+10:00,ER03,,,
2025-10-12 17:35:00+10:00,ER04,,,
2025-10-12 17:40:00+10:00,ER04,,,
2025-10-12 17:40:00+10:00,ER01,659.1775,44.6732,0.06777112386269252
2025-10-12 17:40:00+10:00,ER02,670.75,44.2213,0.0659281401416325
2025-10-12 17:40:00+10:00,ER03,,,
2025-10-12 17:45:00+10:00,ER04,,,
2025-10-12 17:45:00+10:00,ER03,,,
2025-10-12 17:45:00+10:00,ER01,659.1043,44.6706,0.06777470576356429
2025-10-12 17:45:00+10:00,ER02,669.163,44.1624,0.06599647619488824
2025-10-12 17:50:00+10:00,ER01,658.2254,48.9281,0.07433335146288794
2025-10-12 17:50:00+10:00,ER02,669.5048,49.7666,0.07433344764667855
2025-10-12 17:50:00+10:00,ER03,,,
2025-10-12 17:50:00+10:00,ER04,,,
2025-10-12 17:55:00+10:00,ER03,,,
2025-10-12 17:55:00+10:00,ER01,655.1492,48.8137,0.07450776098024695
2025-10-12 17:55:00+10:00,ER02,669.7001,49.7738,0.07432252137934577
2025-10-12 17:55:00+10:00,ER04,,,
2025-10-12 18:00:00+10:00,ER04,,,
2025-10-12 18:00:00+10:00,ER03,,,
2025-10-12 18:00:00+10:00,ER02,668.7968,49.7402,0.0743726644625094
2025-10-12 18:00:00+10:00,ER01,660.4471,49.0107,0.07420836581764081
2025-10-12 18:05:00+10:00,ER01,651.8044,48.6895,0.07469955710639573
2025-10-12 18:05:00+10:00,ER02,667.8447,49.7048,0.0744256860913922
2025-10-12 18:05:00+10:00,ER03,,,
2025-10-12 18:05:00+10:00,ER04,,,
2025-10-12 18:10:00+10:00,ER01,657.1267,48.8872,0.07439539437371818
2025-10-12 18:10:00+10:00,ER02,667.3564,49.6866,0.07445287105960173
2025-10-12 18:10:00+10:00,ER03,,,
2025-10-12 18:10:00+10:00,ER04,,,
2025-10-12 18:15:00+10:00,ER03,,,
2025-10-12 18:15:00+10:00,ER04,,,
2025-10-12 18:15:00+10:00,ER01,657.5906,48.9045,0.07436921999797443
2025-10-12 18:15:00+10:00,ER02,669.5781,49.7692,0.0743291932636387
2025-10-12 18:20:00+10:00,ER01,658.4695,48.9372,0.07431961541119216
2025-10-12 18:20:00+10:00,ER02,670.457,49.8019,0.0742805280577278
2025-10-12 18:20:00+10:00,ER03,,,
2025-10-12 18:20:00+10:00,ER04,,,
2025-10-12 18:25:00+10:00,ER01,655.1492,48.8137,0.07450776098024695
2025-10-12 18:25:00+10:00,ER02,668.4306,49.7266,0.07439306339356695
2025-10-12 18:25:00+10:00,ER03,,,
2025-10-12 18:25:00+10:00,ER04,,,
2025-10-12 18:30:00+10:00,ER04,,,
2025-10-12 18:30:00+10:00,ER01,656.4431,48.8619,0.0744343264480958
2025-10-12 18:30:00+10:00,ER02,669.0409,49.7492,0.07435898164073378
2025-10-12 18:30:00+10:00,ER03,,,
2025-10-12 18:35:00+10:00,ER02,669.871,49.7801,0.07431296473500121
2025-10-12 18:35:00+10:00,ER03,,,
2025-10-12 18:35:00+10:00,ER01,658.201,48.9272,0.07433473969197858
2025-10-12 18:35:00+10:00,ER04,,,
2025-10-12 18:40:00+10:00,ER04,,,
2025-10-12 18:40:00+10:00,ER03,,,
2025-10-12 18:40:00+10:00,ER02,666.9902,49.6731,0.07447350800656441
2025-10-12 18:40:00+10:00,ER01,654.2459,48.7802,0.07455942788483658
2025-10-12 18:45:00+10:00,ER01,655.5398,48.8283,0.0744856376378673
2025-10-12 18:45:00+10:00,ER02,668.7968,49.7402,0.0743726644625094
2025-10-12 18:45:00+10:00,ER03,,,
2025-10-12 18:45:00+10:00,ER04,,,
2025-10-12 18:50:00+10:00,ER01,659.1287,48.9617,0.07428245803892321
2025-10-12 18:50:00+10:00,ER02,669.6513,49.772,0.07432524957392003
2025-10-12 18:50:00+10:00,ER03,,,
2025-10-12 18:50:00+10:00,ER04,,,
2025-10-12 18:55:00+10:00,ER03,,,
2025-10-12 18:55:00+10:00,ER04,,,
2025-10-12 18:55:00+10:00,ER01,653.3425,48.7466,0.07461109601778547
2025-10-12 18:55:00+10:00,ER02,668.8945,49.7438,0.07436718346465698
2025-10-12 19:00:00+10:00,ER01,658.4695,48.9372,0.07431961541119216
2025-10-12 19:00:00+10:00,ER02,669.4804,49.7657,0.07433481249040301
2025-10-12 19:00:00+10:00,ER03,,,
2025-10-12 19:00:00+10:00,ER04,,,
2025-10-12 19:05:00+10:00,ER01,656.6873,48.8709,0.0744203519696513
2025-10-12 19:05:00+10:00,ER02,670.4082,49.8001,0.07428325011537747
2025-10-12 19:05:00+10:00,ER03,,,
2025-10-12 19:05:00+10:00,ER04,,,
2025-10-12 19:10:00+10:00,ER04,,,
2025-10-12 19:10:00+10:00,ER01,654.7341,48.7983,0.07453147774035292
2025-10-12 19:10:00+10:00,ER02,669.6757,49.7729,0.07432388542693127
2025-10-12 19:10:00+10:00,ER03,,,
2025-10-12 19:15:00+10:00,ER03,,,
2025-10-12 19:15:00+10:00,ER04,,,
2025-10-12 19:15:00+10:00,ER01,660.2274,49.0025,0.07422063973715723
2025-10-12 19:15:00+10:00,ER02,669.4072,49.7629,0.07433875823265719
2025-10-12 19:20:00+10:00,ER01,656.8826,48.8782,0.07440933889860989
2025-10-12 19:20:00+10:00,ER02,669.4316,49.7638,0.07433739309587417
2025-10-12 19:20:00+10:00,ER03,,,
2025-10-12 19:20:00+10:00,ER04,,,
2025-10-12 19:25:00+10:00,ER01,655.3933,48.8228,0.0744938954975585
2025-10-12 19:25:00+10:00,ER02,667.6982,49.6994,0.07443392838261358
2025-10-12 19:25:00+10:00,ER03,,,
2025-10-12 19:25:00+10:00,ER04,,,
2025-10-12 19:30:00+10:00,ER01,657.5173,48.9018,0.07437340431955175
2025-10-12 19:30:00+10:00,ER02,670.335,49.7974,0.07428733394496781
2025-10-12 19:30:00+10:00,ER03,,,
2025-10-12 19:30:00+10:00,ER04,,,
2025-10-12 19:35:00+10:00,ER04,,,
2025-10-12 19:35:00+10:00,ER03,,,
2025-10-12 19:35:00+10:00,ER02,669.4072,49.7629,0.07433875823265719
2025-10-12 19:35:00+10:00,ER01,656.6628,48.87,0.07442175801644314
2025-10-12 19:40:00+10:00,ER01,659.0555,48.9589,0.07428645994153754
2025-10-12 19:40:00+10:00,ER02,669.2363,49.7566,0.0743483280868058
2025-10-12 19:40:00+10:00,ER03,5.0,0.1858,0.03716
2025-10-12 19:40:00+10:00,ER04,,,
2025-10-12 19:45:00+10:00,ER01,656.4919,48.8637,0.07443153525580438
2025-10-12 19:45:00+10:00,ER02,668.9677,49.7466,0.07436323158801239
2025-10-12 19:45:00+10:00,ER03,5.9205,0.2201,0.037175914196436115
2025-10-12 19:45:00+10:00,ER04,,,
2025-10-12 19:50:00+10:00,ER04,,,
2025-10-12 19:50:00+10:00,ER01,658.4695,48.9372,0.07431961541119216
2025-10-12 19:50:00+10:00,ER02,669.4804,49.7657,0.07433481249040301
2025-10-12 19:50:00+10:00,ER03,11.194,0.416,0.03716276576737537
2025-10-12 19:55:00+10:00,ER03,14.6853,0.5458,0.03716641811879907
2025-10-12 19:55:00+10:00,ER04,,,
2025-10-12 19:55:00+10:00,ER01,654.7097,48.7974,0.07453288075615803
2025-10-12 19:55:00+10:00,ER02,669.0409,49.7492,0.07435898164073378
2025-10-12 20:00:00+10:00,ER01,658.9334,48.9544,0.07429339596384096
2025-10-12 20:00:00+10:00,ER02,669.749,49.7756,0.07431978248567746
2025-10-12 20:00:00+10:00,ER03,14.8806,0.553,0.03716248000752658
2025-10-12 20:00:00+10:00,ER04,,,
2025-10-12 20:05:00+10:00,ER01,654.905,48.8047,0.07452180087188218
2025-10-12 20:05:00+10:00,ER02,669.4316,49.7638,0.07433739309587417
2025-10-12 20:05:00+10:00,ER03,14.9294,0.5549,0.03716827200021434
2025-10-12 20:05:00+10:00,ER04,,,
2025-10-12 20:10:00+10:00,ER01,653.5378,48.7539,0.0745999695809485
2025-10-12 20:10:00+10:00,ER02,668.5039,49.7294,0.07438909481305943
2025-10-12 20:10:00+10:00,ER03,14.9538,0.5558,0.037167810188714574
2025-10-12 20:10:00+10:00,ER04,,,
2025-10-12 20:15:00+10:00,ER04,,,
2025-10-12 20:15:00+10:00,ER03,14.5144,0.5395,0.03716998291352036
2025-10-12 20:15:00+10:00,ER01,656.4187,48.8609,0.07443556985807992
2025-10-12 20:15:00+10:00,ER02,669.1142,49.752,0.07435502041355573
2025-10-12 20:20:00+10:00,ER01,654.8562,48.8028,0.07452445284934311
2025-10-12 20:20:00+10:00,ER02,669.6757,49.7729,0.07432388542693127
2025-10-12 20:20:00+10:00,ER03,14.9538,0.5558,0.037167810188714574
2025-10-12 20:20:00+10:00,ER04,,,
2025-10-12 20:25:00+10:00,ER01,654.4167,48.7865,0.07454959508215483
2025-10-12 20:25:00+10:00,ER02,669.5536,49.7683,0.07433056890441632
2025-10-12 20:25:00+10:00,ER03,18.0301,0.6702,0.0371711748686918
2025-10-12 20:25:00+10:00,ER04,,,
2025-10-12 20:30:00+10:00,ER01,659.7635,48.9853,0.07424675660293423
2025-10-12 20:30:00+10:00,ER02,668.8701,49.7429,0.07436855078437503
2025-10-12 20:30:00+10:00,ER03,22.4491,0.8344,0.03716852791425937
2025-10-12 20:30:00+10:00,ER04,,,
2025-10-12 20:35:00+10:00,ER04,,,
2025-10-12 20:35:00+10:00,ER03,28.0156,1.0412,0.03716500806693413
2025-10-12 20:35:00+10:00,ER02,667.0634,49.6757,0.07446923335922792
2025-10-12 20:35:00+10:00,ER01,643.1373,48.3673,0.07520524777524178
2025-10-12 20:40:00+10:00,ER01,649.8268,48.616,0.07481378114906925
2025-10-12 20:40:00+10:00,ER02,668.7724,49.7393,0.0743740321819501
2025-10-12 20:40:00+10:00,ER03,29.6269,1.1012,0.03716892418714074
2025-10-12 20:40:00+10:00,ER04,,,
2025-10-12 20:45:00+10:00,ER01,645.5787,48.4581,0.07506149134102473
2025-10-12 20:45:00+10:00,ER02,669.0409,49.7492,0.07435898164073378
2025-10-12 20:45:00+10:00,ER03,,,
2025-10-12 20:45:00+10:00,ER04,,,
2025-10-12 20:50:00+10:00,ER04,,,
2025-10-12 20:50:00+10:00,ER01,644.065,48.4018,0.07515048946923059
2025-10-12 20:50:00+10:00,ER02,667.4784,49.6912,0.0744461543624483
2025-10-12 20:50:00+10:00,ER03,,,
2025-10-12 20:55:00+10:00,ER04,,,
2025-10-12 20:55:00+10:00,ER03,,,
2025-10-12 20:55:00+10:00,ER02,668.3329,49.6794,0.07433331502908207
2025-10-12 20:55:00+10:00,ER01,646.067,48.0243,0.07433331217969652
2025-10-12 21:00:00+10:00,ER01,644.4556,47.9644,0.07442622889769288
2025-10-12 21:00:00+10:00,ER02,666.8193,49.6231,0.07441761208771253
2025-10-12 21:00:00+10:00,ER03,,,
2025-10-12 21:00:00+10:00,ER04,,,
2025-10-12 21:05:00+10:00,ER04,,,
2025-10-12 21:05:00+10:00,ER01,646.067,48.0243,0.07433331217969652
2025-10-12 21:05:00+10:00,ER02,667.6982,49.6559,0.07436877918796246
2025-10-12 21:05:00+10:00,ER03,,,
2025-10-12 21:10:00+10:00,ER03,,,
2025-10-12 21:10:00+10:00,ER04,,,
2025-10-12 21:10:00+10:00,ER01,648.899,48.1296,0.07417117301768072
2025-10-12 21:10:00+10:00,ER02,668.9677,49.703,0.07429805654293922
2025-10-12 21:15:00+10:00,ER03,,,
2025-10-12 21:15:00+10:00,ER04,,,
2025-10-12 21:15:00+10:00,ER01,648.2887,48.1069,0.07420598261237625
2025-10-12 21:15:00+10:00,ER02,669.6513,49.7284,0.07426014106147483
2025-10-12 21:20:00+10:00,ER01,643.5279,47.9299,0.07447990988424899
2025-10-12 21:20:00+10:00,ER02,667.4784,49.6476,0.07438083389664744
2025-10-12 21:20:00+10:00,ER03,,,
2025-10-12 21:20:00+10:00,ER04,,,
2025-10-12 21:25:00+10:00,ER01,647.9713,48.0951,0.07422412072880388
2025-10-12 21:25:00+10:00,ER02,669.6513,49.7284,0.07426014106147483
2025-10-12 21:25:00+10:00,ER03,,,
2025-10-12 21:25:00+10:00,ER04,,,
2025-10-12 21:30:00+10:00,ER01,644.6998,47.9735,0.0744121527569886
2025-10-12 21:30:00+10:00,ER02,668.7968,49.6966,0.07430747276302757
2025-10-12 21:30:00+10:00,ER03,,,
2025-10-12 21:30:00+10:00,ER04,,,
2025-10-12 21:35:00+10:00,ER04,,,
2025-10-12 21:35:00+10:00,ER03,,,
2025-10-12 21:35:00+10:00,ER01,646.7018,48.0479,0.07429683974901569
2025-10-12 21:35:00+10:00,ER02,669.4072,49.7194,0.07427377536423271
2025-10-12 21:40:00+10:00,ER01,645.2125,47.9925,0.074382470891373
2025-10-12 21:40:00+10:00,ER02,668.9677,49.703,0.07429805654293922
2025-10-12 21:40:00+10:00,ER03,,,
2025-10-12 21:40:00+10:00,ER04,,,
2025-10-12 21:45:00+10:00,ER01,645.774,48.0134,0.07435015965337718
2025-10-12 21:45:00+10:00,ER02,669.6025,49.7266,0.0742628649086585
2025-10-12 21:45:00+10:00,ER03,,,
2025-10-12 21:45:00+10:00,ER04,,,
2025-10-12 21:50:00+10:00,ER01,649.5338,48.1532,0.07413501806988335
2025-10-12 21:50:00+10:00,ER02,670.042,49.7429,0.0742384805728596
2025-10-12 21:50:00+10:00,ER03,,,
2025-10-12 21:50:00+10:00,ER04,,,
2025-10-12 21:55:00+10:00,ER04,,,
2025-10-12 21:55:00+10:00,ER03,,,
2025-10-12 21:55:00+10:00,ER02,669.4072,49.7194,0.07427377536423271
2025-10-12 21:55:00+10:00,ER01,644.5045,47.9662,0.07442337485618797
2025-10-12 22:00:00+10:00,ER01,649.4117,48.1486,0.07414187332935332
2025-10-12 22:00:00+10:00,ER02,669.5048,49.7229,0.0742681755231628
2025-10-12 22:00:00+10:00,ER03,,,
2025-10-12 22:00:00+10:00,ER04,,,
2025-10-12 22:05:00+10:00,ER01,647.6051,48.0815,0.07424509164612818
2025-10-12 22:05:00+10:00,ER02,670.4082,49.7566,0.074218364274184
2025-10-12 22:05:00+10:00,ER03,,,
2025-10-12 22:05:00+10:00,ER04,,,
2025-10-12 22:10:00+10:00,ER01,649.3629,48.1468,0.07414467318659566
2025-10-12 22:10:00+10:00,ER02,669.8222,49.7348,0.07425074893008922
2025-10-12 22:10:00+10:00,ER03,,,
2025-10-12 22:10:00+10:00,ER04,,,
2025-10-12 22:15:00+10:00,ER03,,,
2025-10-12 22:15:00+10:00,ER04,,,
2025-10-12 22:15:00+10:00,ER02,669.8466,49.7357,0.07424938784491852
2025-10-12 22:15:00+10:00,ER01,648.0201,48.0969,0.07422130887606727
2025-10-12 22:20:00+10:00,ER01,649.3873,48.1478,0.07414342719668217
2025-10-12 22:20:00+10:00,ER02,669.6513,49.7284,0.07426014106147483
2025-10-12 22:20:00+10:00,ER03,,,
2025-10-12 22:20:00+10:00,ER04,,,
2025-10-12 22:25:00+10:00,ER01,647.6539,48.0833,0.07424227662336319
2025-10-12 22:25:00+10:00,ER02,669.0654,49.7066,0.074292587839694
2025-10-12 22:25:00+10:00,ER03,,,
2025-10-12 22:25:00+10:00,ER04,,,
2025-10-12 22:30:00+10:00,ER01,648.0934,48.0996,0.07421708043933174
2025-10-12 22:30:00+10:00,ER02,669.749,49.732,0.07425468347097196
2025-10-12 22:30:00+10:00,ER03,,,
2025-10-12 22:30:00+10:00,ER04,,,
2025-10-12 22:35:00+10:00,ER04,,,
2025-10-12 22:35:00+10:00,ER03,,,
2025-10-12 22:35:00+10:00,ER01,648.484,48.1141,0.0741947372641422
2025-10-12 22:35:00+10:00,ER02,669.9687,49.7402,0.07424257282467077
2025-10-12 22:40:00+10:00,ER01,646.3112,48.0334,0.07431930624132771
2025-10-12 22:40:00+10:00,ER02,669.1386,49.7094,0.07428864513271242
2025-10-12 22:40:00+10:00,ER03,4.7532,0.1766,0.0371539173609358
2025-10-12 22:40:00+10:00,ER04,,,
2025-10-12 22:45:00+10:00,ER01,644.4556,47.9644,0.07442622889769288
2025-10-12 22:45:00+10:00,ER02,668.748,49.6948,0.07431020354453396
2025-10-12 22:45:00+10:00,ER03,9.6315,0.358,0.03716970357680527
2025-10-12 22:45:00+10:00,ER04,,,
2025-10-12 22:50:00+10:00,ER01,646.0426,48.0234,0.07433472653351343
2025-10-12 22:50:00+10:00,ER02,669.4316,49.7203,0.07427241259599936
2025-10-12 22:50:00+10:00,ER03,14.5144,0.5395,0.03716998291352036
2025-10-12 22:50:00+10:00,ER04,,,
2025-10-12 22:55:00+10:00,ER04,,,
2025-10-12 22:55:00+10:00,ER03,14.7585,0.5485,0.037165023545753295
2025-10-12 22:55:00+10:00,ER01,647.2145,48.0669,0.07426734104381158
2025-10-12 22:55:00+10:00,ER02,669.7001,49.7302,0.07425741761125615
2025-10-12 23:00:00+10:00,ER01,648.191,48.1032,0.07421145927666382
2025-10-12 23:00:00+10:00,ER02,669.7001,49.7302,0.07425741761125615
2025-10-12 23:00:00+10:00,ER03,14.0749,0.5232,0.037172555400038367
2025-10-12 23:05:00+10:00,ER01,644.9927,47.9844,0.07439526059752304
2025-10-12 23:05:00+10:00,ER02,668.1376,49.6722,0.07434426680971104
2025-10-12 23:05:00+10:00,ER03,15.613,0.5802,0.037161339909050156
2025-10-12 23:05:00+10:00,ER04,,,
2025-10-12 23:10:00+10:00,ER01,648.6793,48.1214,0.07418365284663778
2025-10-12 23:10:00+10:00,ER02,670.5791,49.7629,0.07420884426609776
2025-10-12 23:10:00+10:00,ER03,14.7097,0.5467,0.03716595171893376
2025-10-12 23:15:00+10:00,ER03,14.9538,0.5558,0.037167810188714574
2025-10-12 23:15:00+10:00,ER04,,,
2025-10-12 23:15:00+10:00,ER02,669.7001,49.7302,0.07425741761125615
2025-10-12 23:15:00+10:00,ER01,646.6041,48.0443,0.07430249823655619
2025-10-12 23:20:00+10:00,ER01,645.3101,47.9962,0.07437695458354053
2025-10-12 23:20:00+10:00,ER02,669.0165,49.7048,0.07429532754423845
2025-10-12 23:20:00+10:00,ER03,14.9538,0.5558,0.037167810188714574
2025-10-12 23:20:00+10:00,ER04,,,
2025-10-12 23:25:00+10:00,ER01,647.0436,48.0606,0.07427722026769139
2025-10-12 23:25:00+10:00,ER02,669.7001,49.7302,0.07425741761125615
2025-10-12 23:25:00+10:00,ER03,14.9538,0.5558,0.037167810188714574
2025-10-12 23:25:00+10:00,ER04,,,
2025-10-12 23:30:00+10:00,ER04,,,
2025-10-12 23:30:00+10:00,ER03,14.9294,0.5549,0.03716827200021434
2025-10-12 23:30:00+10:00,ER02,670.5791,49.7629,0.07420884426609776
2025-10-12 23:30:00+10:00,ER01,649.3629,48.1468,0.07414467318659566
2025-10-12 23:35:00+10:00,ER01,650.0222,48.1713,0.07410716126310764
2025-10-12 23:35:00+10:00,ER02,670.7744,49.7701,0.07419797177709823
2025-10-12 23:35:00+10:00,ER03,15.1247,0.5621,0.03716437350823488
2025-10-12 23:35:00+10:00,ER04,,,
2025-10-12 23:40:00+10:00,ER01,648.9479,48.1314,0.07416835773719277
2025-10-12 23:40:00+10:00,ER02,670.3838,49.7557,0.07421972308996727
2025-10-12 23:40:00+10:00,ER03,15.198,0.5648,0.03716278457691801
2025-10-12 23:40:00+10:00,ER04,,,
2025-10-12 23:45:00+10:00,ER03,14.9538,0.5558,0.037167810188714574
2025-10-12 23:45:00+10:00,ER04,,,
2025-10-12 23:45:00+10:00,ER01,642.1607,47.8792,0.07455953003664036
2025-10-12 23:45:00+10:00,ER02,669.2363,49.713,0.07428317919993281
2025-10-12 23:50:00+10:00,ER02,669.0654,49.7066,0.074292587839694
2025-10-12 23:50:00+10:00,ER03,14.7097,0.5467,0.03716595171893376
2025-10-12 23:50:00+10:00,ER01,649.5826,48.155,0.07413221967460336
2025-10-12 23:50:00+10:00,ER04,,,
